swift test --package-path native/SendmeterNative
warning: 'sendmeternative': found 61 file(s) which are unhandled; explicitly declare them as resources or exclude from the target
    /Users/jirathip/.herdr/worktrees/sendmeter/impl-1007/native/SendmeterNative/Sources/App/DesignSystem.swift
    /Users/jirathip/.herdr/worktrees/sendmeter/impl-1007/native/SendmeterNative/Sources/Features/Dashboard/AcwrStatusCard.swift
    /Users/jirathip/.herdr/worktrees/sendmeter/impl-1007/native/SendmeterNative/Sources/Features/Force/ForceConsistencyCard.swift
    /Users/jirathip/.herdr/worktrees/sendmeter/impl-1007/native/SendmeterNative/Sources/Features/Force/SideAsymmetryCard.swift
    /Users/jirathip/.herdr/worktrees/sendmeter/impl-1007/native/SendmeterNative/Sources/Platform/HealthKitService.swift
    /Users/jirathip/.herdr/worktrees/sendmeter/impl-1007/native/SendmeterNative/Sources/Features/Force/MovementDetailView.swift
    /Users/jirathip/.herdr/worktrees/sendmeter/impl-1007/native/SendmeterNative/Sources/Features/Force/StaticCapacityDetailView.swift
    /Users/jirathip/.herdr/worktrees/sendmeter/impl-1007/native/SendmeterNative/Sources/Features/Dashboard/RecoveryInputsSheet.swift
    /Users/jirathip/.herdr/worktrees/sendmeter/impl-1007/native/SendmeterNative/Sources/Features/Force/ForceTrendChart.swift
    /Users/jirathip/.herdr/worktrees/sendmeter/impl-1007/native/SendmeterNative/Sources/Features/Force/TrainingBalanceDetailView.swift
    /Users/jirathip/.herdr/worktrees/sendmeter/impl-1007/native/SendmeterNative/Sources/Features/Workout/RoutinePreviewSheet.swift
    /Users/jirathip/.herdr/worktrees/sendmeter/impl-1007/native/SendmeterNative/Sources/Platform/WatchConnectivityService.swift
    /Users/jirathip/.herdr/worktrees/sendmeter/impl-1007/native/SendmeterNative/Sources/App/ManualWorkoutActivityManager.swift
    /Users/jirathip/.herdr/worktrees/sendmeter/impl-1007/native/SendmeterNative/Sources/App/SheetPresentation.swift
    /Users/jirathip/.herdr/worktrees/sendmeter/impl-1007/native/SendmeterNative/Sources/Features/Settings/TagManagerView.swift
    /Users/jirathip/.herdr/worktrees/sendmeter/impl-1007/native/SendmeterNative/Sources/Features/Workout/WorkoutView.swift
    /Users/jirathip/.herdr/worktrees/sendmeter/impl-1007/native/SendmeterNative/Sources/Data/RealtimeService.swift
    /Users/jirathip/.herdr/worktrees/sendmeter/impl-1007/native/SendmeterNative/Sources/App/ManualWorkoutRestAlert.swift
    /Users/jirathip/.herdr/worktrees/sendmeter/impl-1007/native/SendmeterNative/Sources/App/BackgroundSyncService.swift
    /Users/jirathip/.herdr/worktrees/sendmeter/impl-1007/native/SendmeterNative/Sources/Features/Dashboard/TrainingLoad/ActivityMixBar.swift
    /Users/jirathip/.herdr/worktrees/sendmeter/impl-1007/native/SendmeterNative/Sources/Widgets/ReadinessWidget.swift
    /Users/jirathip/.herdr/worktrees/sendmeter/impl-1007/native/SendmeterNative/Sources/Features/Auth/LoginView.swift
    /Users/jirathip/.herdr/worktrees/sendmeter/impl-1007/native/SendmeterNative/Sources/Features/Force/ForceRecordingContextCard.swift
    /Users/jirathip/.herdr/worktrees/sendmeter/impl-1007/native/SendmeterNative/Sources/Features/Force/ZoneFocusCard.swift
    /Users/jirathip/.herdr/worktrees/sendmeter/impl-1007/native/SendmeterNative/Sources/Widgets/SendmeterNativeWidgetsBundle.swift
    /Users/jirathip/.herdr/worktrees/sendmeter/impl-1007/native/SendmeterNative/Sources/Features/Dashboard/SendConditionsDetailSheet.swift
    /Users/jirathip/.herdr/worktrees/sendmeter/impl-1007/native/SendmeterNative/Sources/Features/Force/ForceView.swift
    /Users/jirathip/.herdr/worktrees/sendmeter/impl-1007/native/SendmeterNative/Sources/Features/Force/NativeForceCurveCard.swift
    /Users/jirathip/.herdr/worktrees/sendmeter/impl-1007/native/SendmeterNative/Sources/Shared/ManualWorkoutActivityAttributes.swift
    /Users/jirathip/.herdr/worktrees/sendmeter/impl-1007/native/SendmeterNative/Sources/Widgets/ManualWorkoutLiveActivity.swift
    /Users/jirathip/.herdr/worktrees/sendmeter/impl-1007/native/SendmeterNative/Sources/App/AppThemeController.swift
    /Users/jirathip/.herdr/worktrees/sendmeter/impl-1007/native/SendmeterNative/Sources/Features/Dashboard/DashboardView.swift
    /Users/jirathip/.herdr/worktrees/sendmeter/impl-1007/native/SendmeterNative/Sources/Features/Dashboard/TrainingLoad/TrainingLoadSheet.swift
    /Users/jirathip/.herdr/worktrees/sendmeter/impl-1007/native/SendmeterNative/Sources/App/SendmeterNativeApp.swift
    /Users/jirathip/.herdr/worktrees/sendmeter/impl-1007/native/SendmeterNative/Sources/App/ReadinessWidgetBridge.swift
    /Users/jirathip/.herdr/worktrees/sendmeter/impl-1007/native/SendmeterNative/Sources/Features/Dashboard/ReadinessTrendCard.swift
    /Users/jirathip/.herdr/worktrees/sendmeter/impl-1007/native/SendmeterNative/Sources/Data/Repositories.swift
    /Users/jirathip/.herdr/worktrees/sendmeter/impl-1007/native/SendmeterNative/Sources/Features/History/WorkoutEffortChartView.swift
    /Users/jirathip/.herdr/worktrees/sendmeter/impl-1007/native/SendmeterNative/Sources/Features/Dashboard/TrainingLoad/ContributionHeatmapView.swift
    /Users/jirathip/.herdr/worktrees/sendmeter/impl-1007/native/SendmeterNative/Sources/App/Haptics.swift
    /Users/jirathip/.herdr/worktrees/sendmeter/impl-1007/native/SendmeterNative/Sources/App/AppModel.swift
    /Users/jirathip/.herdr/worktrees/sendmeter/impl-1007/native/SendmeterNative/Sources/Features/Phases/PhasesView.swift
    /Users/jirathip/.herdr/worktrees/sendmeter/impl-1007/native/SendmeterNative/Sources/Platform/TindeqBluetooth.swift
    /Users/jirathip/.herdr/worktrees/sendmeter/impl-1007/native/SendmeterNative/Sources/App/StructuralHaptics.swift
    /Users/jirathip/.herdr/worktrees/sendmeter/impl-1007/native/SendmeterNative/Sources/App/GuidedProtocolActivityManager.swift
    /Users/jirathip/.herdr/worktrees/sendmeter/impl-1007/native/SendmeterNative/Sources/Features/Workout/ManualWorkoutFullscreen.swift
    /Users/jirathip/.herdr/worktrees/sendmeter/impl-1007/native/SendmeterNative/Sources/Widgets/GuidedProtocolLiveActivity.swift
    /Users/jirathip/.herdr/worktrees/sendmeter/impl-1007/native/SendmeterNative/Sources/Features/Dashboard/AcwrProjectionCard.swift
    /Users/jirathip/.herdr/worktrees/sendmeter/impl-1007/native/SendmeterNative/Sources/Features/History/HistoryView.swift
    /Users/jirathip/.herdr/worktrees/sendmeter/impl-1007/native/SendmeterNative/Sources/Features/Settings/SettingsView.swift
    /Users/jirathip/.herdr/worktrees/sendmeter/impl-1007/native/SendmeterNative/Sources/Widgets/IntentStubs.swift
    /Users/jirathip/.herdr/worktrees/sendmeter/impl-1007/native/SendmeterNative/Sources/Features/History/SessionDetailView.swift
    /Users/jirathip/.herdr/worktrees/sendmeter/impl-1007/native/SendmeterNative/Sources/Features/Dashboard/TrainingLoad/TrainingLoadTooltip.swift
    /Users/jirathip/.herdr/worktrees/sendmeter/impl-1007/native/SendmeterNative/Sources/Features/Force/ForceProgressCard.swift
    /Users/jirathip/.herdr/worktrees/sendmeter/impl-1007/native/SendmeterNative/Sources/Features/History/WorkoutHrChartView.swift
    /Users/jirathip/.herdr/worktrees/sendmeter/impl-1007/native/SendmeterNative/Sources/Shared/GuidedProtocolActivityAttributes.swift
    /Users/jirathip/.herdr/worktrees/sendmeter/impl-1007/native/SendmeterNative/Sources/App/ForceModel.swift
    /Users/jirathip/.herdr/worktrees/sendmeter/impl-1007/native/SendmeterNative/Sources/App/LiveActivityIntents.swift
    /Users/jirathip/.herdr/worktrees/sendmeter/impl-1007/native/SendmeterNative/Sources/Data/SupabaseService.swift
    /Users/jirathip/.herdr/worktrees/sendmeter/impl-1007/native/SendmeterNative/Sources/Platform/WeatherService.swift
    /Users/jirathip/.herdr/worktrees/sendmeter/impl-1007/native/SendmeterNative/Sources/App/ManualWorkoutRestScheduler.swift
warning: 'sendmeternative': found 167 file(s) which are unhandled; explicitly declare them as resources or exclude from the target
    /Users/jirathip/.herdr/worktrees/sendmeter/impl-1007/native/SendmeterNative/Sources/Core/LocalCacheStore.swift
    /Users/jirathip/.herdr/worktrees/sendmeter/impl-1007/native/SendmeterNative/Sources/Core/LostRecordingNotice.swift
    /Users/jirathip/.herdr/worktrees/sendmeter/impl-1007/native/SendmeterNative/Sources/Core/PurgeGenerationFailurePolicy.swift
    /Users/jirathip/.herdr/worktrees/sendmeter/impl-1007/native/SendmeterNative/Sources/Features/Dashboard/TrainingLoad/TrainingLoadSheet.swift
    /Users/jirathip/.herdr/worktrees/sendmeter/impl-1007/native/SendmeterNative/Sources/Features/Force/ForceConsistencyCard.swift
    /Users/jirathip/.herdr/worktrees/sendmeter/impl-1007/native/SendmeterNative/Sources/Core/AuthRecovery.swift
    /Users/jirathip/.herdr/worktrees/sendmeter/impl-1007/native/SendmeterNative/Sources/Platform/WatchConnectivityService.swift
    /Users/jirathip/.herdr/worktrees/sendmeter/impl-1007/native/SendmeterNative/Sources/Core/Models.swift
    /Users/jirathip/.herdr/worktrees/sendmeter/impl-1007/native/SendmeterNative/Sources/App/AppModel.swift
    /Users/jirathip/.herdr/worktrees/sendmeter/impl-1007/native/SendmeterNative/Sources/Core/HealthRefreshPolicy.swift
    /Users/jirathip/.herdr/worktrees/sendmeter/impl-1007/native/SendmeterNative/Sources/Features/Phases/PhasesView.swift
    /Users/jirathip/.herdr/worktrees/sendmeter/impl-1007/native/SendmeterNative/Sources/Core/AppTheme.swift
    /Users/jirathip/.herdr/worktrees/sendmeter/impl-1007/native/SendmeterNative/Sources/Core/CachedWorkspace.swift
    /Users/jirathip/.herdr/worktrees/sendmeter/impl-1007/native/SendmeterNative/Sources/Features/Force/TrainingBalanceDetailView.swift
    /Users/jirathip/.herdr/worktrees/sendmeter/impl-1007/native/SendmeterNative/Sources/Features/History/WorkoutHrChartView.swift
    /Users/jirathip/.herdr/worktrees/sendmeter/impl-1007/native/SendmeterNative/Sources/Features/Workout/RoutinePreviewSheet.swift
    /Users/jirathip/.herdr/worktrees/sendmeter/impl-1007/native/SendmeterNative/Sources/Features/Force/SideAsymmetryCard.swift
    /Users/jirathip/.herdr/worktrees/sendmeter/impl-1007/native/SendmeterNative/Sources/Core/ForceMotionPolicy.swift
    /Users/jirathip/.herdr/worktrees/sendmeter/impl-1007/native/SendmeterNative/Sources/Core/HandsFreeForceController.swift
    /Users/jirathip/.herdr/worktrees/sendmeter/impl-1007/native/SendmeterNative/Sources/Core/RoutineGate.swift
    /Users/jirathip/.herdr/worktrees/sendmeter/impl-1007/native/SendmeterNative/Sources/Features/Force/ForceView.swift
    /Users/jirathip/.herdr/worktrees/sendmeter/impl-1007/native/SendmeterNative/Sources/App/DesignSystem.swift
    /Users/jirathip/.herdr/worktrees/sendmeter/impl-1007/native/SendmeterNative/Sources/Core/ForceCurvePlotGeometry.swift
    /Users/jirathip/.herdr/worktrees/sendmeter/impl-1007/native/SendmeterNative/Sources/Features/Force/ForceTrendChart.swift
    /Users/jirathip/.herdr/worktrees/sendmeter/impl-1007/native/SendmeterNative/Sources/Core/PendingRecordingOverlay.swift
    /Users/jirathip/.herdr/worktrees/sendmeter/impl-1007/native/SendmeterNative/Sources/Core/ForceCurveEngine.swift
    /Users/jirathip/.herdr/worktrees/sendmeter/impl-1007/native/SendmeterNative/Sources/Core/ForceDisconnectSalvage.swift
    /Users/jirathip/.herdr/worktrees/sendmeter/impl-1007/native/SendmeterNative/Sources/Core/WatchMetadata.swift
    /Users/jirathip/.herdr/worktrees/sendmeter/impl-1007/native/SendmeterNative/Sources/Core/DashboardCardLayout.swift
    /Users/jirathip/.herdr/worktrees/sendmeter/impl-1007/native/SendmeterNative/Sources/Core/TagCatalog.swift
    /Users/jirathip/.herdr/worktrees/sendmeter/impl-1007/native/SendmeterNative/Sources/Core/ChartAxisLabelRule.swift
    /Users/jirathip/.herdr/worktrees/sendmeter/impl-1007/native/SendmeterNative/Sources/Core/ManualWorkoutRest.swift
    /Users/jirathip/.herdr/worktrees/sendmeter/impl-1007/native/SendmeterNative/Sources/Features/Dashboard/TrainingLoad/ActivityMixBar.swift
    /Users/jirathip/.herdr/worktrees/sendmeter/impl-1007/native/SendmeterNative/Sources/Core/LiveWorkoutMirror.swift
    /Users/jirathip/.herdr/worktrees/sendmeter/impl-1007/native/SendmeterNative/Sources/Core/PurgeGenerationResponse.swift
    /Users/jirathip/.herdr/worktrees/sendmeter/impl-1007/native/SendmeterNative/Sources/Core/CacheSnapshotRead.swift
    /Users/jirathip/.herdr/worktrees/sendmeter/impl-1007/native/SendmeterNative/Sources/App/ChartTheme.swift
    /Users/jirathip/.herdr/worktrees/sendmeter/impl-1007/native/SendmeterNative/Sources/Core/ForceEngine.swift
    /Users/jirathip/.herdr/worktrees/sendmeter/impl-1007/native/SendmeterNative/Sources/Core/BackgroundSyncEngine.swift
    /Users/jirathip/.herdr/worktrees/sendmeter/impl-1007/native/SendmeterNative/Sources/Core/ForceTraceAccessibility.swift
    /Users/jirathip/.herdr/worktrees/sendmeter/impl-1007/native/SendmeterNative/Sources/Data/SupabaseService.swift
    /Users/jirathip/.herdr/worktrees/sendmeter/impl-1007/native/SendmeterNative/Sources/Core/OfflineQueue.swift
    /Users/jirathip/.herdr/worktrees/sendmeter/impl-1007/native/SendmeterNative/Sources/Platform/HealthKitService.swift
    /Users/jirathip/.herdr/worktrees/sendmeter/impl-1007/native/SendmeterNative/Sources/Core/QueueUploadCoordination.swift
    /Users/jirathip/.herdr/worktrees/sendmeter/impl-1007/native/SendmeterNative/Sources/Core/PendingSessionWritePolicy.swift
    /Users/jirathip/.herdr/worktrees/sendmeter/impl-1007/native/SendmeterNative/Sources/Features/Force/StaticCapacityDetailView.swift
    /Users/jirathip/.herdr/worktrees/sendmeter/impl-1007/native/SendmeterNative/Sources/Core/HistoryFilters.swift
    /Users/jirathip/.herdr/worktrees/sendmeter/impl-1007/native/SendmeterNative/Sources/App/GuidedProtocolActivityManager.swift
    /Users/jirathip/.herdr/worktrees/sendmeter/impl-1007/native/SendmeterNative/Sources/Core/Haptics.swift
    /Users/jirathip/.herdr/worktrees/sendmeter/impl-1007/native/SendmeterNative/Sources/Core/ForceRecordingContextPolicy.swift
    /Users/jirathip/.herdr/worktrees/sendmeter/impl-1007/native/SendmeterNative/Sources/Core/ErrorSurfacePolicy.swift
    /Users/jirathip/.herdr/worktrees/sendmeter/impl-1007/native/SendmeterNative/Sources/App/ManualWorkoutRestScheduler.swift
    /Users/jirathip/.herdr/worktrees/sendmeter/impl-1007/native/SendmeterNative/Sources/Core/AsyncDeadline.swift
    /Users/jirathip/.herdr/worktrees/sendmeter/impl-1007/native/SendmeterNative/Sources/Features/Force/ForceProgressCard.swift
    /Users/jirathip/.herdr/worktrees/sendmeter/impl-1007/native/SendmeterNative/Sources/Features/Settings/TagManagerView.swift
    /Users/jirathip/.herdr/worktrees/sendmeter/impl-1007/native/SendmeterNative/Sources/App/ManualWorkoutRestAlert.swift
    /Users/jirathip/.herdr/worktrees/sendmeter/impl-1007/native/SendmeterNative/Sources/Core/StructuralHapticDiagnostics.swift
    /Users/jirathip/.herdr/worktrees/sendmeter/impl-1007/native/SendmeterNative/Sources/Widgets/IntentStubs.swift
    /Users/jirathip/.herdr/worktrees/sendmeter/impl-1007/native/SendmeterNative/Sources/Core/DateSupport.swift
    /Users/jirathip/.herdr/worktrees/sendmeter/impl-1007/native/SendmeterNative/Sources/App/SheetPresentation.swift
    /Users/jirathip/.herdr/worktrees/sendmeter/impl-1007/native/SendmeterNative/Sources/Core/ZoneMix.swift
    /Users/jirathip/.herdr/worktrees/sendmeter/impl-1007/native/SendmeterNative/Sources/Core/ManualWorkoutActivityContent.swift
    /Users/jirathip/.herdr/worktrees/sendmeter/impl-1007/native/SendmeterNative/Sources/App/LiveActivityIntents.swift
    /Users/jirathip/.herdr/worktrees/sendmeter/impl-1007/native/SendmeterNative/Sources/Core/ExerciseSideMode.swift
    /Users/jirathip/.herdr/worktrees/sendmeter/impl-1007/native/SendmeterNative/Sources/Core/FriendlyError.swift
    /Users/jirathip/.herdr/worktrees/sendmeter/impl-1007/native/SendmeterNative/Sources/Core/HistoryTimeline.swift
    /Users/jirathip/.herdr/worktrees/sendmeter/impl-1007/native/SendmeterNative/Sources/Core/MassFormatting.swift
    /Users/jirathip/.herdr/worktrees/sendmeter/impl-1007/native/SendmeterNative/Sources/Core/MutationSyncStatus.swift
    /Users/jirathip/.herdr/worktrees/sendmeter/impl-1007/native/SendmeterNative/Sources/Core/ForceLaunchRecovery.swift
    /Users/jirathip/.herdr/worktrees/sendmeter/impl-1007/native/SendmeterNative/Sources/Core/SessionFreshness.swift
    /Users/jirathip/.herdr/worktrees/sendmeter/impl-1007/native/SendmeterNative/Sources/Features/Dashboard/AcwrProjectionCard.swift
    /Users/jirathip/.herdr/worktrees/sendmeter/impl-1007/native/SendmeterNative/Sources/Core/RoutineUndo.swift
    /Users/jirathip/.herdr/worktrees/sendmeter/impl-1007/native/SendmeterNative/Sources/App/AppThemeController.swift
    /Users/jirathip/.herdr/worktrees/sendmeter/impl-1007/native/SendmeterNative/Sources/Core/TagChipList.swift
    /Users/jirathip/.herdr/worktrees/sendmeter/impl-1007/native/SendmeterNative/Sources/Core/AccountScopedFetch.swift
    /Users/jirathip/.herdr/worktrees/sendmeter/impl-1007/native/SendmeterNative/Sources/Features/Dashboard/TrainingLoad/TrainingLoadTooltip.swift
    /Users/jirathip/.herdr/worktrees/sendmeter/impl-1007/native/SendmeterNative/Sources/Core/SplashPresentationFloor.swift
    /Users/jirathip/.herdr/worktrees/sendmeter/impl-1007/native/SendmeterNative/Sources/Features/Force/NativeForceCurveCard.swift
    /Users/jirathip/.herdr/worktrees/sendmeter/impl-1007/native/SendmeterNative/Sources/Core/TindeqConsistency.swift
    /Users/jirathip/.herdr/worktrees/sendmeter/impl-1007/native/SendmeterNative/Sources/Features/Force/ForceRecordingContextCard.swift
    /Users/jirathip/.herdr/worktrees/sendmeter/impl-1007/native/SendmeterNative/Sources/Core/RoutineRunnerPresentation.swift
    /Users/jirathip/.herdr/worktrees/sendmeter/impl-1007/native/SendmeterNative/Sources/Core/WorkoutStats.swift
    /Users/jirathip/.herdr/worktrees/sendmeter/impl-1007/native/SendmeterNative/Sources/Core/SplashDynoTimeline.swift
    /Users/jirathip/.herdr/worktrees/sendmeter/impl-1007/native/SendmeterNative/Sources/Shared/GuidedProtocolActivityAttributes.swift
    /Users/jirathip/.herdr/worktrees/sendmeter/impl-1007/native/SendmeterNative/Sources/Widgets/SendmeterNativeWidgetsBundle.swift
    /Users/jirathip/.herdr/worktrees/sendmeter/impl-1007/native/SendmeterNative/Sources/Core/ForegroundRefreshPolicy.swift
    /Users/jirathip/.herdr/worktrees/sendmeter/impl-1007/native/SendmeterNative/Sources/Core/RefreshSlicePlan.swift
    /Users/jirathip/.herdr/worktrees/sendmeter/impl-1007/native/SendmeterNative/Sources/Core/RoutineRunnerContrast.swift
    /Users/jirathip/.herdr/worktrees/sendmeter/impl-1007/native/SendmeterNative/Sources/Core/TrainingLoadInteraction.swift
    /Users/jirathip/.herdr/worktrees/sendmeter/impl-1007/native/SendmeterNative/Sources/Features/Dashboard/ReadinessTrendCard.swift
    /Users/jirathip/.herdr/worktrees/sendmeter/impl-1007/native/SendmeterNative/Sources/Core/AppUnits.swift
    /Users/jirathip/.herdr/worktrees/sendmeter/impl-1007/native/SendmeterNative/Sources/Features/History/HistoryView.swift
    /Users/jirathip/.herdr/worktrees/sendmeter/impl-1007/native/SendmeterNative/Sources/Core/HistorySelection.swift
    /Users/jirathip/.herdr/worktrees/sendmeter/impl-1007/native/SendmeterNative/Sources/Core/SendConditions.swift
    /Users/jirathip/.herdr/worktrees/sendmeter/impl-1007/native/SendmeterNative/Sources/Features/Workout/ManualWorkoutFullscreen.swift
    /Users/jirathip/.herdr/worktrees/sendmeter/impl-1007/native/SendmeterNative/Sources/Core/GaugeSessionRPE.swift
    /Users/jirathip/.herdr/worktrees/sendmeter/impl-1007/native/SendmeterNative/Sources/App/Haptics.swift
    /Users/jirathip/.herdr/worktrees/sendmeter/impl-1007/native/SendmeterNative/Sources/Core/DirectWriteReplay.swift
    /Users/jirathip/.herdr/worktrees/sendmeter/impl-1007/native/SendmeterNative/Sources/Core/ManualWorkoutLifecycleCoordinator.swift
    /Users/jirathip/.herdr/worktrees/sendmeter/impl-1007/native/SendmeterNative/Sources/Core/TagCurveCachePolicy.swift
    /Users/jirathip/.herdr/worktrees/sendmeter/impl-1007/native/SendmeterNative/Sources/Features/History/SessionDetailView.swift
    /Users/jirathip/.herdr/worktrees/sendmeter/impl-1007/native/SendmeterNative/Sources/App/BackgroundSyncService.swift
    /Users/jirathip/.herdr/worktrees/sendmeter/impl-1007/native/SendmeterNative/Sources/Core/HistoryDerivedData.swift
    /Users/jirathip/.herdr/worktrees/sendmeter/impl-1007/native/SendmeterNative/Sources/Core/TrainingBlockGuidance.swift
    /Users/jirathip/.herdr/worktrees/sendmeter/impl-1007/native/SendmeterNative/Sources/Core/GaugeSessionSaveGate.swift
    /Users/jirathip/.herdr/worktrees/sendmeter/impl-1007/native/SendmeterNative/Sources/Core/WorkoutEngine.swift
    /Users/jirathip/.herdr/worktrees/sendmeter/impl-1007/native/SendmeterNative/Sources/Features/Dashboard/DashboardView.swift
    /Users/jirathip/.herdr/worktrees/sendmeter/impl-1007/native/SendmeterNative/Sources/Core/ChartContrast.swift
    /Users/jirathip/.herdr/worktrees/sendmeter/impl-1007/native/SendmeterNative/Sources/Core/ReadinessSyncPolicy.swift
    /Users/jirathip/.herdr/worktrees/sendmeter/impl-1007/native/SendmeterNative/Sources/Core/RoutineAudio.swift
    /Users/jirathip/.herdr/worktrees/sendmeter/impl-1007/native/SendmeterNative/Sources/Shared/ManualWorkoutActivityAttributes.swift
    /Users/jirathip/.herdr/worktrees/sendmeter/impl-1007/native/SendmeterNative/Sources/Widgets/GuidedProtocolLiveActivity.swift
    /Users/jirathip/.herdr/worktrees/sendmeter/impl-1007/native/SendmeterNative/Sources/Core/WorkoutRawTrace.swift
    /Users/jirathip/.herdr/worktrees/sendmeter/impl-1007/native/SendmeterNative/Sources/Data/Repositories.swift
    /Users/jirathip/.herdr/worktrees/sendmeter/impl-1007/native/SendmeterNative/Sources/Core/ForceCurveTooltipPlacement.swift
    /Users/jirathip/.herdr/worktrees/sendmeter/impl-1007/native/SendmeterNative/Sources/Core/HealthBackgroundSync.swift
    /Users/jirathip/.herdr/worktrees/sendmeter/impl-1007/native/SendmeterNative/Sources/Core/GuidedActivityContent.swift
    /Users/jirathip/.herdr/worktrees/sendmeter/impl-1007/native/SendmeterNative/Sources/Features/Force/ZoneFocusCard.swift
    /Users/jirathip/.herdr/worktrees/sendmeter/impl-1007/native/SendmeterNative/Sources/Features/Workout/WorkoutView.swift
    /Users/jirathip/.herdr/worktrees/sendmeter/impl-1007/native/SendmeterNative/Sources/Core/TindeqSessionMerge.swift
    /Users/jirathip/.herdr/worktrees/sendmeter/impl-1007/native/SendmeterNative/Sources/Features/History/WorkoutEffortChartView.swift
    /Users/jirathip/.herdr/worktrees/sendmeter/impl-1007/native/SendmeterNative/Sources/Core/MutationRecoveryCoordinator.swift
    /Users/jirathip/.herdr/worktrees/sendmeter/impl-1007/native/SendmeterNative/Sources/Features/Auth/LoginView.swift
    /Users/jirathip/.herdr/worktrees/sendmeter/impl-1007/native/SendmeterNative/Sources/Core/ForceProtocolSelection.swift
    /Users/jirathip/.herdr/worktrees/sendmeter/impl-1007/native/SendmeterNative/Sources/Core/KeepAwake.swift
    /Users/jirathip/.herdr/worktrees/sendmeter/impl-1007/native/SendmeterNative/Sources/Features/Force/MovementDetailView.swift
    /Users/jirathip/.herdr/worktrees/sendmeter/impl-1007/native/SendmeterNative/Sources/Features/Dashboard/RecoveryInputsSheet.swift
    /Users/jirathip/.herdr/worktrees/sendmeter/impl-1007/native/SendmeterNative/Sources/Features/Dashboard/TrainingLoad/ContributionHeatmapView.swift
    /Users/jirathip/.herdr/worktrees/sendmeter/impl-1007/native/SendmeterNative/Sources/Platform/TindeqBluetooth.swift
    /Users/jirathip/.herdr/worktrees/sendmeter/impl-1007/native/SendmeterNative/Sources/Widgets/ReadinessWidget.swift
    /Users/jirathip/.herdr/worktrees/sendmeter/impl-1007/native/SendmeterNative/Sources/Features/Settings/SettingsView.swift
    /Users/jirathip/.herdr/worktrees/sendmeter/impl-1007/native/SendmeterNative/Sources/Core/RecoveryInputs.swift
    /Users/jirathip/.herdr/worktrees/sendmeter/impl-1007/native/SendmeterNative/Sources/App/ManualWorkoutActivityManager.swift
    /Users/jirathip/.herdr/worktrees/sendmeter/impl-1007/native/SendmeterNative/Sources/Core/DeleteAccountConfirmationGate.swift
    /Users/jirathip/.herdr/worktrees/sendmeter/impl-1007/native/SendmeterNative/Sources/App/SendmeterNativeApp.swift
    /Users/jirathip/.herdr/worktrees/sendmeter/impl-1007/native/SendmeterNative/Sources/App/ReadinessWidgetBridge.swift
    /Users/jirathip/.herdr/worktrees/sendmeter/impl-1007/native/SendmeterNative/Sources/App/StructuralHaptics.swift
    /Users/jirathip/.herdr/worktrees/sendmeter/impl-1007/native/SendmeterNative/Sources/Core/GuidedForceFullscreenPresentation.swift
    /Users/jirathip/.herdr/worktrees/sendmeter/impl-1007/native/SendmeterNative/Sources/Core/BoxPlot.swift
    /Users/jirathip/.herdr/worktrees/sendmeter/impl-1007/native/SendmeterNative/Sources/Core/SignOutQueuePolicy.swift
    /Users/jirathip/.herdr/worktrees/sendmeter/impl-1007/native/SendmeterNative/Sources/Core/RealtimeListReconciler.swift
    /Users/jirathip/.herdr/worktrees/sendmeter/impl-1007/native/SendmeterNative/Sources/Features/Dashboard/AcwrStatusCard.swift
    /Users/jirathip/.herdr/worktrees/sendmeter/impl-1007/native/SendmeterNative/Sources/Core/AppleAuthNonce.swift
    /Users/jirathip/.herdr/worktrees/sendmeter/impl-1007/native/SendmeterNative/Sources/Core/Metrics.swift
    /Users/jirathip/.herdr/worktrees/sendmeter/impl-1007/native/SendmeterNative/Sources/Core/AuthDiagnostics.swift
    /Users/jirathip/.herdr/worktrees/sendmeter/impl-1007/native/SendmeterNative/Sources/Core/SheetPresentation.swift
    /Users/jirathip/.herdr/worktrees/sendmeter/impl-1007/native/SendmeterNative/Sources/App/ForceModel.swift
    /Users/jirathip/.herdr/worktrees/sendmeter/impl-1007/native/SendmeterNative/Sources/Core/TrainingLoad.swift
    /Users/jirathip/.herdr/worktrees/sendmeter/impl-1007/native/SendmeterNative/Sources/Core/SendConditionsDetails.swift
    /Users/jirathip/.herdr/worktrees/sendmeter/impl-1007/native/SendmeterNative/Sources/Core/PhaseManager.swift
    /Users/jirathip/.herdr/worktrees/sendmeter/impl-1007/native/SendmeterNative/Sources/Core/AcwrStatusCard.swift
    /Users/jirathip/.herdr/worktrees/sendmeter/impl-1007/native/SendmeterNative/Sources/Core/WorkspaceSyncCoordinator.swift
    /Users/jirathip/.herdr/worktrees/sendmeter/impl-1007/native/SendmeterNative/Sources/Data/RealtimeService.swift
    /Users/jirathip/.herdr/worktrees/sendmeter/impl-1007/native/SendmeterNative/Sources/Core/RecordingEditCoordinator.swift
    /Users/jirathip/.herdr/worktrees/sendmeter/impl-1007/native/SendmeterNative/Sources/Core/GuidedActivityMirror.swift
    /Users/jirathip/.herdr/worktrees/sendmeter/impl-1007/native/SendmeterNative/Sources/Core/CachePreparation.swift
    /Users/jirathip/.herdr/worktrees/sendmeter/impl-1007/native/SendmeterNative/Sources/Core/ForceProgress.swift
    /Users/jirathip/.herdr/worktrees/sendmeter/impl-1007/native/SendmeterNative/Sources/Core/GaugeSessionTracker.swift
    /Users/jirathip/.herdr/worktrees/sendmeter/impl-1007/native/SendmeterNative/Sources/Core/HealthMetricReconciliation.swift
    /Users/jirathip/.herdr/worktrees/sendmeter/impl-1007/native/SendmeterNative/Sources/Widgets/ManualWorkoutLiveActivity.swift
    /Users/jirathip/.herdr/worktrees/sendmeter/impl-1007/native/SendmeterNative/Sources/Core/ForceSaveOutcome.swift
    /Users/jirathip/.herdr/worktrees/sendmeter/impl-1007/native/SendmeterNative/Sources/Features/Dashboard/SendConditionsDetailSheet.swift
    /Users/jirathip/.herdr/worktrees/sendmeter/impl-1007/native/SendmeterNative/Sources/Core/ForceCurveSelection.swift
    /Users/jirathip/.herdr/worktrees/sendmeter/impl-1007/native/SendmeterNative/Sources/Core/DeltaCursor.swift
    /Users/jirathip/.herdr/worktrees/sendmeter/impl-1007/native/SendmeterNative/Sources/Core/WatchCompletion.swift
    /Users/jirathip/.herdr/worktrees/sendmeter/impl-1007/native/SendmeterNative/Sources/Core/AcwrProjection.swift
    /Users/jirathip/.herdr/worktrees/sendmeter/impl-1007/native/SendmeterNative/Sources/Core/LocalCacheRepair.swift
[0/1] Planning build
Building for debugging...
[0/2] Write swift-version--58304C5D6DBC2206.txt
Build complete! (1.37s)
Test Suite 'All tests' started at 2569-10-04 11:51:43.481 AM.
Test Suite 'SendmeterNativePackageTests.xctest' started at 2569-10-04 11:51:43.482 AM.
Test Suite 'AccountScopedFetchTests' started at 2569-10-04 11:51:43.482 AM.
Test Case '-[SendmeterCoreTests.AccountScopedFetchTests testAccountACompletionIsRejectedAfterABASwitch]' started.
Test Case '-[SendmeterCoreTests.AccountScopedFetchTests testAccountACompletionIsRejectedAfterABASwitch]' passed (0.001 seconds).
Test Case '-[SendmeterCoreTests.AccountScopedFetchTests testCompletionForTheCapturedAccountCanPublish]' started.
Test Case '-[SendmeterCoreTests.AccountScopedFetchTests testCompletionForTheCapturedAccountCanPublish]' passed (0.000 seconds).
Test Case '-[SendmeterCoreTests.AccountScopedFetchTests testOneCapturedQueueScopePublishesCountAndErrorForItsOwner]' started.
Test Case '-[SendmeterCoreTests.AccountScopedFetchTests testOneCapturedQueueScopePublishesCountAndErrorForItsOwner]' passed (0.000 seconds).
Test Case '-[SendmeterCoreTests.AccountScopedFetchTests testOneCapturedQueueScopeRejectsStaleCountAndErrorPublication]' started.
Test Case '-[SendmeterCoreTests.AccountScopedFetchTests testOneCapturedQueueScopeRejectsStaleCountAndErrorPublication]' passed (0.000 seconds).
Test Case '-[SendmeterCoreTests.AccountScopedFetchTests testOnlyTheActiveCompletionOwnerCanFinishTheRefresh]' started.
Test Case '-[SendmeterCoreTests.AccountScopedFetchTests testOnlyTheActiveCompletionOwnerCanFinishTheRefresh]' passed (0.000 seconds).
Test Case '-[SendmeterCoreTests.AccountScopedFetchTests testRecordingCompletionForTheCurrentAccountCanReplaceRows]' started.
Test Case '-[SendmeterCoreTests.AccountScopedFetchTests testRecordingCompletionForTheCurrentAccountCanReplaceRows]' passed (0.000 seconds).
Test Case '-[SendmeterCoreTests.AccountScopedFetchTests testStaleRecordingCompletionCannotReplaceTheCurrentRows]' started.
Test Case '-[SendmeterCoreTests.AccountScopedFetchTests testStaleRecordingCompletionCannotReplaceTheCurrentRows]' passed (0.000 seconds).
Test Case '-[SendmeterCoreTests.AccountScopedFetchTests testSuspendedAccountACompletionCannotPublishIntoAccountB]' started.
Test Case '-[SendmeterCoreTests.AccountScopedFetchTests testSuspendedAccountACompletionCannotPublishIntoAccountB]' passed (0.000 seconds).
Test Suite 'AccountScopedFetchTests' passed at 2569-10-04 11:51:43.486 AM.
	 Executed 8 tests, with 0 failures (0 unexpected) in 0.003 (0.004) seconds
Test Suite 'AcwrProjectionTests' started at 2569-10-04 11:51:43.486 AM.
Test Case '-[SendmeterCoreTests.AcwrProjectionTests testAlreadyAboveReportsWhenDecayBringsItBackInThenOut]' started.
Test Case '-[SendmeterCoreTests.AcwrProjectionTests testAlreadyAboveReportsWhenDecayBringsItBackInThenOut]' passed (0.001 seconds).
Test Case '-[SendmeterCoreTests.AcwrProjectionTests testAlreadyBelowTheBandFallsBelowOnDayOne]' started.
Test Case '-[SendmeterCoreTests.AcwrProjectionTests testAlreadyBelowTheBandFallsBelowOnDayOne]' passed (0.000 seconds).
Test Case '-[SendmeterCoreTests.AcwrProjectionTests testDaySevenCrossingKeepsWeekdayAndHorizonOnSeparateLines]' started.
Test Case '-[SendmeterCoreTests.AcwrProjectionTests testDaySevenCrossingKeepsWeekdayAndHorizonOnSeparateLines]' passed (0.000 seconds).
Test Case '-[SendmeterCoreTests.AcwrProjectionTests testDayZeroIsTheRatioTheACWRCardShows]' started.
Test Case '-[SendmeterCoreTests.AcwrProjectionTests testDayZeroIsTheRatioTheACWRCardShows]' passed (0.004 seconds).
Test Case '-[SendmeterCoreTests.AcwrProjectionTests testDecayConstantsMatchProductContract]' started.
Test Case '-[SendmeterCoreTests.AcwrProjectionTests testDecayConstantsMatchProductContract]' passed (0.000 seconds).
Test Case '-[SendmeterCoreTests.AcwrProjectionTests testHorizonZeroReturnsJustToday]' started.
Test Case '-[SendmeterCoreTests.AcwrProjectionTests testHorizonZeroReturnsJustToday]' passed (0.000 seconds).
Test Case '-[SendmeterCoreTests.AcwrProjectionTests testKeepInBandIsNilWhenTheCurveNeverLeavesTheBand]' started.
Test Case '-[SendmeterCoreTests.AcwrProjectionTests testKeepInBandIsNilWhenTheCurveNeverLeavesTheBand]' passed (0.000 seconds).
Test Case '-[SendmeterCoreTests.AcwrProjectionTests testKeepInBandPricesALaterDayOffTheRestedUntilThenState]' started.
Test Case '-[SendmeterCoreTests.AcwrProjectionTests testKeepInBandPricesALaterDayOffTheRestedUntilThenState]' passed (0.000 seconds).
Test Case '-[SendmeterCoreTests.AcwrProjectionTests testKeepInBandPricesTheFloorAsASessionOnTheDropOutDay]' started.
Test Case '-[SendmeterCoreTests.AcwrProjectionTests testKeepInBandPricesTheFloorAsASessionOnTheDropOutDay]' passed (0.000 seconds).
Test Case '-[SendmeterCoreTests.AcwrProjectionTests testLoadForRatioIsNegativeWhenARestDayAlreadyOvershoots]' started.
Test Case '-[SendmeterCoreTests.AcwrProjectionTests testLoadForRatioIsNegativeWhenARestDayAlreadyOvershoots]' passed (0.000 seconds).
Test Case '-[SendmeterCoreTests.AcwrProjectionTests testLoadForRatioIsNilWhereNoLoadCanReachTheTargetOrChronicIsZero]' started.
Test Case '-[SendmeterCoreTests.AcwrProjectionTests testLoadForRatioIsNilWhereNoLoadCanReachTheTargetOrChronicIsZero]' passed (0.000 seconds).
Test Case '-[SendmeterCoreTests.AcwrProjectionTests testLoadForRatioRoundTripsOntoTheRequestedRatio]' started.
Test Case '-[SendmeterCoreTests.AcwrProjectionTests testLoadForRatioRoundTripsOntoTheRequestedRatio]' passed (0.000 seconds).
Test Case '-[SendmeterCoreTests.AcwrProjectionTests testNeverCrossesInsideTheHorizonYieldsNil]' started.
Test Case '-[SendmeterCoreTests.AcwrProjectionTests testNeverCrossesInsideTheHorizonYieldsNil]' passed (0.000 seconds).
Test Case '-[SendmeterCoreTests.AcwrProjectionTests testNowLabelDoesNotRepeatTheCurrentRatioBesideAnEarlyCrossing]' started.
Test Case '-[SendmeterCoreTests.AcwrProjectionTests testNowLabelDoesNotRepeatTheCurrentRatioBesideAnEarlyCrossing]' passed (0.000 seconds).
Test Case '-[SendmeterCoreTests.AcwrProjectionTests testOnePointTwoAgainstZeroPointEightToOnePointThreeBand]' started.
Test Case '-[SendmeterCoreTests.AcwrProjectionTests testOnePointTwoAgainstZeroPointEightToOnePointThreeBand]' passed (0.001 seconds).
Test Case '-[SendmeterCoreTests.AcwrProjectionTests testProjectedZeroLoadDayReproducesNextDaysComputation]' started.
Test Case '-[SendmeterCoreTests.AcwrProjectionTests testProjectedZeroLoadDayReproducesNextDaysComputation]' passed (0.002 seconds).
Test Case '-[SendmeterCoreTests.AcwrProjectionTests testProjectsSevenDaysPastToday]' started.
Test Case '-[SendmeterCoreTests.AcwrProjectionTests testProjectsSevenDaysPastToday]' passed (0.000 seconds).
Test Case '-[SendmeterCoreTests.AcwrProjectionTests testReportsTheFirstDayTheCurveDropsUnderTheFloor]' started.
Test Case '-[SendmeterCoreTests.AcwrProjectionTests testReportsTheFirstDayTheCurveDropsUnderTheFloor]' passed (0.000 seconds).
Test Case '-[SendmeterCoreTests.AcwrProjectionTests testRestDayMultipliesByTheSameDecayWhateverTheStartingRatio]' started.
Test Case '-[SendmeterCoreTests.AcwrProjectionTests testRestDayMultipliesByTheSameDecayWhateverTheStartingRatio]' passed (0.000 seconds).
Test Case '-[SendmeterCoreTests.AcwrProjectionTests testReturnsNilWithNoStateOrZeroChronicTerm]' started.
Test Case '-[SendmeterCoreTests.AcwrProjectionTests testReturnsNilWithNoStateOrZeroChronicTerm]' passed (0.000 seconds).
Test Case '-[SendmeterCoreTests.AcwrProjectionTests testSlideTakesOnePointTwoUnderZeroPointEightInTwoRestDays]' started.
Test Case '-[SendmeterCoreTests.AcwrProjectionTests testSlideTakesOnePointTwoUnderZeroPointEightInTwoRestDays]' passed (0.000 seconds).
Test Case '-[SendmeterCoreTests.AcwrProjectionTests testStepEwmaLoadIsExactlyTheRecurrenceEwmaApplies]' started.
Test Case '-[SendmeterCoreTests.AcwrProjectionTests testStepEwmaLoadIsExactlyTheRecurrenceEwmaApplies]' passed (0.000 seconds).
Test Case '-[SendmeterCoreTests.AcwrProjectionTests testStillProjectsTheCurveWithNoBandButSaysNothingAboutFit]' started.
Test Case '-[SendmeterCoreTests.AcwrProjectionTests testStillProjectsTheCurveWithNoBandButSaysNothingAboutFit]' passed (0.000 seconds).
Test Suite 'AcwrProjectionTests' passed at 2569-10-04 11:51:43.499 AM.
	 Executed 23 tests, with 0 failures (0 unexpected) in 0.011 (0.014) seconds
Test Suite 'AcwrStatusCardTests' started at 2569-10-04 11:51:43.499 AM.
Test Case '-[SendmeterCoreTests.AcwrStatusCardTests testAccessibilitySummaryNilRatioReadsSingleNoData]' started.
Test Case '-[SendmeterCoreTests.AcwrStatusCardTests testAccessibilitySummaryNilRatioReadsSingleNoData]' passed (0.000 seconds).
Test Case '-[SendmeterCoreTests.AcwrStatusCardTests testAccessibilitySummaryWithRatioCombinesFields]' started.
Test Case '-[SendmeterCoreTests.AcwrStatusCardTests testAccessibilitySummaryWithRatioCombinesFields]' passed (0.002 seconds).
Test Case '-[SendmeterCoreTests.AcwrStatusCardTests testBandEdgesAreThresholdOverScale]' started.
Test Case '-[SendmeterCoreTests.AcwrStatusCardTests testBandEdgesAreThresholdOverScale]' passed (0.000 seconds).
Test Case '-[SendmeterCoreTests.AcwrStatusCardTests testBandEdgesMatchThresholdsOnZeroToTwoScale]' started.
Test Case '-[SendmeterCoreTests.AcwrStatusCardTests testBandEdgesMatchThresholdsOnZeroToTwoScale]' passed (0.000 seconds).
Test Case '-[SendmeterCoreTests.AcwrStatusCardTests testEachBandEdgeIsTheBlendMidpoint]' started.
Test Case '-[SendmeterCoreTests.AcwrStatusCardTests testEachBandEdgeIsTheBlendMidpoint]' passed (0.000 seconds).
Test Case '-[SendmeterCoreTests.AcwrStatusCardTests testGradientStopsAreTheWebBlend]' started.
Test Case '-[SendmeterCoreTests.AcwrStatusCardTests testGradientStopsAreTheWebBlend]' passed (0.000 seconds).
Test Case '-[SendmeterCoreTests.AcwrStatusCardTests testMarkerFractionClampsToTrack]' started.
Test Case '-[SendmeterCoreTests.AcwrStatusCardTests testMarkerFractionClampsToTrack]' passed (0.000 seconds).
Test Case '-[SendmeterCoreTests.AcwrStatusCardTests testMarkerFractionIsNilWhenNoRatio]' started.
Test Case '-[SendmeterCoreTests.AcwrStatusCardTests testMarkerFractionIsNilWhenNoRatio]' passed (0.000 seconds).
Test Case '-[SendmeterCoreTests.AcwrStatusCardTests testMarkerFractionIsRatioOverScale]' started.
Test Case '-[SendmeterCoreTests.AcwrStatusCardTests testMarkerFractionIsRatioOverScale]' passed (0.000 seconds).
Test Case '-[SendmeterCoreTests.AcwrStatusCardTests testNilExplainerDistinguishesCauses]' started.
Test Case '-[SendmeterCoreTests.AcwrStatusCardTests testNilExplainerDistinguishesCauses]' passed (0.000 seconds).
Test Case '-[SendmeterCoreTests.AcwrStatusCardTests testNilRatioReadsAsNoData]' started.
Test Case '-[SendmeterCoreTests.AcwrStatusCardTests testNilRatioReadsAsNoData]' passed (0.000 seconds).
Test Case '-[SendmeterCoreTests.AcwrStatusCardTests testPhaseFitLineBelowAndAboveUseBandText]' started.
Test Case '-[SendmeterCoreTests.AcwrStatusCardTests testPhaseFitLineBelowAndAboveUseBandText]' passed (0.000 seconds).
Test Case '-[SendmeterCoreTests.AcwrStatusCardTests testPhaseFitLineIsNilWithoutPhase]' started.
Test Case '-[SendmeterCoreTests.AcwrStatusCardTests testPhaseFitLineIsNilWithoutPhase]' passed (0.000 seconds).
Test Case '-[SendmeterCoreTests.AcwrStatusCardTests testPhaseFitLineOnTarget]' started.
Test Case '-[SendmeterCoreTests.AcwrStatusCardTests testPhaseFitLineOnTarget]' passed (0.000 seconds).
Test Case '-[SendmeterCoreTests.AcwrStatusCardTests testTicksAreAtTrueScaleFractions]' started.
Test Case '-[SendmeterCoreTests.AcwrStatusCardTests testTicksAreAtTrueScaleFractions]' passed (0.000 seconds).
Test Suite 'AcwrStatusCardTests' passed at 2569-10-04 11:51:43.506 AM.
	 Executed 15 tests, with 0 failures (0 unexpected) in 0.005 (0.006) seconds
Test Suite 'AppModelSplitTests' started at 2569-10-04 11:51:43.506 AM.
Test Case '-[SendmeterCoreTests.AppModelSplitTests testAccountBoundaryWiresWatchScopeAndDestructiveEpochFence]' started.
Test Case '-[SendmeterCoreTests.AppModelSplitTests testAccountBoundaryWiresWatchScopeAndDestructiveEpochFence]' passed (0.092 seconds).
Test Case '-[SendmeterCoreTests.AppModelSplitTests testAppModelDeinitCanCancelEveryLifecycleTaskHandle]' started.
Test Case '-[SendmeterCoreTests.AppModelSplitTests testAppModelDeinitCanCancelEveryLifecycleTaskHandle]' passed (0.038 seconds).
Test Case '-[SendmeterCoreTests.AppModelSplitTests testAppModelNoLongerPublishesForceStreamState]' started.
Test Case '-[SendmeterCoreTests.AppModelSplitTests testAppModelNoLongerPublishesForceStreamState]' passed (0.083 seconds).
Test Case '-[SendmeterCoreTests.AppModelSplitTests testAppModelUsesTypedObservationEnvironment]' started.
Test Case '-[SendmeterCoreTests.AppModelSplitTests testAppModelUsesTypedObservationEnvironment]' passed (0.100 seconds).
Test Case '-[SendmeterCoreTests.AppModelSplitTests testAuthRecoveryDrainsSameAccountWithoutDiscardingActiveQueue]' started.
Test Case '-[SendmeterCoreTests.AppModelSplitTests testAuthRecoveryDrainsSameAccountWithoutDiscardingActiveQueue]' passed (0.037 seconds).
Test Case '-[SendmeterCoreTests.AppModelSplitTests testBackgroundSyncRechecksAccountAfterHealthBeforePreflightDrain]' started.
Test Case '-[SendmeterCoreTests.AppModelSplitTests testBackgroundSyncRechecksAccountAfterHealthBeforePreflightDrain]' passed (0.041 seconds).
Test Case '-[SendmeterCoreTests.AppModelSplitTests testDurableMutationRecoveryRulesAreOwnedByTheCoreCoordinator]' started.
Test Case '-[SendmeterCoreTests.AppModelSplitTests testDurableMutationRecoveryRulesAreOwnedByTheCoreCoordinator]' passed (0.163 seconds).
Test Case '-[SendmeterCoreTests.AppModelSplitTests testForceModelInjectedAndObservedOnlyByForceSurface]' started.
Test Case '-[SendmeterCoreTests.AppModelSplitTests testForceModelInjectedAndObservedOnlyByForceSurface]' passed (0.036 seconds).
Test Case '-[SendmeterCoreTests.AppModelSplitTests testForceStateLivesInDedicatedObservableModel]' started.
Test Case '-[SendmeterCoreTests.AppModelSplitTests testForceStateLivesInDedicatedObservableModel]' passed (0.001 seconds).
Test Case '-[SendmeterCoreTests.AppModelSplitTests testHardPurgeConvergenceIsWiredThroughForegroundBackgroundAndRealtime]' started.
Test Case '-[SendmeterCoreTests.AppModelSplitTests testHardPurgeConvergenceIsWiredThroughForegroundBackgroundAndRealtime]' passed (0.108 seconds).
Test Case '-[SendmeterCoreTests.AppModelSplitTests testHealthBackfillCancellationAndTimezoneOwnershipStayInProductionSeams]' started.
Test Case '-[SendmeterCoreTests.AppModelSplitTests testHealthBackfillCancellationAndTimezoneOwnershipStayInProductionSeams]' passed (0.104 seconds).
Test Case '-[SendmeterCoreTests.AppModelSplitTests testHealthBackfillProductionSeamsUseExactWindowAndLifecycleProgress]' started.
Test Case '-[SendmeterCoreTests.AppModelSplitTests testHealthBackfillProductionSeamsUseExactWindowAndLifecycleProgress]' passed (0.076 seconds).
Test Case '-[SendmeterCoreTests.AppModelSplitTests testHealthRepositoryUsesAtomicHistoricalInsertAndTodayPrecedenceRpc]' started.
Test Case '-[SendmeterCoreTests.AppModelSplitTests testHealthRepositoryUsesAtomicHistoricalInsertAndTodayPrecedenceRpc]' passed (0.083 seconds).
Test Case '-[SendmeterCoreTests.AppModelSplitTests testManualQueueRetryWaitsForInFlightOwnerAndPublishesFailureState]' started.
Test Case '-[SendmeterCoreTests.AppModelSplitTests testManualQueueRetryWaitsForInFlightOwnerAndPublishesFailureState]' passed (0.047 seconds).
Test Case '-[SendmeterCoreTests.AppModelSplitTests testPendingDeleteCancelsUpsertButUploadedDeleteStillUsesTrashPath]' started.
Test Case '-[SendmeterCoreTests.AppModelSplitTests testPendingDeleteCancelsUpsertButUploadedDeleteStillUsesTrashPath]' passed (0.059 seconds).
Test Case '-[SendmeterCoreTests.AppModelSplitTests testSwiftPMExcludedSourcesAreSwiftSyntaxParseable]' started.
Test Case '-[SendmeterCoreTests.AppModelSplitTests testSwiftPMExcludedSourcesAreSwiftSyntaxParseable]' passed (4.720 seconds).
Test Case '-[SendmeterCoreTests.AppModelSplitTests testTindeqTimerDeinitAndMainActorBoundaryAreExplicit]' started.
Test Case '-[SendmeterCoreTests.AppModelSplitTests testTindeqTimerDeinitAndMainActorBoundaryAreExplicit]' passed (0.002 seconds).
Test Case '-[SendmeterCoreTests.AppModelSplitTests testTindeqUsesRangeBackedObservationStream]' started.
Test Case '-[SendmeterCoreTests.AppModelSplitTests testTindeqUsesRangeBackedObservationStream]' passed (0.021 seconds).
Test Case '-[SendmeterCoreTests.AppModelSplitTests testWatchCompletionAdoptionKeepsGateClaimThroughCallSite]' started.
Test Case '-[SendmeterCoreTests.AppModelSplitTests testWatchCompletionAdoptionKeepsGateClaimThroughCallSite]' passed (0.013 seconds).
Test Case '-[SendmeterCoreTests.AppModelSplitTests testWatchCompletionCallSiteRetriesForegroundAndDistinguishesCorruptCache]' started.
Test Case '-[SendmeterCoreTests.AppModelSplitTests testWatchCompletionCallSiteRetriesForegroundAndDistinguishesCorruptCache]' passed (0.038 seconds).
Test Case '-[SendmeterCoreTests.AppModelSplitTests testWatchHealthKitCancellationHasExplicitOwnershipSafeTeardown]' started.
Test Case '-[SendmeterCoreTests.AppModelSplitTests testWatchHealthKitCancellationHasExplicitOwnershipSafeTeardown]' passed (0.001 seconds).
Test Suite 'AppModelSplitTests' passed at 2569-10-04 11:51:49.373 AM.
	 Executed 21 tests, with 0 failures (0 unexpected) in 5.864 (5.868) seconds
Test Suite 'AppThemeTests' started at 2569-10-04 11:51:49.373 AM.
Test Case '-[SendmeterCoreTests.AppThemeTests testDisplayNamesMatchWebOptions]' started.
Test Case '-[SendmeterCoreTests.AppThemeTests testDisplayNamesMatchWebOptions]' passed (0.001 seconds).
Test Case '-[SendmeterCoreTests.AppThemeTests testNormalizeRejectsUnknownValues]' started.
Test Case '-[SendmeterCoreTests.AppThemeTests testNormalizeRejectsUnknownValues]' passed (0.001 seconds).
Test Case '-[SendmeterCoreTests.AppThemeTests testResolvedExplicitChoiceWins]' started.
Test Case '-[SendmeterCoreTests.AppThemeTests testResolvedExplicitChoiceWins]' passed (0.001 seconds).
Test Case '-[SendmeterCoreTests.AppThemeTests testResolvedFollowsSystemWhenChoiceIsSystem]' started.
Test Case '-[SendmeterCoreTests.AppThemeTests testResolvedFollowsSystemWhenChoiceIsSystem]' passed (0.001 seconds).
Test Case '-[SendmeterCoreTests.AppThemeTests testStoreAndReadRoundTrip]' started.
Test Case '-[SendmeterCoreTests.AppThemeTests testStoreAndReadRoundTrip]' passed (0.002 seconds).
Test Case '-[SendmeterCoreTests.AppThemeTests testStoredChoiceDefaultsToSystem]' started.
Test Case '-[SendmeterCoreTests.AppThemeTests testStoredChoiceDefaultsToSystem]' passed (0.001 seconds).
Test Suite 'AppThemeTests' passed at 2569-10-04 11:51:49.380 AM.
	 Executed 6 tests, with 0 failures (0 unexpected) in 0.006 (0.007) seconds
Test Suite 'AppUnitsTests' started at 2569-10-04 11:51:49.380 AM.
Test Case '-[SendmeterCoreTests.AppUnitsTests testDisplayNames]' started.
Test Case '-[SendmeterCoreTests.AppUnitsTests testDisplayNames]' passed (0.000 seconds).
Test Case '-[SendmeterCoreTests.AppUnitsTests testNormalizeRejectsUnknownValues]' started.
Test Case '-[SendmeterCoreTests.AppUnitsTests testNormalizeRejectsUnknownValues]' passed (0.001 seconds).
Test Case '-[SendmeterCoreTests.AppUnitsTests testStoreAndReadRoundTrip]' started.
Test Case '-[SendmeterCoreTests.AppUnitsTests testStoreAndReadRoundTrip]' passed (0.002 seconds).
Test Case '-[SendmeterCoreTests.AppUnitsTests testStoredChoiceDefaultsToMetric]' started.
Test Case '-[SendmeterCoreTests.AppUnitsTests testStoredChoiceDefaultsToMetric]' passed (0.001 seconds).
Test Suite 'AppUnitsTests' passed at 2569-10-04 11:51:49.384 AM.
	 Executed 4 tests, with 0 failures (0 unexpected) in 0.004 (0.004) seconds
Test Suite 'AppleAuthNonceTests' started at 2569-10-04 11:51:49.384 AM.
Test Case '-[SendmeterCoreTests.AppleAuthNonceTests testClientIDMatchesWebAndCapacitorApp]' started.
Test Case '-[SendmeterCoreTests.AppleAuthNonceTests testClientIDMatchesWebAndCapacitorApp]' passed (0.000 seconds).
Test Case '-[SendmeterCoreTests.AppleAuthNonceTests testFlowHashedNeverEqualsRaw]' started.
Test Case '-[SendmeterCoreTests.AppleAuthNonceTests testFlowHashedNeverEqualsRaw]' passed (0.001 seconds).
Test Case '-[SendmeterCoreTests.AppleAuthNonceTests testFlowIsDeterministicWithSeededGenerator]' started.
Test Case '-[SendmeterCoreTests.AppleAuthNonceTests testFlowIsDeterministicWithSeededGenerator]' passed (0.000 seconds).
Test Case '-[SendmeterCoreTests.AppleAuthNonceTests testSha256HexEmptyString]' started.
Test Case '-[SendmeterCoreTests.AppleAuthNonceTests testSha256HexEmptyString]' passed (0.000 seconds).
Test Case '-[SendmeterCoreTests.AppleAuthNonceTests testSha256HexKnownVector]' started.
Test Case '-[SendmeterCoreTests.AppleAuthNonceTests testSha256HexKnownVector]' passed (0.000 seconds).
Test Suite 'AppleAuthNonceTests' passed at 2569-10-04 11:51:49.387 AM.
	 Executed 5 tests, with 0 failures (0 unexpected) in 0.002 (0.002) seconds
Test Suite 'AsyncDeadlineTests' started at 2569-10-04 11:51:49.387 AM.
Test Case '-[SendmeterCoreTests.AsyncDeadlineTests testANonPositiveDeadlineIsAnImmediateTimeout]' started.
Test Case '-[SendmeterCoreTests.AsyncDeadlineTests testANonPositiveDeadlineIsAnImmediateTimeout]' passed (0.000 seconds).
Test Case '-[SendmeterCoreTests.AsyncDeadlineTests testWorkThatOutlivesTheDeadlineResolvesToTheFallback]' started.
Test Case '-[SendmeterCoreTests.AsyncDeadlineTests testWorkThatOutlivesTheDeadlineResolvesToTheFallback]' passed (0.055 seconds).
Test Case '-[SendmeterCoreTests.AsyncDeadlineTests testWorkThatSettlesInsideTheDeadlineReturnsItsOwnValue]' started.
Test Case '-[SendmeterCoreTests.AsyncDeadlineTests testWorkThatSettlesInsideTheDeadlineReturnsItsOwnValue]' passed (0.000 seconds).
Test Suite 'AsyncDeadlineTests' passed at 2569-10-04 11:51:49.443 AM.
	 Executed 3 tests, with 0 failures (0 unexpected) in 0.056 (0.056) seconds
Test Suite 'AuthClockSkewTests' started at 2569-10-04 11:51:49.443 AM.
Test Case '-[SendmeterCoreTests.AuthClockSkewTests testBareUnauthorizedStatusIsRecoverableButClockAdviceIsNotDestructive]' started.
Test Case '-[SendmeterCoreTests.AuthClockSkewTests testBareUnauthorizedStatusIsRecoverableButClockAdviceIsNotDestructive]' passed (0.001 seconds).
Test Case '-[SendmeterCoreTests.AuthClockSkewTests testContinuousClockCountsSuspensionWhileWallClockMovesWithIt]' started.
Test Case '-[SendmeterCoreTests.AuthClockSkewTests testContinuousClockCountsSuspensionWhileWallClockMovesWithIt]' passed (0.002 seconds).
Test Case '-[SendmeterCoreTests.AuthClockSkewTests testExactSessionRecoveryRejectsReplacementButRetriesSameSession]' started.
Test Case '-[SendmeterCoreTests.AuthClockSkewTests testExactSessionRecoveryRejectsReplacementButRetriesSameSession]' passed (0.000 seconds).
Test Case '-[SendmeterCoreTests.AuthClockSkewTests testExistingKeychainSessionIsGrandfatheredOnlyOnFirstGuardLaunch]' started.
Test Case '-[SendmeterCoreTests.AuthClockSkewTests testExistingKeychainSessionIsGrandfatheredOnlyOnFirstGuardLaunch]' passed (0.002 seconds).
Test Case '-[SendmeterCoreTests.AuthClockSkewTests testFutureTokenIsOnlyFlaggedAgainstTrustedServerTime]' started.
Test Case '-[SendmeterCoreTests.AuthClockSkewTests testFutureTokenIsOnlyFlaggedAgainstTrustedServerTime]' passed (0.000 seconds).
Test Case '-[SendmeterCoreTests.AuthClockSkewTests testHTTPDateParserAcceptsRFCDate]' started.
Test Case '-[SendmeterCoreTests.AuthClockSkewTests testHTTPDateParserAcceptsRFCDate]' passed (0.001 seconds).
Test Case '-[SendmeterCoreTests.AuthClockSkewTests testNoServerEvidenceNeverCallsTheDeviceClockWrong]' started.
Test Case '-[SendmeterCoreTests.AuthClockSkewTests testNoServerEvidenceNeverCallsTheDeviceClockWrong]' passed (0.000 seconds).
Test Case '-[SendmeterCoreTests.AuthClockSkewTests testOrdinaryDriftIsHealthyButLargeDeviceLeadIsNot]' started.
Test Case '-[SendmeterCoreTests.AuthClockSkewTests testOrdinaryDriftIsHealthyButLargeDeviceLeadIsNot]' passed (0.000 seconds).
Test Case '-[SendmeterCoreTests.AuthClockSkewTests testRejectedMarkerIsDedupeOnlyAndDoesNotBlockASecondRemovalAttempt]' started.
Test Case '-[SendmeterCoreTests.AuthClockSkewTests testRejectedMarkerIsDedupeOnlyAndDoesNotBlockASecondRemovalAttempt]' passed (0.002 seconds).
Test Case '-[SendmeterCoreTests.AuthClockSkewTests testStaleServerAnchorBecomesInsufficientEvidence]' started.
Test Case '-[SendmeterCoreTests.AuthClockSkewTests testStaleServerAnchorBecomesInsufficientEvidence]' passed (0.001 seconds).
Test Case '-[SendmeterCoreTests.AuthClockSkewTests testStoreUsesMonotonicEvidenceOnlyWithinThisBoot]' started.
Test Case '-[SendmeterCoreTests.AuthClockSkewTests testStoreUsesMonotonicEvidenceOnlyWithinThisBoot]' passed (0.001 seconds).
Test Case '-[SendmeterCoreTests.AuthClockSkewTests testUnreadableFirstLaunchDefersMarkerUntilInitialIdentityArrives]' started.
Test Case '-[SendmeterCoreTests.AuthClockSkewTests testUnreadableFirstLaunchDefersMarkerUntilInitialIdentityArrives]' passed (0.001 seconds).
Test Suite 'AuthClockSkewTests' passed at 2569-10-04 11:51:49.456 AM.
	 Executed 12 tests, with 0 failures (0 unexpected) in 0.011 (0.013) seconds
Test Suite 'AuthDiagnosticsTests' started at 2569-10-04 11:51:49.456 AM.
Test Case '-[SendmeterCoreTests.AuthDiagnosticsTests testCapacityEvictionDropsOldest]' started.
Test Case '-[SendmeterCoreTests.AuthDiagnosticsTests testCapacityEvictionDropsOldest]' passed (0.000 seconds).
Test Case '-[SendmeterCoreTests.AuthDiagnosticsTests testCorruptFileReadsAsEmptyRing]' started.
Test Case '-[SendmeterCoreTests.AuthDiagnosticsTests testCorruptFileReadsAsEmptyRing]' passed (0.001 seconds).
Test Case '-[SendmeterCoreTests.AuthDiagnosticsTests testCoversAllFourCategories]' started.
Test Case '-[SendmeterCoreTests.AuthDiagnosticsTests testCoversAllFourCategories]' passed (0.000 seconds).
Test Case '-[SendmeterCoreTests.AuthDiagnosticsTests testDetailIsTrimmedAtWriteTime]' started.
Test Case '-[SendmeterCoreTests.AuthDiagnosticsTests testDetailIsTrimmedAtWriteTime]' passed (0.000 seconds).
Test Case '-[SendmeterCoreTests.AuthDiagnosticsTests testPersistenceRoundTrip]' started.
Test Case '-[SendmeterCoreTests.AuthDiagnosticsTests testPersistenceRoundTrip]' passed (0.001 seconds).
Test Case '-[SendmeterCoreTests.AuthDiagnosticsTests testRecordsOldestFirst]' started.
Test Case '-[SendmeterCoreTests.AuthDiagnosticsTests testRecordsOldestFirst]' passed (0.000 seconds).
Test Case '-[SendmeterCoreTests.AuthDiagnosticsTests testSummaryIsEmptyForEmptyRing]' started.
Test Case '-[SendmeterCoreTests.AuthDiagnosticsTests testSummaryIsEmptyForEmptyRing]' passed (0.000 seconds).
Test Case '-[SendmeterCoreTests.AuthDiagnosticsTests testSummaryOmitsRefreshAndSignOutNoise]' started.
Test Case '-[SendmeterCoreTests.AuthDiagnosticsTests testSummaryOmitsRefreshAndSignOutNoise]' passed (0.000 seconds).
Test Case '-[SendmeterCoreTests.AuthDiagnosticsTests testSummaryPicksLatestSignInAndFailureByTimestamp]' started.
Test Case '-[SendmeterCoreTests.AuthDiagnosticsTests testSummaryPicksLatestSignInAndFailureByTimestamp]' passed (0.000 seconds).
Test Case '-[SendmeterCoreTests.AuthDiagnosticsTests testUserFacingClassificationPinsRefreshAndSignOutAsDiagnostic]' started.
Test Case '-[SendmeterCoreTests.AuthDiagnosticsTests testUserFacingClassificationPinsRefreshAndSignOutAsDiagnostic]' passed (0.000 seconds).
Test Suite 'AuthDiagnosticsTests' passed at 2569-10-04 11:51:49.460 AM.
	 Executed 10 tests, with 0 failures (0 unexpected) in 0.003 (0.004) seconds
Test Suite 'AuthRecoveryTests' started at 2569-10-04 11:51:49.460 AM.
Test Case '-[SendmeterCoreTests.AuthRecoveryTests testAcceptedIdentityCanBeRestoredButDifferentIdentityCannot]' started.
Test Case '-[SendmeterCoreTests.AuthRecoveryTests testAcceptedIdentityCanBeRestoredButDifferentIdentityCannot]' passed (0.002 seconds).
Test Case '-[SendmeterCoreTests.AuthRecoveryTests testClockSkewGetsSettingsNudgeAndFutureTokenGetsFreshSignIn]' started.
Test Case '-[SendmeterCoreTests.AuthRecoveryTests testClockSkewGetsSettingsNudgeAndFutureTokenGetsFreshSignIn]' passed (0.000 seconds).
Test Case '-[SendmeterCoreTests.AuthRecoveryTests testDescriptorNeverPersistsOrIncludesTheAccessToken]' started.
Test Case '-[SendmeterCoreTests.AuthRecoveryTests testDescriptorNeverPersistsOrIncludesTheAccessToken]' passed (0.000 seconds).
Test Case '-[SendmeterCoreTests.AuthRecoveryTests testExplicitSignInEstablishesIdentityAndRejectionPreventsRetryLoop]' started.
Test Case '-[SendmeterCoreTests.AuthRecoveryTests testExplicitSignInEstablishesIdentityAndRejectionPreventsRetryLoop]' passed (0.002 seconds).
Test Case '-[SendmeterCoreTests.AuthRecoveryTests testFriendlyAuthCodesAndFutureIATAreRecoverable]' started.
Test Case '-[SendmeterCoreTests.AuthRecoveryTests testFriendlyAuthCodesAndFutureIATAreRecoverable]' passed (0.001 seconds).
Test Case '-[SendmeterCoreTests.AuthRecoveryTests testNonExpiredAuthFailureDoesNotClearSession]' started.
Test Case '-[SendmeterCoreTests.AuthRecoveryTests testNonExpiredAuthFailureDoesNotClearSession]' passed (0.000 seconds).
Test Case '-[SendmeterCoreTests.AuthRecoveryTests testRestoredSessionWithoutOurMarkerIsDroppedAsStaleInstall]' started.
Test Case '-[SendmeterCoreTests.AuthRecoveryTests testRestoredSessionWithoutOurMarkerIsDroppedAsStaleInstall]' passed (0.001 seconds).
Test Suite 'AuthRecoveryTests' passed at 2569-10-04 11:51:49.467 AM.
	 Executed 7 tests, with 0 failures (0 unexpected) in 0.006 (0.007) seconds
Test Suite 'BackgroundSyncEngineTests' started at 2569-10-04 11:51:49.467 AM.
Test Case '-[SendmeterCoreTests.BackgroundSyncEngineTests testAccountChangeAfterDrainAbortsBeforeFetch]' started.
Test Case '-[SendmeterCoreTests.BackgroundSyncEngineTests testAccountChangeAfterDrainAbortsBeforeFetch]' passed (0.000 seconds).
Test Case '-[SendmeterCoreTests.BackgroundSyncEngineTests testAccountChangeDuringFetchAbortsBeforeApply]' started.
Test Case '-[SendmeterCoreTests.BackgroundSyncEngineTests testAccountChangeDuringFetchAbortsBeforeApply]' passed (0.000 seconds).
Test Case '-[SendmeterCoreTests.BackgroundSyncEngineTests testApplyReconcilesDeltaAndAdvancesCursor]' started.
Test Case '-[SendmeterCoreTests.BackgroundSyncEngineTests testApplyReconcilesDeltaAndAdvancesCursor]' passed (0.012 seconds).
Test Case '-[SendmeterCoreTests.BackgroundSyncEngineTests testCancellationBeforeApplyLeavesCursorUntouched]' started.
Test Case '-[SendmeterCoreTests.BackgroundSyncEngineTests testCancellationBeforeApplyLeavesCursorUntouched]' passed (0.013 seconds).
Test Case '-[SendmeterCoreTests.BackgroundSyncEngineTests testCancellationBeforeDrainSkipsDrain]' started.
Test Case '-[SendmeterCoreTests.BackgroundSyncEngineTests testCancellationBeforeDrainSkipsDrain]' passed (0.000 seconds).
Test Case '-[SendmeterCoreTests.BackgroundSyncEngineTests testDrainsBeforeApplyingOperations]' started.
Test Case '-[SendmeterCoreTests.BackgroundSyncEngineTests testDrainsBeforeApplyingOperations]' passed (0.000 seconds).
Test Suite 'BackgroundSyncEngineTests' passed at 2569-10-04 11:51:49.494 AM.
	 Executed 6 tests, with 0 failures (0 unexpected) in 0.026 (0.027) seconds
Test Suite 'BoxPlotTests' started at 2569-10-04 11:51:49.494 AM.
Test Case '-[SendmeterCoreTests.BoxPlotTests testBoxStatsDegenerateIqrClampsWhiskersToMinMax]' started.
Test Case '-[SendmeterCoreTests.BoxPlotTests testBoxStatsDegenerateIqrClampsWhiskersToMinMax]' passed (0.000 seconds).
Test Case '-[SendmeterCoreTests.BoxPlotTests testBoxStatsIsDeterministicAndMatchesWebReference]' started.
Test Case '-[SendmeterCoreTests.BoxPlotTests testBoxStatsIsDeterministicAndMatchesWebReference]' passed (0.000 seconds).
Test Case '-[SendmeterCoreTests.BoxPlotTests testBoxStatsKeepsOutliersInOriginalOrder]' started.
Test Case '-[SendmeterCoreTests.BoxPlotTests testBoxStatsKeepsOutliersInOriginalOrder]' passed (0.000 seconds).
Test Case '-[SendmeterCoreTests.BoxPlotTests testBoxStatsNilForEmpty]' started.
Test Case '-[SendmeterCoreTests.BoxPlotTests testBoxStatsNilForEmpty]' passed (0.000 seconds).
Test Case '-[SendmeterCoreTests.BoxPlotTests testBoxStatsWhiskersClampToFence]' started.
Test Case '-[SendmeterCoreTests.BoxPlotTests testBoxStatsWhiskersClampToFence]' passed (0.000 seconds).
Test Case '-[SendmeterCoreTests.BoxPlotTests testBoxStatsWithNoOutliers]' started.
Test Case '-[SendmeterCoreTests.BoxPlotTests testBoxStatsWithNoOutliers]' passed (0.000 seconds).
Test Case '-[SendmeterCoreTests.BoxPlotTests testFiveNumberSummaryInterpolatesQuartilesR7]' started.
Test Case '-[SendmeterCoreTests.BoxPlotTests testFiveNumberSummaryInterpolatesQuartilesR7]' passed (0.000 seconds).
Test Case '-[SendmeterCoreTests.BoxPlotTests testFiveNumberSummaryNilForEmpty]' started.
Test Case '-[SendmeterCoreTests.BoxPlotTests testFiveNumberSummaryNilForEmpty]' passed (0.000 seconds).
Test Case '-[SendmeterCoreTests.BoxPlotTests testFiveNumberSummaryOddCount]' started.
Test Case '-[SendmeterCoreTests.BoxPlotTests testFiveNumberSummaryOddCount]' passed (0.000 seconds).
Test Case '-[SendmeterCoreTests.BoxPlotTests testFiveNumberSummarySingleValue]' started.
Test Case '-[SendmeterCoreTests.BoxPlotTests testFiveNumberSummarySingleValue]' passed (0.000 seconds).
Test Suite 'BoxPlotTests' passed at 2569-10-04 11:51:49.496 AM.
	 Executed 10 tests, with 0 failures (0 unexpected) in 0.002 (0.002) seconds
Test Suite 'CachePreparationTests' started at 2569-10-04 11:51:49.496 AM.
Test Case '-[SendmeterCoreTests.CachePreparationTests testAFailedOpenSurfacesUnavailableAndTheNextCallerCanRecover]' started.
Test Case '-[SendmeterCoreTests.CachePreparationTests testAFailedOpenSurfacesUnavailableAndTheNextCallerCanRecover]' passed (0.004 seconds).
Test Case '-[SendmeterCoreTests.CachePreparationTests testAMissingSupportDirectoryIsReportedWithoutOpeningAnything]' started.
Test Case '-[SendmeterCoreTests.CachePreparationTests testAMissingSupportDirectoryIsReportedWithoutOpeningAnything]' passed (0.000 seconds).
Test Case '-[SendmeterCoreTests.CachePreparationTests testAnUnreadyCacheNeverResolvesToSynced]' started.
Test Case '-[SendmeterCoreTests.CachePreparationTests testAnUnreadyCacheNeverResolvesToSynced]' passed (0.000 seconds).
Test Case '-[SendmeterCoreTests.CachePreparationTests testAnUnreadyCacheStillReportsWorkTheQueueItselfProved]' started.
Test Case '-[SendmeterCoreTests.CachePreparationTests testAnUnreadyCacheStillReportsWorkTheQueueItselfProved]' passed (0.000 seconds).
Test Case '-[SendmeterCoreTests.CachePreparationTests testASuccessfulFlightIsReusedWithoutTouchingStorageAgain]' started.
Test Case '-[SendmeterCoreTests.CachePreparationTests testASuccessfulFlightIsReusedWithoutTouchingStorageAgain]' passed (0.002 seconds).
Test Case '-[SendmeterCoreTests.CachePreparationTests testConcurrentCallersShareOnePreparationFlight]' started.
Test Case '-[SendmeterCoreTests.CachePreparationTests testConcurrentCallersShareOnePreparationFlight]' passed (0.002 seconds).
Test Case '-[SendmeterCoreTests.CachePreparationTests testMeasureTheColdPreparationCostTheLaunchPathNoLongerPays]' started.
Test Case '-[SendmeterCoreTests.CachePreparationTests testMeasureTheColdPreparationCostTheLaunchPathNoLongerPays]' passed (0.006 seconds).
Test Case '-[SendmeterCoreTests.CachePreparationTests testTheStoreOpenerNeverRunsOnTheCallersActor]' started.
Test Case '-[SendmeterCoreTests.CachePreparationTests testTheStoreOpenerNeverRunsOnTheCallersActor]' passed (0.002 seconds).
Test Suite 'CachePreparationTests' passed at 2569-10-04 11:51:49.513 AM.
	 Executed 8 tests, with 0 failures (0 unexpected) in 0.016 (0.017) seconds
Test Suite 'CachedWorkspaceTests' started at 2569-10-04 11:51:49.513 AM.
Test Case '-[SendmeterCoreTests.CachedWorkspaceTests testAccountIsolationAcrossLoadReconcileAndLocalDelete]' started.
Test Case '-[SendmeterCoreTests.CachedWorkspaceTests testAccountIsolationAcrossLoadReconcileAndLocalDelete]' passed (0.008 seconds).
Test Case '-[SendmeterCoreTests.CachedWorkspaceTests testAccountIsolationForDeltasAndCursors]' started.
Test Case '-[SendmeterCoreTests.CachedWorkspaceTests testAccountIsolationForDeltasAndCursors]' passed (0.003 seconds).
Test Case '-[SendmeterCoreTests.CachedWorkspaceTests testAuthoritativeEmptySyncPersistsBoundaryWithoutCursorAndScopesAccounts]' started.
Test Case '-[SendmeterCoreTests.CachedWorkspaceTests testAuthoritativeEmptySyncPersistsBoundaryWithoutCursorAndScopesAccounts]' passed (0.002 seconds).
Test Case '-[SendmeterCoreTests.CachedWorkspaceTests testCacheHydrationReadFailurePropagatesFromClosedStore]' started.
Test Case '-[SendmeterCoreTests.CachedWorkspaceTests testCacheHydrationReadFailurePropagatesFromClosedStore]' passed (0.005 seconds).
Test Case '-[SendmeterCoreTests.CachedWorkspaceTests testCacheHydrationWithoutStoreReturnsNil]' started.
Test Case '-[SendmeterCoreTests.CachedWorkspaceTests testCacheHydrationWithoutStoreReturnsNil]' passed (0.000 seconds).
Test Case '-[SendmeterCoreTests.CachedWorkspaceTests testCachePublishedHealthMetricsPutNewestDateFirstForCurrentReadiness]' started.
Test Case '-[SendmeterCoreTests.CachedWorkspaceTests testCachePublishedHealthMetricsPutNewestDateFirstForCurrentReadiness]' passed (0.005 seconds).
Test Case '-[SendmeterCoreTests.CachedWorkspaceTests testColdStartLoadReturnsCachedRowsWithoutRemoteCall]' started.
Test Case '-[SendmeterCoreTests.CachedWorkspaceTests testColdStartLoadReturnsCachedRowsWithoutRemoteCall]' passed (0.002 seconds).
Test Case '-[SendmeterCoreTests.CachedWorkspaceTests testConcurrentRenameTagAndFullRefreshDoNotAdoptPendingTombstone]' started.
Test Case '-[SendmeterCoreTests.CachedWorkspaceTests testConcurrentRenameTagAndFullRefreshDoNotAdoptPendingTombstone]' passed (0.050 seconds).
Test Case '-[SendmeterCoreTests.CachedWorkspaceTests testConfirmationUsesRevisionReadAfterReload]' started.
Test Case '-[SendmeterCoreTests.CachedWorkspaceTests testConfirmationUsesRevisionReadAfterReload]' passed (0.002 seconds).
Test Case '-[SendmeterCoreTests.CachedWorkspaceTests testCursorResetForcesNextFullRefresh]' started.
Test Case '-[SendmeterCoreTests.CachedWorkspaceTests testCursorResetForcesNextFullRefresh]' passed (0.001 seconds).
Test Case '-[SendmeterCoreTests.CachedWorkspaceTests testDeleteAccountPurgesAndStaleConfirmationCannotResurrectRow]' started.
Test Case '-[SendmeterCoreTests.CachedWorkspaceTests testDeleteAccountPurgesAndStaleConfirmationCannotResurrectRow]' passed (0.003 seconds).
Test Case '-[SendmeterCoreTests.CachedWorkspaceTests testDeleteAccountPurgesAndStaleDeleteConfirmationCannotResurrectRow]' started.
Test Case '-[SendmeterCoreTests.CachedWorkspaceTests testDeleteAccountPurgesAndStaleDeleteConfirmationCannotResurrectRow]' passed (0.002 seconds).
Test Case '-[SendmeterCoreTests.CachedWorkspaceTests testDeltaCursorDoesNotAdvanceWhenAnyChangeFails]' started.
Test Case '-[SendmeterCoreTests.CachedWorkspaceTests testDeltaCursorDoesNotAdvanceWhenAnyChangeFails]' passed (0.001 seconds).
Test Case '-[SendmeterCoreTests.CachedWorkspaceTests testDeltaFullReconcilePreservesPendingRowsAbsentFromSnapshot]' started.
Test Case '-[SendmeterCoreTests.CachedWorkspaceTests testDeltaFullReconcilePreservesPendingRowsAbsentFromSnapshot]' passed (0.003 seconds).
Test Case '-[SendmeterCoreTests.CachedWorkspaceTests testDeltaReconcileAdoptsActiveRowsAndAdvancesCursor]' started.
Test Case '-[SendmeterCoreTests.CachedWorkspaceTests testDeltaReconcileAdoptsActiveRowsAndAdvancesCursor]' passed (0.002 seconds).
Test Case '-[SendmeterCoreTests.CachedWorkspaceTests testDeltaReconcileDoesNotTombstoneUnlistedRows]' started.
Test Case '-[SendmeterCoreTests.CachedWorkspaceTests testDeltaReconcileDoesNotTombstoneUnlistedRows]' passed (0.005 seconds).
Test Case '-[SendmeterCoreTests.CachedWorkspaceTests testDeltaTombstoneAdoptionRemovesActiveCacheRow]' started.
Test Case '-[SendmeterCoreTests.CachedWorkspaceTests testDeltaTombstoneAdoptionRemovesActiveCacheRow]' passed (0.003 seconds).
Test Case '-[SendmeterCoreTests.CachedWorkspaceTests testDeltaTombstoneReplacesActiveRowEvenWhenCachedTimestampIsNewer]' started.
Test Case '-[SendmeterCoreTests.CachedWorkspaceTests testDeltaTombstoneReplacesActiveRowEvenWhenCachedTimestampIsNewer]' passed (0.003 seconds).
Test Case '-[SendmeterCoreTests.CachedWorkspaceTests testDeltaUpsertReplacesCachedRowEvenWhenCachedTimestampIsNewer]' started.
Test Case '-[SendmeterCoreTests.CachedWorkspaceTests testDeltaUpsertReplacesCachedRowEvenWhenCachedTimestampIsNewer]' passed (0.003 seconds).
Test Case '-[SendmeterCoreTests.CachedWorkspaceTests testFirstSyncFullReconcileTombstonesAbsentRowsAndPersistsCursor]' started.
Test Case '-[SendmeterCoreTests.CachedWorkspaceTests testFirstSyncFullReconcileTombstonesAbsentRowsAndPersistsCursor]' passed (0.006 seconds).
Test Case '-[SendmeterCoreTests.CachedWorkspaceTests testFreshEmptyCacheHasNoAuthoritativeSyncBoundary]' started.
Test Case '-[SendmeterCoreTests.CachedWorkspaceTests testFreshEmptyCacheHasNoAuthoritativeSyncBoundary]' passed (0.003 seconds).
Test Case '-[SendmeterCoreTests.CachedWorkspaceTests testNineEntitySnapshotRoundTrip]' started.
Test Case '-[SendmeterCoreTests.CachedWorkspaceTests testNineEntitySnapshotRoundTrip]' passed (0.013 seconds).
Test Case '-[SendmeterCoreTests.CachedWorkspaceTests testPendingDirectDeleteSurvivesFullRefreshAndCanBeConfirmed]' started.
Test Case '-[SendmeterCoreTests.CachedWorkspaceTests testPendingDirectDeleteSurvivesFullRefreshAndCanBeConfirmed]' passed (0.006 seconds).
Test Case '-[SendmeterCoreTests.CachedWorkspaceTests testPendingDirectWriteCountIncludesHealthMetric]' started.
Test Case '-[SendmeterCoreTests.CachedWorkspaceTests testPendingDirectWriteCountIncludesHealthMetric]' passed (0.002 seconds).
Test Case '-[SendmeterCoreTests.CachedWorkspaceTests testPendingDirectWriteCountIncludesHiddenDeletes]' started.
Test Case '-[SendmeterCoreTests.CachedWorkspaceTests testPendingDirectWriteCountIncludesHiddenDeletes]' passed (0.002 seconds).
Test Case '-[SendmeterCoreTests.CachedWorkspaceTests testPendingDirectWriteSurvivesFullRefreshWithoutRemoteAndStaysVisible]' started.
Test Case '-[SendmeterCoreTests.CachedWorkspaceTests testPendingDirectWriteSurvivesFullRefreshWithoutRemoteAndStaysVisible]' passed (0.005 seconds).
Test Case '-[SendmeterCoreTests.CachedWorkspaceTests testPendingDirectWriteSurvivesRelaunchAndFullRefreshWithoutRemote]' started.
Test Case '-[SendmeterCoreTests.CachedWorkspaceTests testPendingDirectWriteSurvivesRelaunchAndFullRefreshWithoutRemote]' passed (0.012 seconds).
Test Case '-[SendmeterCoreTests.CachedWorkspaceTests testPendingRowSurvivesAuthoritativeDeltaTombstone]' started.
Test Case '-[SendmeterCoreTests.CachedWorkspaceTests testPendingRowSurvivesAuthoritativeDeltaTombstone]' passed (0.003 seconds).
Test Case '-[SendmeterCoreTests.CachedWorkspaceTests testPendingRowSurvivesDeltaReconcile]' started.
Test Case '-[SendmeterCoreTests.CachedWorkspaceTests testPendingRowSurvivesDeltaReconcile]' passed (0.003 seconds).
Test Case '-[SendmeterCoreTests.CachedWorkspaceTests testPreviouslySyncedEmptyCacheRemainsAuthoritativeAfterReload]' started.
Test Case '-[SendmeterCoreTests.CachedWorkspaceTests testPreviouslySyncedEmptyCacheRemainsAuthoritativeAfterReload]' passed (0.003 seconds).
Test Case '-[SendmeterCoreTests.CachedWorkspaceTests testPurgeGenerationMismatchForcesAuthoritativeReconcileForBothEntities]' started.
Test Case '-[SendmeterCoreTests.CachedWorkspaceTests testPurgeGenerationMismatchForcesAuthoritativeReconcileForBothEntities]' passed (0.008 seconds).
Test Case '-[SendmeterCoreTests.CachedWorkspaceTests testPurgeGenerationResponseDecodesPopulatedAndEmptyEndpointShapes]' started.
Test Case '-[SendmeterCoreTests.CachedWorkspaceTests testPurgeGenerationResponseDecodesPopulatedAndEmptyEndpointShapes]' passed (0.001 seconds).
Test Case '-[SendmeterCoreTests.CachedWorkspaceTests testRealtimeEmptySlicePersistsOnlySelectedBoundaries]' started.
Test Case '-[SendmeterCoreTests.CachedWorkspaceTests testRealtimeEmptySlicePersistsOnlySelectedBoundaries]' passed (0.003 seconds).
Test Case '-[SendmeterCoreTests.CachedWorkspaceTests testRenameTagRollbackSurvivesInterleavedFullRefresh]' started.
Test Case '-[SendmeterCoreTests.CachedWorkspaceTests testRenameTagRollbackSurvivesInterleavedFullRefresh]' passed (0.013 seconds).
Test Case '-[SendmeterCoreTests.CachedWorkspaceTests testResetCursorReturnsEntityToUnknownUntilNextSync]' started.
Test Case '-[SendmeterCoreTests.CachedWorkspaceTests testResetCursorReturnsEntityToUnknownUntilNextSync]' passed (0.003 seconds).
Test Case '-[SendmeterCoreTests.CachedWorkspaceTests testServerRefreshAdoptsAndTombstonesAbsentRows]' started.
Test Case '-[SendmeterCoreTests.CachedWorkspaceTests testServerRefreshAdoptsAndTombstonesAbsentRows]' passed (0.009 seconds).
Test Case '-[SendmeterCoreTests.CachedWorkspaceTests testServerRefreshDoesNotClobberPendingLocalRow]' started.
Test Case '-[SendmeterCoreTests.CachedWorkspaceTests testServerRefreshDoesNotClobberPendingLocalRow]' passed (0.009 seconds).
Test Case '-[SendmeterCoreTests.CachedWorkspaceTests testStaleConfirmationDoesNotClearNewerPendingEdit]' started.
Test Case '-[SendmeterCoreTests.CachedWorkspaceTests testStaleConfirmationDoesNotClearNewerPendingEdit]' passed (0.005 seconds).
Test Case '-[SendmeterCoreTests.CachedWorkspaceTests testTargetedSliceReconcileLeavesOtherSlicesUntouched]' started.
Test Case '-[SendmeterCoreTests.CachedWorkspaceTests testTargetedSliceReconcileLeavesOtherSlicesUntouched]' passed (0.010 seconds).
Test Case '-[SendmeterCoreTests.CachedWorkspaceTests testTwoConcurrentFullRefreshesPreservePendingLocalRow]' started.
Test Case '-[SendmeterCoreTests.CachedWorkspaceTests testTwoConcurrentFullRefreshesPreservePendingLocalRow]' passed (0.008 seconds).
Test Suite 'CachedWorkspaceTests' passed at 2569-10-04 11:51:49.744 AM.
	 Executed 40 tests, with 0 failures (0 unexpected) in 0.227 (0.231) seconds
Test Suite 'ChartAxisLabelRuleTests' started at 2569-10-04 11:51:49.745 AM.
Test Case '-[SendmeterCoreTests.ChartAxisLabelRuleTests testAccessibilitySizesThinTheTickLabelsAtTheSmallestPhoneWidth]' started.
Test Case '-[SendmeterCoreTests.ChartAxisLabelRuleTests testAccessibilitySizesThinTheTickLabelsAtTheSmallestPhoneWidth]' passed (0.001 seconds).
Test Case '-[SendmeterCoreTests.ChartAxisLabelRuleTests testAccessibilitySizesThinTheWeeklyLabelsInsteadOfClippingThem]' started.
Test Case '-[SendmeterCoreTests.ChartAxisLabelRuleTests testAccessibilitySizesThinTheWeeklyLabelsInsteadOfClippingThem]' passed (0.000 seconds).
Test Case '-[SendmeterCoreTests.ChartAxisLabelRuleTests testColumnCentresMatchTheBarHitTestSlots]' started.
Test Case '-[SendmeterCoreTests.ChartAxisLabelRuleTests testColumnCentresMatchTheBarHitTestSlots]' passed (0.000 seconds).
Test Case '-[SendmeterCoreTests.ChartAxisLabelRuleTests testColumnPlanHandlesDegenerateInputs]' started.
Test Case '-[SendmeterCoreTests.ChartAxisLabelRuleTests testColumnPlanHandlesDegenerateInputs]' passed (0.000 seconds).
Test Case '-[SendmeterCoreTests.ChartAxisLabelRuleTests testColumnPlanKeepsEveryWeeklyLabelAtTheDefaultSize]' started.
Test Case '-[SendmeterCoreTests.ChartAxisLabelRuleTests testColumnPlanKeepsEveryWeeklyLabelAtTheDefaultSize]' passed (0.000 seconds).
Test Case '-[SendmeterCoreTests.ChartAxisLabelRuleTests testEveryDrawnColumnLabelStaysInsideItsColumnAndClearsItsNeighbour]' started.
Test Case '-[SendmeterCoreTests.ChartAxisLabelRuleTests testEveryDrawnColumnLabelStaysInsideItsColumnAndClearsItsNeighbour]' passed (0.002 seconds).
Test Case '-[SendmeterCoreTests.ChartAxisLabelRuleTests testEveryKeptLabelClearsItsNeighbourAcrossTheDynamicTypeRange]' started.
Test Case '-[SendmeterCoreTests.ChartAxisLabelRuleTests testEveryKeptLabelClearsItsNeighbourAcrossTheDynamicTypeRange]' passed (0.001 seconds).
Test Case '-[SendmeterCoreTests.ChartAxisLabelRuleTests testInsetsGrowWithTheResolvedPointSize]' started.
Test Case '-[SendmeterCoreTests.ChartAxisLabelRuleTests testInsetsGrowWithTheResolvedPointSize]' passed (0.000 seconds).
Test Case '-[SendmeterCoreTests.ChartAxisLabelRuleTests testInsetsKeepTheOutermostLabelsInsideTheCanvasAtEveryTextSize]' started.
Test Case '-[SendmeterCoreTests.ChartAxisLabelRuleTests testInsetsKeepTheOutermostLabelsInsideTheCanvasAtEveryTextSize]' passed (0.000 seconds).
Test Case '-[SendmeterCoreTests.ChartAxisLabelRuleTests testInsetsNeverShrinkTheShippedPlotAtTheDefaultSize]' started.
Test Case '-[SendmeterCoreTests.ChartAxisLabelRuleTests testInsetsNeverShrinkTheShippedPlotAtTheDefaultSize]' passed (0.000 seconds).
Test Case '-[SendmeterCoreTests.ChartAxisLabelRuleTests testTheLeftmostTickIsAlwaysLabelledEvenWhenNothingFits]' started.
Test Case '-[SendmeterCoreTests.ChartAxisLabelRuleTests testTheLeftmostTickIsAlwaysLabelledEvenWhenNothingFits]' passed (0.000 seconds).
Test Case '-[SendmeterCoreTests.ChartAxisLabelRuleTests testTheSharedRuleIsTheCaption2StyleAtTheDefaultSize]' started.
Test Case '-[SendmeterCoreTests.ChartAxisLabelRuleTests testTheSharedRuleIsTheCaption2StyleAtTheDefaultSize]' passed (0.003 seconds).
Test Case '-[SendmeterCoreTests.ChartAxisLabelRuleTests testWidthAndHeightEstimatesScaleWithTheResolvedPointSize]' started.
Test Case '-[SendmeterCoreTests.ChartAxisLabelRuleTests testWidthAndHeightEstimatesScaleWithTheResolvedPointSize]' passed (0.000 seconds).
Test Suite 'ChartAxisLabelRuleTests' passed at 2569-10-04 11:51:49.754 AM.
	 Executed 13 tests, with 0 failures (0 unexpected) in 0.008 (0.010) seconds
Test Suite 'ChartThemeTests' started at 2569-10-04 11:51:49.754 AM.
Test Case '-[SendmeterCoreTests.ChartThemeTests testActivityHueCountIsEleven]' started.
Test Case '-[SendmeterCoreTests.ChartThemeTests testActivityHueCountIsEleven]' passed (0.000 seconds).
Test Case '-[SendmeterCoreTests.ChartThemeTests testActivityHueHexesMatchCSS]' started.
Test Case '-[SendmeterCoreTests.ChartThemeTests testActivityHueHexesMatchCSS]' passed (0.000 seconds).
Test Case '-[SendmeterCoreTests.ChartThemeTests testActivityHuesAreExhaustivelyPinned]' started.
Test Case '-[SendmeterCoreTests.ChartThemeTests testActivityHuesAreExhaustivelyPinned]' passed (0.000 seconds).
Test Case '-[SendmeterCoreTests.ChartThemeTests testACWRStatusColorMappingMatchesLoadCard]' started.
Test Case '-[SendmeterCoreTests.ChartThemeTests testACWRStatusColorMappingMatchesLoadCard]' passed (0.002 seconds).
Test Case '-[SendmeterCoreTests.ChartThemeTests testAreaGradientBottomStopPerChartDefs]' started.
Test Case '-[SendmeterCoreTests.ChartThemeTests testAreaGradientBottomStopPerChartDefs]' passed (0.000 seconds).
Test Case '-[SendmeterCoreTests.ChartThemeTests testAreaOpacityMatchesCSS]' started.
Test Case '-[SendmeterCoreTests.ChartThemeTests testAreaOpacityMatchesCSS]' passed (0.000 seconds).
Test Case '-[SendmeterCoreTests.ChartThemeTests testBandOpacityMatchesCSS]' started.
Test Case '-[SendmeterCoreTests.ChartThemeTests testBandOpacityMatchesCSS]' passed (0.000 seconds).
Test Case '-[SendmeterCoreTests.ChartThemeTests testColorsResolveForBothSchemes]' started.
Test Case '-[SendmeterCoreTests.ChartThemeTests testColorsResolveForBothSchemes]' passed (0.008 seconds).
Test Case '-[SendmeterCoreTests.ChartThemeTests testEmptyActivityIDFallsBackToReference]' started.
Test Case '-[SendmeterCoreTests.ChartThemeTests testEmptyActivityIDFallsBackToReference]' passed (0.000 seconds).
Test Case '-[SendmeterCoreTests.ChartThemeTests testEveryActivityHueDiffersBetweenSchemes]' started.
Test Case '-[SendmeterCoreTests.ChartThemeTests testEveryActivityHueDiffersBetweenSchemes]' passed (0.000 seconds).
Test Case '-[SendmeterCoreTests.ChartThemeTests testForceTraceDarkMarksMeetContrastAfterCompositing]' started.
Test Case '-[SendmeterCoreTests.ChartThemeTests testForceTraceDarkMarksMeetContrastAfterCompositing]' passed (0.000 seconds).
Test Case '-[SendmeterCoreTests.ChartThemeTests testHexForSchemeResolvesPerAppearance]' started.
Test Case '-[SendmeterCoreTests.ChartThemeTests testHexForSchemeResolvesPerAppearance]' passed (0.000 seconds).
Test Case '-[SendmeterCoreTests.ChartThemeTests testKnownActivityIDResolvesToItsHue]' started.
Test Case '-[SendmeterCoreTests.ChartThemeTests testKnownActivityIDResolvesToItsHue]' passed (0.000 seconds).
Test Case '-[SendmeterCoreTests.ChartThemeTests testLightSemanticHexesStayAtCanonicalHues]' started.
Test Case '-[SendmeterCoreTests.ChartThemeTests testLightSemanticHexesStayAtCanonicalHues]' passed (0.000 seconds).
Test Case '-[SendmeterCoreTests.ChartThemeTests testSelectedHaloStopsMatchChartDefs]' started.
Test Case '-[SendmeterCoreTests.ChartThemeTests testSelectedHaloStopsMatchChartDefs]' passed (0.000 seconds).
Test Case '-[SendmeterCoreTests.ChartThemeTests testSemanticTokenCountIsThirteen]' started.
Test Case '-[SendmeterCoreTests.ChartThemeTests testSemanticTokenCountIsThirteen]' passed (0.000 seconds).
Test Case '-[SendmeterCoreTests.ChartThemeTests testSemanticTokenHexesAreExhaustivelyPinned]' started.
Test Case '-[SendmeterCoreTests.ChartThemeTests testSemanticTokenHexesAreExhaustivelyPinned]' passed (0.000 seconds).
Test Case '-[SendmeterCoreTests.ChartThemeTests testSemanticTokenHexesMatchCSS]' started.
Test Case '-[SendmeterCoreTests.ChartThemeTests testSemanticTokenHexesMatchCSS]' passed (0.000 seconds).
Test Case '-[SendmeterCoreTests.ChartThemeTests testUnknownActivityFallsBackToReference]' started.
Test Case '-[SendmeterCoreTests.ChartThemeTests testUnknownActivityFallsBackToReference]' passed (0.000 seconds).
Test Suite 'ChartThemeTests' passed at 2569-10-04 11:51:49.770 AM.
	 Executed 19 tests, with 0 failures (0 unexpected) in 0.014 (0.016) seconds
Test Suite 'CoherentCacheReadTests' started at 2569-10-04 11:51:49.770 AM.
Test Case '-[SendmeterCoreTests.CoherentCacheReadTests testAReadSeesOnlyItsOwnAccountAndOtherAccountsMoveNoRevision]' started.
Test Case '-[SendmeterCoreTests.CoherentCacheReadTests testAReadSeesOnlyItsOwnAccountAndOtherAccountsMoveNoRevision]' passed (0.010 seconds).
Test Case '-[SendmeterCoreTests.CoherentCacheReadTests testLargeHistoryKeepsOutputIdentityAndOrderAgainstThePerEntityReads]' started.
Test Case '-[SendmeterCoreTests.CoherentCacheReadTests testLargeHistoryKeepsOutputIdentityAndOrderAgainstThePerEntityReads]' passed (1.854 seconds).
Test Case '-[SendmeterCoreTests.CoherentCacheReadTests testOneReadSeesEveryAccountScopedEntityAndItsSyncState]' started.
Test Case '-[SendmeterCoreTests.CoherentCacheReadTests testOneReadSeesEveryAccountScopedEntityAndItsSyncState]' passed (0.008 seconds).
Test Case '-[SendmeterCoreTests.CoherentCacheReadTests testThePendingAccessorsAndCountsMatchTheTargetedQueries]' started.
Test Case '-[SendmeterCoreTests.CoherentCacheReadTests testThePendingAccessorsAndCountsMatchTheTargetedQueries]' passed (0.008 seconds).
Test Case '-[SendmeterCoreTests.CoherentCacheReadTests testTheReadDerivesTheSamePurgeDecisionAsTheTargetedCheck]' started.
Test Case '-[SendmeterCoreTests.CoherentCacheReadTests testTheReadDerivesTheSamePurgeDecisionAsTheTargetedCheck]' passed (0.007 seconds).
Test Case '-[SendmeterCoreTests.CoherentCacheReadTests testTheReadRecordsItsOwnCountAndThread]' started.
Test Case '-[SendmeterCoreTests.CoherentCacheReadTests testTheReadRecordsItsOwnCountAndThread]' passed (0.005 seconds).
Test Case '-[SendmeterCoreTests.CoherentCacheReadTests testTheRevisionIsStableForUnchangedStateAndMovesOnEveryKindOfWrite]' started.
Test Case '-[SendmeterCoreTests.CoherentCacheReadTests testTheRevisionIsStableForUnchangedStateAndMovesOnEveryKindOfWrite]' passed (0.009 seconds).
Test Suite 'CoherentCacheReadTests' passed at 2569-10-04 11:51:51.671 AM.
	 Executed 7 tests, with 0 failures (0 unexpected) in 1.900 (1.901) seconds
Test Suite 'DashboardCardLayoutTests' started at 2569-10-04 11:51:51.671 AM.
Test Case '-[SendmeterCoreTests.DashboardCardLayoutTests testDashboardReservesEveryStateWithTheFetchingProgressViewFootprint]' started.
Test Case '-[SendmeterCoreTests.DashboardCardLayoutTests testDashboardReservesEveryStateWithTheFetchingProgressViewFootprint]' passed (0.001 seconds).
Test Case '-[SendmeterCoreTests.DashboardCardLayoutTests testEqualizedRowHeightIncludesTheFetchingReservation]' started.
Test Case '-[SendmeterCoreTests.DashboardCardLayoutTests testEqualizedRowHeightIncludesTheFetchingReservation]' passed (0.000 seconds).
Test Case '-[SendmeterCoreTests.DashboardCardLayoutTests testEqualizedRowHeightIsZeroWithoutChildren]' started.
Test Case '-[SendmeterCoreTests.DashboardCardLayoutTests testEqualizedRowHeightIsZeroWithoutChildren]' passed (0.000 seconds).
Test Case '-[SendmeterCoreTests.DashboardCardLayoutTests testEqualizedRowHeightNeverShrinksAReservedSendConditionsState]' started.
Test Case '-[SendmeterCoreTests.DashboardCardLayoutTests testEqualizedRowHeightNeverShrinksAReservedSendConditionsState]' passed (0.000 seconds).
Test Case '-[SendmeterCoreTests.DashboardCardLayoutTests testEqualizedRowHeightUsesTheTallestMeasuredChild]' started.
Test Case '-[SendmeterCoreTests.DashboardCardLayoutTests testEqualizedRowHeightUsesTheTallestMeasuredChild]' passed (0.000 seconds).
Test Suite 'DashboardCardLayoutTests' passed at 2569-10-04 11:51:51.674 AM.
	 Executed 5 tests, with 0 failures (0 unexpected) in 0.002 (0.002) seconds
Test Suite 'DateSupportTests' started at 2569-10-04 11:51:51.674 AM.
Test Case '-[SendmeterCoreTests.DateSupportTests testCanonicalDayKeyConvertsIsoTimestampToLocalDay]' started.
Test Case '-[SendmeterCoreTests.DateSupportTests testCanonicalDayKeyConvertsIsoTimestampToLocalDay]' passed (0.001 seconds).
Test Case '-[SendmeterCoreTests.DateSupportTests testCanonicalDayKeyCorrectsLegacyBuddhistDate]' started.
Test Case '-[SendmeterCoreTests.DateSupportTests testCanonicalDayKeyCorrectsLegacyBuddhistDate]' passed (0.000 seconds).
Test Case '-[SendmeterCoreTests.DateSupportTests testCanonicalDayKeyHonorsSpaceDelimitedTimestampOffset]' started.
Test Case '-[SendmeterCoreTests.DateSupportTests testCanonicalDayKeyHonorsSpaceDelimitedTimestampOffset]' passed (0.000 seconds).
Test Case '-[SendmeterCoreTests.DateSupportTests testCanonicalDayKeyKeepsGregorianDateOnly]' started.
Test Case '-[SendmeterCoreTests.DateSupportTests testCanonicalDayKeyKeepsGregorianDateOnly]' passed (0.000 seconds).
Test Case '-[SendmeterCoreTests.DateSupportTests testCanonicalDayKeyRejectsInvalidAndGarbage]' started.
Test Case '-[SendmeterCoreTests.DateSupportTests testCanonicalDayKeyRejectsInvalidAndGarbage]' passed (0.001 seconds).
Test Case '-[SendmeterCoreTests.DateSupportTests testCanonicalDayKeyTreatsBareTimestampAsLocal]' started.
Test Case '-[SendmeterCoreTests.DateSupportTests testCanonicalDayKeyTreatsBareTimestampAsLocal]' passed (0.001 seconds).
Test Case '-[SendmeterCoreTests.DateSupportTests testDayDistance]' started.
Test Case '-[SendmeterCoreTests.DateSupportTests testDayDistance]' passed (0.000 seconds).
Test Case '-[SendmeterCoreTests.DateSupportTests testDaysAgoWalksBackThroughMonthBoundary]' started.
Test Case '-[SendmeterCoreTests.DateSupportTests testDaysAgoWalksBackThroughMonthBoundary]' passed (0.000 seconds).
Test Case '-[SendmeterCoreTests.DateSupportTests testDaysAheadWalksForwardThroughMonthBoundary]' started.
Test Case '-[SendmeterCoreTests.DateSupportTests testDaysAheadWalksForwardThroughMonthBoundary]' passed (0.000 seconds).
Test Case '-[SendmeterCoreTests.DateSupportTests testDSTGapDayParsesInsteadOfNil]' started.
Test Case '-[SendmeterCoreTests.DateSupportTests testDSTGapDayParsesInsteadOfNil]' passed (0.000 seconds).
Test Case '-[SendmeterCoreTests.DateSupportTests testFormatParseRoundTrip]' started.
Test Case '-[SendmeterCoreTests.DateSupportTests testFormatParseRoundTrip]' passed (0.000 seconds).
Test Case '-[SendmeterCoreTests.DateSupportTests testGregorianYearNotBuddhist]' started.
Test Case '-[SendmeterCoreTests.DateSupportTests testGregorianYearNotBuddhist]' passed (0.000 seconds).
Test Case '-[SendmeterCoreTests.DateSupportTests testInvalidMonthRejected]' started.
Test Case '-[SendmeterCoreTests.DateSupportTests testInvalidMonthRejected]' passed (0.000 seconds).
Test Case '-[SendmeterCoreTests.DateSupportTests testLeadingWhitespaceRejected]' started.
Test Case '-[SendmeterCoreTests.DateSupportTests testLeadingWhitespaceRejected]' passed (0.000 seconds).
Test Case '-[SendmeterCoreTests.DateSupportTests testMonthDayLabelIsGregorianAndLocaleAware]' started.
Test Case '-[SendmeterCoreTests.DateSupportTests testMonthDayLabelIsGregorianAndLocaleAware]' passed (0.004 seconds).
Test Case '-[SendmeterCoreTests.DateSupportTests testOutOfRangeDayRollsOverDocumented]' started.
Test Case '-[SendmeterCoreTests.DateSupportTests testOutOfRangeDayRollsOverDocumented]' passed (0.000 seconds).
Test Case '-[SendmeterCoreTests.DateSupportTests testRelativeDayLabel]' started.
Test Case '-[SendmeterCoreTests.DateSupportTests testRelativeDayLabel]' passed (0.001 seconds).
Test Case '-[SendmeterCoreTests.DateSupportTests testStringFormattingIsZeroPaddedGregorian]' started.
Test Case '-[SendmeterCoreTests.DateSupportTests testStringFormattingIsZeroPaddedGregorian]' passed (0.000 seconds).
Test Suite 'DateSupportTests' passed at 2569-10-04 11:51:51.684 AM.
	 Executed 18 tests, with 0 failures (0 unexpected) in 0.009 (0.010) seconds
Test Suite 'DeleteAccountConfirmationGateTests' started at 2569-10-04 11:51:51.684 AM.
Test Case '-[SendmeterCoreTests.DeleteAccountConfirmationGateTests testAdvancingCannotSkipPastAnAlreadyOpenConfirmation]' started.
Test Case '-[SendmeterCoreTests.DeleteAccountConfirmationGateTests testAdvancingCannotSkipPastAnAlreadyOpenConfirmation]' passed (0.000 seconds).
Test Case '-[SendmeterCoreTests.DeleteAccountConfirmationGateTests testAdvancingOpensTheConfirmationStepButDoesNotArmDelete]' started.
Test Case '-[SendmeterCoreTests.DeleteAccountConfirmationGateTests testAdvancingOpensTheConfirmationStepButDoesNotArmDelete]' passed (0.000 seconds).
Test Case '-[SendmeterCoreTests.DeleteAccountConfirmationGateTests testEntriesMadeBeforeTheWarningStepAreIgnored]' started.
Test Case '-[SendmeterCoreTests.DeleteAccountConfirmationGateTests testEntriesMadeBeforeTheWarningStepAreIgnored]' passed (0.000 seconds).
Test Case '-[SendmeterCoreTests.DeleteAccountConfirmationGateTests testGoingBackAlwaysClearsThePhrase]' started.
Test Case '-[SendmeterCoreTests.DeleteAccountConfirmationGateTests testGoingBackAlwaysClearsThePhrase]' passed (0.000 seconds).
Test Case '-[SendmeterCoreTests.DeleteAccountConfirmationGateTests testOnlyTheExactPhraseArmsTheDestructiveAction]' started.
Test Case '-[SendmeterCoreTests.DeleteAccountConfirmationGateTests testOnlyTheExactPhraseArmsTheDestructiveAction]' passed (0.000 seconds).
Test Case '-[SendmeterCoreTests.DeleteAccountConfirmationGateTests testStartsAtWarningAndCannotConfirm]' started.
Test Case '-[SendmeterCoreTests.DeleteAccountConfirmationGateTests testStartsAtWarningAndCannotConfirm]' passed (0.000 seconds).
Test Suite 'DeleteAccountConfirmationGateTests' passed at 2569-10-04 11:51:51.685 AM.
	 Executed 6 tests, with 0 failures (0 unexpected) in 0.001 (0.001) seconds
Test Suite 'DeltaPageReaderTests' started at 2569-10-04 11:51:51.685 AM.
Test Case '-[SendmeterCoreTests.DeltaPageReaderTests testCappedFixtureConsumesEveryPageInUpdatedAtThenIDOrderExactlyOnce]' started.
Test Case '-[SendmeterCoreTests.DeltaPageReaderTests testCappedFixtureConsumesEveryPageInUpdatedAtThenIDOrderExactlyOnce]' passed (0.015 seconds).
Test Case '-[SendmeterCoreTests.DeltaPageReaderTests testCompositeCursorRoundTripsAndUnparseableInputFallsBackToAFullRead]' started.
Test Case '-[SendmeterCoreTests.DeltaPageReaderTests testCompositeCursorRoundTripsAndUnparseableInputFallsBackToAFullRead]' passed (0.013 seconds).
Test Case '-[SendmeterCoreTests.DeltaPageReaderTests testDuplicateRetryReconcilesTheEntityOnceWithItsLatestRevision]' started.
Test Case '-[SendmeterCoreTests.DeltaPageReaderTests testDuplicateRetryReconcilesTheEntityOnceWithItsLatestRevision]' passed (0.004 seconds).
Test Case '-[SendmeterCoreTests.DeltaPageReaderTests testEmptyResponseLeavesTheCheckpointUntouched]' started.
Test Case '-[SendmeterCoreTests.DeltaPageReaderTests testEmptyResponseLeavesTheCheckpointUntouched]' passed (0.000 seconds).
Test Case '-[SendmeterCoreTests.DeltaPageReaderTests testLegacyTimestampOnlyCursorUpgradesWithoutSkippingItsTieGroup]' started.
Test Case '-[SendmeterCoreTests.DeltaPageReaderTests testLegacyTimestampOnlyCursorUpgradesWithoutSkippingItsTieGroup]' passed (0.003 seconds).
Test Case '-[SendmeterCoreTests.DeltaPageReaderTests testMiddlePageFailureThrowsAndNeverReturnsADelta]' started.
Test Case '-[SendmeterCoreTests.DeltaPageReaderTests testMiddlePageFailureThrowsAndNeverReturnsADelta]' passed (0.002 seconds).
Test Case '-[SendmeterCoreTests.DeltaPageReaderTests testOutOfOrderPageFailsClosed]' started.
Test Case '-[SendmeterCoreTests.DeltaPageReaderTests testOutOfOrderPageFailsClosed]' passed (0.004 seconds).
Test Case '-[SendmeterCoreTests.DeltaPageReaderTests testPageBudgetExhaustionThrowsInsteadOfClaimingCompleteness]' started.
Test Case '-[SendmeterCoreTests.DeltaPageReaderTests testPageBudgetExhaustionThrowsInsteadOfClaimingCompleteness]' passed (0.001 seconds).
Test Case '-[SendmeterCoreTests.DeltaPageReaderTests testResponseCapBelowTheRequestedPageSizeStillConsumesEveryRow]' started.
Test Case '-[SendmeterCoreTests.DeltaPageReaderTests testResponseCapBelowTheRequestedPageSizeStillConsumesEveryRow]' passed (0.005 seconds).
Test Suite 'DeltaPageReaderTests' passed at 2569-10-04 11:51:51.734 AM.
	 Executed 9 tests, with 0 failures (0 unexpected) in 0.048 (0.049) seconds
Test Suite 'DirectWriteReplayTests' started at 2569-10-04 11:51:51.734 AM.
Test Case '-[SendmeterCoreTests.DirectWriteReplayTests testCoalesceKeepsOneOperationPerEntity]' started.
Test Case '-[SendmeterCoreTests.DirectWriteReplayTests testCoalesceKeepsOneOperationPerEntity]' passed (0.000 seconds).
Test Case '-[SendmeterCoreTests.DirectWriteReplayTests testCreateReplayAdoptsALostAcknowledgementInsteadOfInsertingAgain]' started.
Test Case '-[SendmeterCoreTests.DirectWriteReplayTests testCreateReplayAdoptsALostAcknowledgementInsteadOfInsertingAgain]' passed (0.000 seconds).
Test Case '-[SendmeterCoreTests.DirectWriteReplayTests testCreateReplayInsertsWhenTheServerHasNothingLikeIt]' started.
Test Case '-[SendmeterCoreTests.DirectWriteReplayTests testCreateReplayInsertsWhenTheServerHasNothingLikeIt]' passed (0.000 seconds).
Test Case '-[SendmeterCoreTests.DirectWriteReplayTests testDirectWriteIntentSurvivesAFreshQueueInstanceOverTheSameFile]' started.
Test Case '-[SendmeterCoreTests.DirectWriteReplayTests testDirectWriteIntentSurvivesAFreshQueueInstanceOverTheSameFile]' passed (0.003 seconds).
Test Case '-[SendmeterCoreTests.DirectWriteReplayTests testIntentEncodesItsIdentityOperationAndContent]' started.
Test Case '-[SendmeterCoreTests.DirectWriteReplayTests testIntentEncodesItsIdentityOperationAndContent]' passed (0.000 seconds).
Test Case '-[SendmeterCoreTests.DirectWriteReplayTests testLegacyOperationIsDerivedFromProvableEvidence]' started.
Test Case '-[SendmeterCoreTests.DirectWriteReplayTests testLegacyOperationIsDerivedFromProvableEvidence]' passed (0.000 seconds).
Test Case '-[SendmeterCoreTests.DirectWriteReplayTests testMissingIntendedMutationIsAPermanentRejection]' started.
Test Case '-[SendmeterCoreTests.DirectWriteReplayTests testMissingIntendedMutationIsAPermanentRejection]' passed (0.000 seconds).
Test Case '-[SendmeterCoreTests.DirectWriteReplayTests testPresetContentComparisonDiscriminatesEverySentField]' started.
Test Case '-[SendmeterCoreTests.DirectWriteReplayTests testPresetContentComparisonDiscriminatesEverySentField]' passed (0.000 seconds).
Test Case '-[SendmeterCoreTests.DirectWriteReplayTests testPresetContentComparisonIgnoresTheServerMintedRowIdentity]' started.
Test Case '-[SendmeterCoreTests.DirectWriteReplayTests testPresetContentComparisonIgnoresTheServerMintedRowIdentity]' passed (0.000 seconds).
Test Case '-[SendmeterCoreTests.DirectWriteReplayTests testPresetContentComparisonIgnoresTransientZoneFields]' started.
Test Case '-[SendmeterCoreTests.DirectWriteReplayTests testPresetContentComparisonIgnoresTransientZoneFields]' passed (0.000 seconds).
Test Case '-[SendmeterCoreTests.DirectWriteReplayTests testRoutineContentComparisonDiscriminatesNameAndSteps]' started.
Test Case '-[SendmeterCoreTests.DirectWriteReplayTests testRoutineContentComparisonDiscriminatesNameAndSteps]' passed (0.000 seconds).
Test Case '-[SendmeterCoreTests.DirectWriteReplayTests testRoutineContentComparisonMirrorsTheServerNameCap]' started.
Test Case '-[SendmeterCoreTests.DirectWriteReplayTests testRoutineContentComparisonMirrorsTheServerNameCap]' passed (0.000 seconds).
Test Case '-[SendmeterCoreTests.DirectWriteReplayTests testRoutineIntentRoundTripsThroughTheQueueToo]' started.
Test Case '-[SendmeterCoreTests.DirectWriteReplayTests testRoutineIntentRoundTripsThroughTheQueueToo]' passed (0.001 seconds).
Test Suite 'DirectWriteReplayTests' passed at 2569-10-04 11:51:51.742 AM.
	 Executed 13 tests, with 0 failures (0 unexpected) in 0.006 (0.007) seconds
Test Suite 'EmptyStateWiringTests' started at 2569-10-04 11:51:51.742 AM.
Test Case '-[SendmeterCoreTests.EmptyStateWiringTests testAppModelOwnsIndependentRecordingBoundaryAndRefreshLoadingState]' started.
Test Case '-[SendmeterCoreTests.EmptyStateWiringTests testAppModelOwnsIndependentRecordingBoundaryAndRefreshLoadingState]' passed (0.114 seconds).
Test Case '-[SendmeterCoreTests.EmptyStateWiringTests testDashboardRecentSessionsHasHonestLoadStateAndWorkoutAction]' started.
Test Case '-[SendmeterCoreTests.EmptyStateWiringTests testDashboardRecentSessionsHasHonestLoadStateAndWorkoutAction]' passed (0.002 seconds).
Test Case '-[SendmeterCoreTests.EmptyStateWiringTests testDisconnectedProgressorKeepsSavedAnalysisVisibleAndUsesOneIllustratedConnectAction]' started.
Test Case '-[SendmeterCoreTests.EmptyStateWiringTests testDisconnectedProgressorKeepsSavedAnalysisVisibleAndUsesOneIllustratedConnectAction]' passed (0.047 seconds).
Test Case '-[SendmeterCoreTests.EmptyStateWiringTests testForceDetailSheetsOwnTheirEmptyStateAction]' started.
Test Case '-[SendmeterCoreTests.EmptyStateWiringTests testForceDetailSheetsOwnTheirEmptyStateAction]' passed (0.002 seconds).
Test Case '-[SendmeterCoreTests.EmptyStateWiringTests testForceProgressPinsEmptyDataWithoutNestingActionsInTiles]' started.
Test Case '-[SendmeterCoreTests.EmptyStateWiringTests testForceProgressPinsEmptyDataWithoutNestingActionsInTiles]' passed (0.004 seconds).
Test Case '-[SendmeterCoreTests.EmptyStateWiringTests testHistoryPinsLoadedBranchesAndContextActions]' started.
Test Case '-[SendmeterCoreTests.EmptyStateWiringTests testHistoryPinsLoadedBranchesAndContextActions]' passed (0.014 seconds).
Test Case '-[SendmeterCoreTests.EmptyStateWiringTests testNativeCurvePinsEmptySamplesAndItsRecordAction]' started.
Test Case '-[SendmeterCoreTests.EmptyStateWiringTests testNativeCurvePinsEmptySamplesAndItsRecordAction]' passed (0.002 seconds).
Test Case '-[SendmeterCoreTests.EmptyStateWiringTests testRemainingProductEmptyStatesKeepARealNextStep]' started.
Test Case '-[SendmeterCoreTests.EmptyStateWiringTests testRemainingProductEmptyStatesKeepARealNextStep]' passed (0.004 seconds).
Test Case '-[SendmeterCoreTests.EmptyStateWiringTests testSharedEmptyStateUsesSendmeterArtAndOneActionControl]' started.
Test Case '-[SendmeterCoreTests.EmptyStateWiringTests testSharedEmptyStateUsesSendmeterArtAndOneActionControl]' passed (0.001 seconds).
Test Suite 'EmptyStateWiringTests' passed at 2569-10-04 11:51:51.932 AM.
	 Executed 9 tests, with 0 failures (0 unexpected) in 0.190 (0.191) seconds
Test Suite 'ErrorSurfacePolicyTests' started at 2569-10-04 11:51:51.932 AM.
Test Case '-[SendmeterCoreTests.ErrorSurfacePolicyTests testBackgroundFailureWithLastGoodDataIsSuppressed]' started.
Test Case '-[SendmeterCoreTests.ErrorSurfacePolicyTests testBackgroundFailureWithLastGoodDataIsSuppressed]' passed (0.000 seconds).
Test Case '-[SendmeterCoreTests.ErrorSurfacePolicyTests testBackgroundFailureWithoutLastGoodDataStillSurfaces]' started.
Test Case '-[SendmeterCoreTests.ErrorSurfacePolicyTests testBackgroundFailureWithoutLastGoodDataStillSurfaces]' passed (0.000 seconds).
Test Case '-[SendmeterCoreTests.ErrorSurfacePolicyTests testUserInitiatedFailureAlwaysSurfaces]' started.
Test Case '-[SendmeterCoreTests.ErrorSurfacePolicyTests testUserInitiatedFailureAlwaysSurfaces]' passed (0.000 seconds).
Test Suite 'ErrorSurfacePolicyTests' passed at 2569-10-04 11:51:51.933 AM.
	 Executed 3 tests, with 0 failures (0 unexpected) in 0.000 (0.001) seconds
Test Suite 'ExerciseSideModeTests' started at 2569-10-04 11:51:51.933 AM.
Test Case '-[SendmeterCoreTests.ExerciseSideModeTests testAllowedSidesAlwaysIncludesUnspecified]' started.
Test Case '-[SendmeterCoreTests.ExerciseSideModeTests testAllowedSidesAlwaysIncludesUnspecified]' passed (0.001 seconds).
Test Case '-[SendmeterCoreTests.ExerciseSideModeTests testAllowedSidesPolicyTableForAllModes]' started.
Test Case '-[SendmeterCoreTests.ExerciseSideModeTests testAllowedSidesPolicyTableForAllModes]' passed (0.001 seconds).
Test Case '-[SendmeterCoreTests.ExerciseSideModeTests testAllStoredModesCollectsConfiguredTags]' started.
Test Case '-[SendmeterCoreTests.ExerciseSideModeTests testAllStoredModesCollectsConfiguredTags]' passed (0.002 seconds).
Test Case '-[SendmeterCoreTests.ExerciseSideModeTests testIsSideAllowedMatchesAllowedSides]' started.
Test Case '-[SendmeterCoreTests.ExerciseSideModeTests testIsSideAllowedMatchesAllowedSides]' passed (0.001 seconds).
Test Case '-[SendmeterCoreTests.ExerciseSideModeTests testIsSideAllowedNeverTreatsUnspecifiedAsBoth]' started.
Test Case '-[SendmeterCoreTests.ExerciseSideModeTests testIsSideAllowedNeverTreatsUnspecifiedAsBoth]' passed (0.000 seconds).
Test Case '-[SendmeterCoreTests.ExerciseSideModeTests testNormalizeSideBilateralFallsBackToBoth]' started.
Test Case '-[SendmeterCoreTests.ExerciseSideModeTests testNormalizeSideBilateralFallsBackToBoth]' passed (0.000 seconds).
Test Case '-[SendmeterCoreTests.ExerciseSideModeTests testNormalizeSideKeepsValidSideUnchanged]' started.
Test Case '-[SendmeterCoreTests.ExerciseSideModeTests testNormalizeSideKeepsValidSideUnchanged]' passed (0.000 seconds).
Test Case '-[SendmeterCoreTests.ExerciseSideModeTests testNormalizeSideModeDefaultsMissingRegistryRowToUnilateralOrBilateral]' started.
Test Case '-[SendmeterCoreTests.ExerciseSideModeTests testNormalizeSideModeDefaultsMissingRegistryRowToUnilateralOrBilateral]' passed (0.000 seconds).
Test Case '-[SendmeterCoreTests.ExerciseSideModeTests testNormalizeSideModeDefaultsUnknownToUnilateralOrBilateral]' started.
Test Case '-[SendmeterCoreTests.ExerciseSideModeTests testNormalizeSideModeDefaultsUnknownToUnilateralOrBilateral]' passed (0.000 seconds).
Test Case '-[SendmeterCoreTests.ExerciseSideModeTests testNormalizeSideModePassesThroughEveryKnownMode]' started.
Test Case '-[SendmeterCoreTests.ExerciseSideModeTests testNormalizeSideModePassesThroughEveryKnownMode]' passed (0.000 seconds).
Test Case '-[SendmeterCoreTests.ExerciseSideModeTests testNormalizeSideNeverReinterpretsHistoricalEmptyAsBoth]' started.
Test Case '-[SendmeterCoreTests.ExerciseSideModeTests testNormalizeSideNeverReinterpretsHistoricalEmptyAsBoth]' passed (0.000 seconds).
Test Case '-[SendmeterCoreTests.ExerciseSideModeTests testNormalizeSideNotApplicableFallsBackToUnspecified]' started.
Test Case '-[SendmeterCoreTests.ExerciseSideModeTests testNormalizeSideNotApplicableFallsBackToUnspecified]' passed (0.000 seconds).
Test Case '-[SendmeterCoreTests.ExerciseSideModeTests testNormalizeSideUnilateralFallsBackToUnspecifiedForAmbiguousBoth]' started.
Test Case '-[SendmeterCoreTests.ExerciseSideModeTests testNormalizeSideUnilateralFallsBackToUnspecifiedForAmbiguousBoth]' passed (0.000 seconds).
Test Case '-[SendmeterCoreTests.ExerciseSideModeTests testRecordedSideBilateralIsAlwaysBoth]' started.
Test Case '-[SendmeterCoreTests.ExerciseSideModeTests testRecordedSideBilateralIsAlwaysBoth]' passed (0.000 seconds).
Test Case '-[SendmeterCoreTests.ExerciseSideModeTests testRecordedSideChangesWithModeWhileSideStaysUnspecified]' started.
Test Case '-[SendmeterCoreTests.ExerciseSideModeTests testRecordedSideChangesWithModeWhileSideStaysUnspecified]' passed (0.001 seconds).
Test Case '-[SendmeterCoreTests.ExerciseSideModeTests testRecordedSideKeepsValidUnilateralSide]' started.
Test Case '-[SendmeterCoreTests.ExerciseSideModeTests testRecordedSideKeepsValidUnilateralSide]' passed (0.001 seconds).
Test Case '-[SendmeterCoreTests.ExerciseSideModeTests testRecordedSideNotApplicableIsAlwaysUnspecified]' started.
Test Case '-[SendmeterCoreTests.ExerciseSideModeTests testRecordedSideNotApplicableIsAlwaysUnspecified]' passed (0.000 seconds).
Test Case '-[SendmeterCoreTests.ExerciseSideModeTests testRemoveClearsStoredMode]' started.
Test Case '-[SendmeterCoreTests.ExerciseSideModeTests testRemoveClearsStoredMode]' passed (0.001 seconds).
Test Case '-[SendmeterCoreTests.ExerciseSideModeTests testStoreAndReadRoundTrip]' started.
Test Case '-[SendmeterCoreTests.ExerciseSideModeTests testStoreAndReadRoundTrip]' passed (0.002 seconds).
Test Case '-[SendmeterCoreTests.ExerciseSideModeTests testStoreDefaultsUnknownValue]' started.
Test Case '-[SendmeterCoreTests.ExerciseSideModeTests testStoreDefaultsUnknownValue]' passed (0.001 seconds).
Test Case '-[SendmeterCoreTests.ExerciseSideModeTests testStoredModeDefaultsToUnilateralOrBilateral]' started.
Test Case '-[SendmeterCoreTests.ExerciseSideModeTests testStoredModeDefaultsToUnilateralOrBilateral]' passed (0.001 seconds).
Test Suite 'ExerciseSideModeTests' passed at 2569-10-04 11:51:51.948 AM.
	 Executed 21 tests, with 0 failures (0 unexpected) in 0.013 (0.015) seconds
Test Suite 'ForceAccessibilityWiringTests' started at 2569-10-04 11:51:51.948 AM.
Test Case '-[SendmeterCoreTests.ForceAccessibilityWiringTests testEveryLiveForceTraceAnnouncesItsPeakSummary]' started.
Test Case '-[SendmeterCoreTests.ForceAccessibilityWiringTests testEveryLiveForceTraceAnnouncesItsPeakSummary]' passed (0.013 seconds).
Test Case '-[SendmeterCoreTests.ForceAccessibilityWiringTests testForceTraceUsesTheContrastAwareChartRecipe]' started.
Test Case '-[SendmeterCoreTests.ForceAccessibilityWiringTests testForceTraceUsesTheContrastAwareChartRecipe]' passed (0.010 seconds).
Test Case '-[SendmeterCoreTests.ForceAccessibilityWiringTests testLiveSummaryNamesPeakForceInKilograms]' started.
Test Case '-[SendmeterCoreTests.ForceAccessibilityWiringTests testLiveSummaryNamesPeakForceInKilograms]' passed (0.000 seconds).
Test Suite 'ForceAccessibilityWiringTests' passed at 2569-10-04 11:51:51.972 AM.
	 Executed 3 tests, with 0 failures (0 unexpected) in 0.024 (0.024) seconds
Test Suite 'ForceChartYDomainTests' started at 2569-10-04 11:51:51.972 AM.
Test Case '-[SendmeterCoreTests.ForceChartYDomainTests testBandLevelIsStableAcrossARepBoundaryWindowEmpty]' started.
Test Case '-[SendmeterCoreTests.ForceChartYDomainTests testBandLevelIsStableAcrossARepBoundaryWindowEmpty]' passed (0.000 seconds).
Test Case '-[SendmeterCoreTests.ForceChartYDomainTests testBigWindowPeakStillExpandsTheDomain]' started.
Test Case '-[SendmeterCoreTests.ForceChartYDomainTests testBigWindowPeakStillExpandsTheDomain]' passed (0.000 seconds).
Test Case '-[SendmeterCoreTests.ForceChartYDomainTests testDomainFloorsAtBandUpperBoundPlusHeadroom]' started.
Test Case '-[SendmeterCoreTests.ForceChartYDomainTests testDomainFloorsAtBandUpperBoundPlusHeadroom]' passed (0.000 seconds).
Test Case '-[SendmeterCoreTests.ForceChartYDomainTests testDomainFloorsAtTenWhenNoBand]' started.
Test Case '-[SendmeterCoreTests.ForceChartYDomainTests testDomainFloorsAtTenWhenNoBand]' passed (0.000 seconds).
Test Case '-[SendmeterCoreTests.ForceChartYDomainTests testFreshTrackerMatchesLegacyFittingBehavior]' started.
Test Case '-[SendmeterCoreTests.ForceChartYDomainTests testFreshTrackerMatchesLegacyFittingBehavior]' passed (0.000 seconds).
Test Case '-[SendmeterCoreTests.ForceChartYDomainTests testHeldPeakIsIgnoredWhenNoBandIsPresent]' started.
Test Case '-[SendmeterCoreTests.ForceChartYDomainTests testHeldPeakIsIgnoredWhenNoBandIsPresent]' passed (0.000 seconds).
Test Case '-[SendmeterCoreTests.ForceChartYDomainTests testHeldPeakKeepsTheDomainOpenForAnEmptyWindow]' started.
Test Case '-[SendmeterCoreTests.ForceChartYDomainTests testHeldPeakKeepsTheDomainOpenForAnEmptyWindow]' passed (0.000 seconds).
Test Case '-[SendmeterCoreTests.ForceChartYDomainTests testTrackerHoldGrowsWithNewStrongerPulls]' started.
Test Case '-[SendmeterCoreTests.ForceChartYDomainTests testTrackerHoldGrowsWithNewStrongerPulls]' passed (0.000 seconds).
Test Case '-[SendmeterCoreTests.ForceChartYDomainTests testTrackerHoldSurvivesConsecutiveEmptyWindows]' started.
Test Case '-[SendmeterCoreTests.ForceChartYDomainTests testTrackerHoldSurvivesConsecutiveEmptyWindows]' passed (0.000 seconds).
Test Case '-[SendmeterCoreTests.ForceChartYDomainTests testTrackerReanchorsWhenTheBandDisappears]' started.
Test Case '-[SendmeterCoreTests.ForceChartYDomainTests testTrackerReanchorsWhenTheBandDisappears]' passed (0.000 seconds).
Test Case '-[SendmeterCoreTests.ForceChartYDomainTests testTrackerReanchorsWhenTheTargetBandChanges]' started.
Test Case '-[SendmeterCoreTests.ForceChartYDomainTests testTrackerReanchorsWhenTheTargetBandChanges]' passed (0.000 seconds).
Test Suite 'ForceChartYDomainTests' passed at 2569-10-04 11:51:51.974 AM.
	 Executed 11 tests, with 0 failures (0 unexpected) in 0.001 (0.002) seconds
Test Suite 'ForceCurveAxisWiringTests' started at 2569-10-04 11:51:51.974 AM.
Test Case '-[SendmeterCoreTests.ForceCurveAxisWiringTests testChartThemeHostsTheSharedLabelStyleNextToTheAxisToken]' started.
Test Case '-[SendmeterCoreTests.ForceCurveAxisWiringTests testChartThemeHostsTheSharedLabelStyleNextToTheAxisToken]' passed (0.001 seconds).
Test Case '-[SendmeterCoreTests.ForceCurveAxisWiringTests testForceCurveCardKeepsThe755TooltipAndAccessibilityContract]' started.
Test Case '-[SendmeterCoreTests.ForceCurveAxisWiringTests testForceCurveCardKeepsThe755TooltipAndAccessibilityContract]' passed (0.005 seconds).
Test Case '-[SendmeterCoreTests.ForceCurveAxisWiringTests testForceCurveCardUsesTheSharedRuleInsteadOfFixedPointText]' started.
Test Case '-[SendmeterCoreTests.ForceCurveAxisWiringTests testForceCurveCardUsesTheSharedRuleInsteadOfFixedPointText]' passed (0.007 seconds).
Test Case '-[SendmeterCoreTests.ForceCurveAxisWiringTests testForceProgressCardUsesTheSharedRuleInsteadOfFixedPointText]' started.
Test Case '-[SendmeterCoreTests.ForceCurveAxisWiringTests testForceProgressCardUsesTheSharedRuleInsteadOfFixedPointText]' passed (0.002 seconds).
Test Suite 'ForceCurveAxisWiringTests' passed at 2569-10-04 11:51:51.990 AM.
	 Executed 4 tests, with 0 failures (0 unexpected) in 0.015 (0.015) seconds
Test Suite 'ForceCurveEngineTests' started at 2569-10-04 11:51:51.990 AM.
Test Case '-[SendmeterCoreTests.ForceCurveEngineTests testBootstrapIsDeterministicForTheSameSeed]' started.
Test Case '-[SendmeterCoreTests.ForceCurveEngineTests testBootstrapIsDeterministicForTheSameSeed]' passed (1.137 seconds).
Test Case '-[SendmeterCoreTests.ForceCurveEngineTests testBootstrapMatchesWebFixture]' started.
Test Case '-[SendmeterCoreTests.ForceCurveEngineTests testBootstrapMatchesWebFixture]' passed (0.631 seconds).
Test Case '-[SendmeterCoreTests.ForceCurveEngineTests testConcurrentSampleFetchesReconstructCandidateOrderBeforeBootstrap]' started.
Test Case '-[SendmeterCoreTests.ForceCurveEngineTests testConcurrentSampleFetchesReconstructCandidateOrderBeforeBootstrap]' passed (0.276 seconds).
Test Case '-[SendmeterCoreTests.ForceCurveEngineTests testCriticalForceFitRecoversKnownHyperbola]' started.
Test Case '-[SendmeterCoreTests.ForceCurveEngineTests testCriticalForceFitRecoversKnownHyperbola]' passed (0.464 seconds).
Test Case '-[SendmeterCoreTests.ForceCurveEngineTests testLowSampleFixtureProducesAWiderTailBand]' started.
Test Case '-[SendmeterCoreTests.ForceCurveEngineTests testLowSampleFixtureProducesAWiderTailBand]' passed (1.315 seconds).
Test Case '-[SendmeterCoreTests.ForceCurveEngineTests testMeanMaxUsesStepResampling]' started.
Test Case '-[SendmeterCoreTests.ForceCurveEngineTests testMeanMaxUsesStepResampling]' passed (0.000 seconds).
Test Case '-[SendmeterCoreTests.ForceCurveEngineTests testPercentageTargetRampsAndCapsAtOneHundredFiftyPercent]' started.
Test Case '-[SendmeterCoreTests.ForceCurveEngineTests testPercentageTargetRampsAndCapsAtOneHundredFiftyPercent]' passed (0.000 seconds).
Test Case '-[SendmeterCoreTests.ForceCurveEngineTests testReverseActionCompletionAndMetricsDoNotInventFutureMarkers]' started.
Test Case '-[SendmeterCoreTests.ForceCurveEngineTests testReverseActionCompletionAndMetricsDoNotInventFutureMarkers]' passed (0.000 seconds).
Test Case '-[SendmeterCoreTests.ForceCurveEngineTests testRoutineJSONCompatibilityRemainsSeparateFromForceMetadata]' started.
Test Case '-[SendmeterCoreTests.ForceCurveEngineTests testRoutineJSONCompatibilityRemainsSeparateFromForceMetadata]' passed (0.000 seconds).
Test Case '-[SendmeterCoreTests.ForceCurveEngineTests testTargetReferenceUsesTheResolvedPlanWithoutRecalculatingIt]' started.
Test Case '-[SendmeterCoreTests.ForceCurveEngineTests testTargetReferenceUsesTheResolvedPlanWithoutRecalculatingIt]' passed (0.000 seconds).
Test Suite 'ForceCurveEngineTests' passed at 2569-10-04 11:51:55.816 AM.
	 Executed 10 tests, with 0 failures (0 unexpected) in 3.825 (3.826) seconds
Test Suite 'ForceCurvePlotGeometryTests' started at 2569-10-04 11:51:55.816 AM.
Test Case '-[SendmeterCoreTests.ForceCurvePlotGeometryTests testGoldenWindowAndYMaximum]' started.
Test Case '-[SendmeterCoreTests.ForceCurvePlotGeometryTests testGoldenWindowAndYMaximum]' passed (0.000 seconds).
Test Case '-[SendmeterCoreTests.ForceCurvePlotGeometryTests testGoldenXFractionsForTheAdmittedTicks]' started.
Test Case '-[SendmeterCoreTests.ForceCurvePlotGeometryTests testGoldenXFractionsForTheAdmittedTicks]' passed (0.000 seconds).
Test Case '-[SendmeterCoreTests.ForceCurvePlotGeometryTests testGoldenYFractionsForTheBandAndMeasuredValues]' started.
Test Case '-[SendmeterCoreTests.ForceCurvePlotGeometryTests testGoldenYFractionsForTheBandAndMeasuredValues]' passed (0.000 seconds).
Test Case '-[SendmeterCoreTests.ForceCurvePlotGeometryTests testMissingBandAndTargetKeepTheTenKilogramFloor]' started.
Test Case '-[SendmeterCoreTests.ForceCurvePlotGeometryTests testMissingBandAndTargetKeepTheTenKilogramFloor]' passed (0.000 seconds).
Test Case '-[SendmeterCoreTests.ForceCurvePlotGeometryTests testShortWindowKeepsTheTenSecondFloor]' started.
Test Case '-[SendmeterCoreTests.ForceCurvePlotGeometryTests testShortWindowKeepsTheTenSecondFloor]' passed (0.000 seconds).
Test Case '-[SendmeterCoreTests.ForceCurvePlotGeometryTests testTheHighestBandEdgeAndTargetStillSetTheYMaximum]' started.
Test Case '-[SendmeterCoreTests.ForceCurvePlotGeometryTests testTheHighestBandEdgeAndTargetStillSetTheYMaximum]' passed (0.000 seconds).
Test Suite 'ForceCurvePlotGeometryTests' passed at 2569-10-04 11:51:55.817 AM.
	 Executed 6 tests, with 0 failures (0 unexpected) in 0.001 (0.002) seconds
Test Suite 'ForceCurveSelectionTests' started at 2569-10-04 11:51:55.817 AM.
Test Case '-[SendmeterCoreTests.ForceCurveSelectionTests testFractionAndInverseRoundTripThroughLogSpace]' started.
Test Case '-[SendmeterCoreTests.ForceCurveSelectionTests testFractionAndInverseRoundTripThroughLogSpace]' passed (0.000 seconds).
Test Case '-[SendmeterCoreTests.ForceCurveSelectionTests testFractionClampsOutsideDomain]' started.
Test Case '-[SendmeterCoreTests.ForceCurveSelectionTests testFractionClampsOutsideDomain]' passed (0.000 seconds).
Test Case '-[SendmeterCoreTests.ForceCurveSelectionTests testHalfFractionIsTheGeometricMidpoint]' started.
Test Case '-[SendmeterCoreTests.ForceCurveSelectionTests testHalfFractionIsTheGeometricMidpoint]' passed (0.000 seconds).
Test Case '-[SendmeterCoreTests.ForceCurveSelectionTests testNearestPointSkipsInvalidAndRejectsNoValidInput]' started.
Test Case '-[SendmeterCoreTests.ForceCurveSelectionTests testNearestPointSkipsInvalidAndRejectsNoValidInput]' passed (0.000 seconds).
Test Case '-[SendmeterCoreTests.ForceCurveSelectionTests testNearestPointUsesLogSpaceAcrossTheWholeCurve]' started.
Test Case '-[SendmeterCoreTests.ForceCurveSelectionTests testNearestPointUsesLogSpaceAcrossTheWholeCurve]' passed (0.000 seconds).
Test Suite 'ForceCurveSelectionTests' passed at 2569-10-04 11:51:55.818 AM.
	 Executed 5 tests, with 0 failures (0 unexpected) in 0.001 (0.001) seconds
Test Suite 'ForceCurveTooltipPlacementTests' started at 2569-10-04 11:51:55.818 AM.
Test Case '-[SendmeterCoreTests.ForceCurveTooltipPlacementTests testClampedTooltipStaysInsideEveryPlotRectTheCardsCanProduce]' started.
Test Case '-[SendmeterCoreTests.ForceCurveTooltipPlacementTests testClampedTooltipStaysInsideEveryPlotRectTheCardsCanProduce]' passed (0.002 seconds).
Test Case '-[SendmeterCoreTests.ForceCurveTooltipPlacementTests testGoldenClampKeepsTheMeasuredTooltipInsideThePlot]' started.
Test Case '-[SendmeterCoreTests.ForceCurveTooltipPlacementTests testGoldenClampKeepsTheMeasuredTooltipInsideThePlot]' passed (0.000 seconds).
Test Case '-[SendmeterCoreTests.ForceCurveTooltipPlacementTests testGoldenFallbacksBeforeTheFirstMeasurement]' started.
Test Case '-[SendmeterCoreTests.ForceCurveTooltipPlacementTests testGoldenFallbacksBeforeTheFirstMeasurement]' passed (0.000 seconds).
Test Case '-[SendmeterCoreTests.ForceCurveTooltipPlacementTests testTooltipWiderThanThePlotFallsBackToThePlotCentre]' started.
Test Case '-[SendmeterCoreTests.ForceCurveTooltipPlacementTests testTooltipWiderThanThePlotFallsBackToThePlotCentre]' passed (0.000 seconds).
Test Suite 'ForceCurveTooltipPlacementTests' passed at 2569-10-04 11:51:55.821 AM.
	 Executed 4 tests, with 0 failures (0 unexpected) in 0.002 (0.002) seconds
Test Suite 'ForceDisconnectSalvageTests' started at 2569-10-04 11:51:55.821 AM.
Test Case '-[SendmeterCoreTests.ForceDisconnectSalvageTests testSalvagedRepPersistsExactlyTheLockedTagSide]' started.
Test Case '-[SendmeterCoreTests.ForceDisconnectSalvageTests testSalvagedRepPersistsExactlyTheLockedTagSide]' passed (0.000 seconds).
Test Case '-[SendmeterCoreTests.ForceDisconnectSalvageTests testSalvageFailureReportsDurableLossNotTransientNotice]' started.
Test Case '-[SendmeterCoreTests.ForceDisconnectSalvageTests testSalvageFailureReportsDurableLossNotTransientNotice]' passed (0.003 seconds).
Test Case '-[SendmeterCoreTests.ForceDisconnectSalvageTests testSalvageLossesAccumulateWithOtherLossReasons]' started.
Test Case '-[SendmeterCoreTests.ForceDisconnectSalvageTests testSalvageLossesAccumulateWithOtherLossReasons]' passed (0.002 seconds).
Test Case '-[SendmeterCoreTests.ForceDisconnectSalvageTests testSalvageNeverInventsTagOrSideWhenLockedIsEmpty]' started.
Test Case '-[SendmeterCoreTests.ForceDisconnectSalvageTests testSalvageNeverInventsTagOrSideWhenLockedIsEmpty]' passed (0.000 seconds).
Test Case '-[SendmeterCoreTests.ForceDisconnectSalvageTests testSalvageNeverReinterpretsUnsetSideAsBoth]' started.
Test Case '-[SendmeterCoreTests.ForceDisconnectSalvageTests testSalvageNeverReinterpretsUnsetSideAsBoth]' passed (0.000 seconds).
Test Case '-[SendmeterCoreTests.ForceDisconnectSalvageTests testSalvageRequiresUnintentionalMeasuringAndTwoOrMoreSamples]' started.
Test Case '-[SendmeterCoreTests.ForceDisconnectSalvageTests testSalvageRequiresUnintentionalMeasuringAndTwoOrMoreSamples]' passed (0.000 seconds).
Test Case '-[SendmeterCoreTests.ForceDisconnectSalvageTests testSubThresholdHandsFreeSalvageIsDiscardedNotSaved]' started.
Test Case '-[SendmeterCoreTests.ForceDisconnectSalvageTests testSubThresholdHandsFreeSalvageIsDiscardedNotSaved]' passed (0.000 seconds).
Test Suite 'ForceDisconnectSalvageTests' passed at 2569-10-04 11:51:55.828 AM.
	 Executed 7 tests, with 0 failures (0 unexpected) in 0.006 (0.007) seconds
Test Suite 'ForceEmptyStateArtworkWiringTests' started at 2569-10-04 11:51:55.828 AM.
Test Case '-[SendmeterCoreTests.ForceEmptyStateArtworkWiringTests testForceDeviceEmptyStateOptsIntoApprovedMascotArtwork]' started.
Test Case '-[SendmeterCoreTests.ForceEmptyStateArtworkWiringTests testForceDeviceEmptyStateOptsIntoApprovedMascotArtwork]' passed (0.017 seconds).
Test Case '-[SendmeterCoreTests.ForceEmptyStateArtworkWiringTests testForceMascotLargeAssetIsApprovedHeroMaster]' started.
Test Case '-[SendmeterCoreTests.ForceEmptyStateArtworkWiringTests testForceMascotLargeAssetIsApprovedHeroMaster]' passed (0.001 seconds).
Test Case '-[SendmeterCoreTests.ForceEmptyStateArtworkWiringTests testProductEmptyStateShipsMascotArtworkAndKeepsSplashDefault]' started.
Test Case '-[SendmeterCoreTests.ForceEmptyStateArtworkWiringTests testProductEmptyStateShipsMascotArtworkAndKeepsSplashDefault]' passed (0.002 seconds).
Test Suite 'ForceEmptyStateArtworkWiringTests' passed at 2569-10-04 11:51:55.849 AM.
	 Executed 3 tests, with 0 failures (0 unexpected) in 0.020 (0.021) seconds
Test Suite 'ForceEngineTests' started at 2569-10-04 11:51:55.849 AM.
Test Case '-[SendmeterCoreTests.ForceEngineTests testAccumulatorCapsAtTenMinutesNotThirty]' started.
Test Case '-[SendmeterCoreTests.ForceEngineTests testAccumulatorCapsAtTenMinutesNotThirty]' passed (0.001 seconds).
Test Case '-[SendmeterCoreTests.ForceEngineTests testAccumulatorPreservesWrappingClockAndMonotonicTrace]' started.
Test Case '-[SendmeterCoreTests.ForceEngineTests testAccumulatorPreservesWrappingClockAndMonotonicTrace]' passed (0.000 seconds).
Test Case '-[SendmeterCoreTests.ForceEngineTests testAccumulatorSummarizesAndUsesRollingWindow]' started.
Test Case '-[SendmeterCoreTests.ForceEngineTests testAccumulatorSummarizesAndUsesRollingWindow]' passed (0.000 seconds).
Test Case '-[SendmeterCoreTests.ForceEngineTests testFlushSchedulerPublishesExactlyOnPendingFires]' started.
Test Case '-[SendmeterCoreTests.ForceEngineTests testFlushSchedulerPublishesExactlyOnPendingFires]' passed (0.000 seconds).
Test Case '-[SendmeterCoreTests.ForceEngineTests testLiveBufferKeepsIdentityAndPublishesOnlyAnIndexRange]' started.
Test Case '-[SendmeterCoreTests.ForceEngineTests testLiveBufferKeepsIdentityAndPublishesOnlyAnIndexRange]' passed (0.000 seconds).
Test Case '-[SendmeterCoreTests.ForceEngineTests testParsesBoundedWeightFrame]' started.
Test Case '-[SendmeterCoreTests.ForceEngineTests testParsesBoundedWeightFrame]' passed (0.000 seconds).
Test Case '-[SendmeterCoreTests.ForceEngineTests testProtocolScheduleAlternatesSidesWithoutDuplicatingReverseActionSets]' started.
Test Case '-[SendmeterCoreTests.ForceEngineTests testProtocolScheduleAlternatesSidesWithoutDuplicatingReverseActionSets]' passed (0.000 seconds).
Test Case '-[SendmeterCoreTests.ForceEngineTests testPublishBenchRunsAtShippedDisplayCadence]' started.
Test Case '-[SendmeterCoreTests.ForceEngineTests testPublishBenchRunsAtShippedDisplayCadence]' passed (0.000 seconds).
Test Case '-[SendmeterCoreTests.ForceEngineTests testSnapshotBuilderPublishesSinglePulseWhileArmed]' started.
Test Case '-[SendmeterCoreTests.ForceEngineTests testSnapshotBuilderPublishesSinglePulseWhileArmed]' passed (0.000 seconds).
Test Case '-[SendmeterCoreTests.ForceEngineTests testSnapshotWindowRangeSlicesAccumulatorStorage]' started.
Test Case '-[SendmeterCoreTests.ForceEngineTests testSnapshotWindowRangeSlicesAccumulatorStorage]' passed (0.000 seconds).
Test Case '-[SendmeterCoreTests.ForceEngineTests testVisibleRangeBounds]' started.
Test Case '-[SendmeterCoreTests.ForceEngineTests testVisibleRangeBounds]' passed (0.000 seconds).
Test Case '-[SendmeterCoreTests.ForceEngineTests testVisibleWindowIsZeroCopySliceOverStableStorage]' started.
Test Case '-[SendmeterCoreTests.ForceEngineTests testVisibleWindowIsZeroCopySliceOverStableStorage]' passed (0.000 seconds).
Test Suite 'ForceEngineTests' passed at 2569-10-04 11:51:55.853 AM.
	 Executed 12 tests, with 0 failures (0 unexpected) in 0.003 (0.004) seconds
Test Suite 'ForceMotionPolicyTests' started at 2569-10-04 11:51:55.853 AM.
Test Case '-[SendmeterCoreTests.ForceMotionPolicyTests testHeroPulseScalesOnlyForAnActivePress]' started.
Test Case '-[SendmeterCoreTests.ForceMotionPolicyTests testHeroPulseScalesOnlyForAnActivePress]' passed (0.000 seconds).
Test Case '-[SendmeterCoreTests.ForceMotionPolicyTests testPhaseMotionTargetsTheBriefDuration]' started.
Test Case '-[SendmeterCoreTests.ForceMotionPolicyTests testPhaseMotionTargetsTheBriefDuration]' passed (0.000 seconds).
Test Case '-[SendmeterCoreTests.ForceMotionPolicyTests testReduceMotionPreservesHeroStateButRemovesScaleMotion]' started.
Test Case '-[SendmeterCoreTests.ForceMotionPolicyTests testReduceMotionPreservesHeroStateButRemovesScaleMotion]' passed (0.000 seconds).
Test Case '-[SendmeterCoreTests.ForceMotionPolicyTests testReduceMotionRemovesPhaseMotion]' started.
Test Case '-[SendmeterCoreTests.ForceMotionPolicyTests testReduceMotionRemovesPhaseMotion]' passed (0.000 seconds).
Test Suite 'ForceMotionPolicyTests' passed at 2569-10-04 11:51:55.854 AM.
	 Executed 4 tests, with 0 failures (0 unexpected) in 0.001 (0.001) seconds
Test Suite 'ForceMotionWiringTests' started at 2569-10-04 11:51:55.854 AM.
Test Case '-[SendmeterCoreTests.ForceMotionWiringTests testBoulderHeroUsesTheSharedPulseAndLightCue]' started.
Test Case '-[SendmeterCoreTests.ForceMotionWiringTests testBoulderHeroUsesTheSharedPulseAndLightCue]' passed (0.003 seconds).
Test Case '-[SendmeterCoreTests.ForceMotionWiringTests testForceDeviceCardRoutesRefusalsThroughForceView]' started.
Test Case '-[SendmeterCoreTests.ForceMotionWiringTests testForceDeviceCardRoutesRefusalsThroughForceView]' passed (0.015 seconds).
Test Case '-[SendmeterCoreTests.ForceMotionWiringTests testForcePhaseSurfacesUseTheSharedSpringAndReduceMotionGate]' started.
Test Case '-[SendmeterCoreTests.ForceMotionWiringTests testForcePhaseSurfacesUseTheSharedSpringAndReduceMotionGate]' passed (0.022 seconds).
Test Case '-[SendmeterCoreTests.ForceMotionWiringTests testGuidedCompletionPanelCarriesTheInlineDoneAction]' started.
Test Case '-[SendmeterCoreTests.ForceMotionWiringTests testGuidedCompletionPanelCarriesTheInlineDoneAction]' passed (0.012 seconds).
Test Case '-[SendmeterCoreTests.ForceMotionWiringTests testGuidedRunnerRendersNoStopFinishCircleAndKeepsTheEndPill]' started.
Test Case '-[SendmeterCoreTests.ForceMotionWiringTests testGuidedRunnerRendersNoStopFinishCircleAndKeepsTheEndPill]' passed (0.014 seconds).
Test Case '-[SendmeterCoreTests.ForceMotionWiringTests testGuidedRunnerRendersProtocolAndHonestTargetContext]' started.
Test Case '-[SendmeterCoreTests.ForceMotionWiringTests testGuidedRunnerRendersProtocolAndHonestTargetContext]' passed (0.022 seconds).
Test Case '-[SendmeterCoreTests.ForceMotionWiringTests testGuidedRunnerWorkStagesAreAlwaysLoadTriggeredHandsFree]' started.
Test Case '-[SendmeterCoreTests.ForceMotionWiringTests testGuidedRunnerWorkStagesAreAlwaysLoadTriggeredHandsFree]' passed (0.011 seconds).
Test Case '-[SendmeterCoreTests.ForceMotionWiringTests testManualForceModeIsFullyRemovedFromTheForceTab]' started.
Test Case '-[SendmeterCoreTests.ForceMotionWiringTests testManualForceModeIsFullyRemovedFromTheForceTab]' passed (0.033 seconds).
Test Case '-[SendmeterCoreTests.ForceMotionWiringTests testOutsideContextCardKeepsExplicitNoTargetState]' started.
Test Case '-[SendmeterCoreTests.ForceMotionWiringTests testOutsideContextCardKeepsExplicitNoTargetState]' passed (0.004 seconds).
Test Case '-[SendmeterCoreTests.ForceMotionWiringTests testOutsideContextCardKeepsHandsFreeNextActionProminence]' started.
Test Case '-[SendmeterCoreTests.ForceMotionWiringTests testOutsideContextCardKeepsHandsFreeNextActionProminence]' passed (0.008 seconds).
Test Case '-[SendmeterCoreTests.ForceMotionWiringTests testOutsideContextCardShowsArmedHeroIdentityAndChange]' started.
Test Case '-[SendmeterCoreTests.ForceMotionWiringTests testOutsideContextCardShowsArmedHeroIdentityAndChange]' passed (0.005 seconds).
Test Case '-[SendmeterCoreTests.ForceMotionWiringTests testOutsideContextRendersConfigureCardWithoutCollapsedDisclosure]' started.
Test Case '-[SendmeterCoreTests.ForceMotionWiringTests testOutsideContextRendersConfigureCardWithoutCollapsedDisclosure]' passed (0.014 seconds).
Test Suite 'ForceMotionWiringTests' passed at 2569-10-04 11:51:56.019 AM.
	 Executed 12 tests, with 0 failures (0 unexpected) in 0.164 (0.165) seconds
Test Suite 'ForceProgressTests' started at 2569-10-04 11:51:56.019 AM.
Test Case '-[SendmeterCoreTests.ForceProgressTests testForceProgressRevisionRestartsCurveKeyAtUploadCompletionBoundary]' started.
Test Case '-[SendmeterCoreTests.ForceProgressTests testForceProgressRevisionRestartsCurveKeyAtUploadCompletionBoundary]' passed (0.000 seconds).
Test Case '-[SendmeterCoreTests.ForceProgressTests testMovementProgressRequiresMeasuredSetMetricsAndPreservesNativeFields]' started.
Test Case '-[SendmeterCoreTests.ForceProgressTests testMovementProgressRequiresMeasuredSetMetricsAndPreservesNativeFields]' passed (0.000 seconds).
Test Case '-[SendmeterCoreTests.ForceProgressTests testProgressBarsKeepSmallEffortsVisibleAndClampLargeValues]' started.
Test Case '-[SendmeterCoreTests.ForceProgressTests testProgressBarsKeepSmallEffortsVisibleAndClampLargeValues]' passed (0.000 seconds).
Test Case '-[SendmeterCoreTests.ForceProgressTests testProgressCardKeyChangesForMovementAndIgnoresDisplayFrames]' started.
Test Case '-[SendmeterCoreTests.ForceProgressTests testProgressCardKeyChangesForMovementAndIgnoresDisplayFrames]' passed (0.000 seconds).
Test Case '-[SendmeterCoreTests.ForceProgressTests testProgressInputsChangedTracksEachMovementMetricIndependently]' started.
Test Case '-[SendmeterCoreTests.ForceProgressTests testProgressInputsChangedTracksEachMovementMetricIndependently]' passed (0.000 seconds).
Test Case '-[SendmeterCoreTests.ForceProgressTests testStaticCurveInputsChangedTracksCurveChangePastCompactWindow]' started.
Test Case '-[SendmeterCoreTests.ForceProgressTests testStaticCurveInputsChangedTracksCurveChangePastCompactWindow]' passed (0.000 seconds).
Test Case '-[SendmeterCoreTests.ForceProgressTests testStaticCurveInputsChangedTracksTagAndSideEditsAcrossAllRows]' started.
Test Case '-[SendmeterCoreTests.ForceProgressTests testStaticCurveInputsChangedTracksTagAndSideEditsAcrossAllRows]' passed (0.001 seconds).
Test Case '-[SendmeterCoreTests.ForceProgressTests testStaticProgressUsesTheMeasuredEffortScopeAndKeepsTheUnslicedCount]' started.
Test Case '-[SendmeterCoreTests.ForceProgressTests testStaticProgressUsesTheMeasuredEffortScopeAndKeepsTheUnslicedCount]' passed (0.000 seconds).
Test Suite 'ForceProgressTests' passed at 2569-10-04 11:51:56.022 AM.
	 Executed 8 tests, with 0 failures (0 unexpected) in 0.003 (0.003) seconds
Test Suite 'ForceProgressWiringTests' started at 2569-10-04 11:51:56.022 AM.
Test Case '-[SendmeterCoreTests.ForceProgressWiringTests testAppModelPublishesAfterAwaitedUploadSampleRemoval]' started.
Test Case '-[SendmeterCoreTests.ForceProgressWiringTests testAppModelPublishesAfterAwaitedUploadSampleRemoval]' passed (0.044 seconds).
Test Case '-[SendmeterCoreTests.ForceProgressWiringTests testBilateralOnlyLaunchCarriesBothSemanticsViaFallbackSideNeverLeft]' started.
Test Case '-[SendmeterCoreTests.ForceProgressWiringTests testBilateralOnlyLaunchCarriesBothSemanticsViaFallbackSideNeverLeft]' passed (0.000 seconds).
Test Case '-[SendmeterCoreTests.ForceProgressWiringTests testBilateralOnlyPolicyNormalizesAndRecordsInvalidLeftAsBoth]' started.
Test Case '-[SendmeterCoreTests.ForceProgressWiringTests testBilateralOnlyPolicyNormalizesAndRecordsInvalidLeftAsBoth]' passed (0.000 seconds).
Test Case '-[SendmeterCoreTests.ForceProgressWiringTests testCurveGuardsStayOnBothSidesOfTheAwaitedModelFit]' started.
Test Case '-[SendmeterCoreTests.ForceProgressWiringTests testCurveGuardsStayOnBothSidesOfTheAwaitedModelFit]' passed (0.031 seconds).
Test Case '-[SendmeterCoreTests.ForceProgressWiringTests testForceOwnersRouteThroughGuidedHandsFreeAndRefusals]' started.
Test Case '-[SendmeterCoreTests.ForceProgressWiringTests testForceOwnersRouteThroughGuidedHandsFreeAndRefusals]' passed (0.019 seconds).
Test Case '-[SendmeterCoreTests.ForceProgressWiringTests testForceViewUsesRevisionKeyedEquatableBoundaryWithoutFullArrayEquality]' started.
Test Case '-[SendmeterCoreTests.ForceProgressWiringTests testForceViewUsesRevisionKeyedEquatableBoundaryWithoutFullArrayEquality]' passed (0.022 seconds).
Test Case '-[SendmeterCoreTests.ForceProgressWiringTests testGuidedAlternatingRunFirstWorkStageKeepsExplicitLeft]' started.
Test Case '-[SendmeterCoreTests.ForceProgressWiringTests testGuidedAlternatingRunFirstWorkStageKeepsExplicitLeft]' passed (0.000 seconds).
Test Case '-[SendmeterCoreTests.ForceProgressWiringTests testGuidedLaunchSnapshotAndDelegateHandoffStayUncoerced]' started.
Test Case '-[SendmeterCoreTests.ForceProgressWiringTests testGuidedLaunchSnapshotAndDelegateHandoffStayUncoerced]' passed (0.011 seconds).
Test Case '-[SendmeterCoreTests.ForceProgressWiringTests testGuidedSaveAttributionSideStaysLeftForExplicitLeft]' started.
Test Case '-[SendmeterCoreTests.ForceProgressWiringTests testGuidedSaveAttributionSideStaysLeftForExplicitLeft]' passed (0.000 seconds).
Test Case '-[SendmeterCoreTests.ForceProgressWiringTests testPresetEditorDocumentsAlternationAsBothModeDeclaration]' started.
Test Case '-[SendmeterCoreTests.ForceProgressWiringTests testPresetEditorDocumentsAlternationAsBothModeDeclaration]' passed (0.015 seconds).
Test Suite 'ForceProgressWiringTests' passed at 2569-10-04 11:51:56.166 AM.
	 Executed 10 tests, with 0 failures (0 unexpected) in 0.143 (0.144) seconds
Test Suite 'ForceProtocolSelectionTests' started at 2569-10-04 11:51:56.166 AM.
Test Case '-[SendmeterCoreTests.ForceProtocolSelectionTests testFreeIsIdempotent]' started.
Test Case '-[SendmeterCoreTests.ForceProtocolSelectionTests testFreeIsIdempotent]' passed (0.000 seconds).
Test Case '-[SendmeterCoreTests.ForceProtocolSelectionTests testMeasurementModeMapsFromProtocolMode]' started.
Test Case '-[SendmeterCoreTests.ForceProtocolSelectionTests testMeasurementModeMapsFromProtocolMode]' passed (0.000 seconds).
Test Case '-[SendmeterCoreTests.ForceProtocolSelectionTests testMovementSuggestionIsExposed]' started.
Test Case '-[SendmeterCoreTests.ForceProtocolSelectionTests testMovementSuggestionIsExposed]' passed (0.000 seconds).
Test Case '-[SendmeterCoreTests.ForceProtocolSelectionTests testSelectingFreeClearsSaved]' started.
Test Case '-[SendmeterCoreTests.ForceProtocolSelectionTests testSelectingFreeClearsSaved]' passed (0.000 seconds).
Test Case '-[SendmeterCoreTests.ForceProtocolSelectionTests testSelectingFreeClearsSuggested]' started.
Test Case '-[SendmeterCoreTests.ForceProtocolSelectionTests testSelectingFreeClearsSuggested]' passed (0.000 seconds).
Test Case '-[SendmeterCoreTests.ForceProtocolSelectionTests testSelectingFreeOrSuggestedOrSavedClearsMovement]' started.
Test Case '-[SendmeterCoreTests.ForceProtocolSelectionTests testSelectingFreeOrSuggestedOrSavedClearsMovement]' passed (0.000 seconds).
Test Case '-[SendmeterCoreTests.ForceProtocolSelectionTests testSelectingMovementClearsFree]' started.
Test Case '-[SendmeterCoreTests.ForceProtocolSelectionTests testSelectingMovementClearsFree]' passed (0.000 seconds).
Test Case '-[SendmeterCoreTests.ForceProtocolSelectionTests testSelectingMovementClearsSuggestedAndSaved]' started.
Test Case '-[SendmeterCoreTests.ForceProtocolSelectionTests testSelectingMovementClearsSuggestedAndSaved]' passed (0.000 seconds).
Test Case '-[SendmeterCoreTests.ForceProtocolSelectionTests testSelectingSavedClearsFree]' started.
Test Case '-[SendmeterCoreTests.ForceProtocolSelectionTests testSelectingSavedClearsFree]' passed (0.000 seconds).
Test Case '-[SendmeterCoreTests.ForceProtocolSelectionTests testSelectingSavedClearsSuggested]' started.
Test Case '-[SendmeterCoreTests.ForceProtocolSelectionTests testSelectingSavedClearsSuggested]' passed (0.000 seconds).
Test Case '-[SendmeterCoreTests.ForceProtocolSelectionTests testSelectingSuggestedClearsFree]' started.
Test Case '-[SendmeterCoreTests.ForceProtocolSelectionTests testSelectingSuggestedClearsFree]' passed (0.000 seconds).
Test Case '-[SendmeterCoreTests.ForceProtocolSelectionTests testSelectingSuggestedClearsSaved]' started.
Test Case '-[SendmeterCoreTests.ForceProtocolSelectionTests testSelectingSuggestedClearsSaved]' passed (0.000 seconds).
Test Case '-[SendmeterCoreTests.ForceProtocolSelectionTests testTappingActiveMovementDeselectsToFree]' started.
Test Case '-[SendmeterCoreTests.ForceProtocolSelectionTests testTappingActiveMovementDeselectsToFree]' passed (0.000 seconds).
Test Case '-[SendmeterCoreTests.ForceProtocolSelectionTests testTappingActiveSavedDeselectsToFree]' started.
Test Case '-[SendmeterCoreTests.ForceProtocolSelectionTests testTappingActiveSavedDeselectsToFree]' passed (0.000 seconds).
Test Case '-[SendmeterCoreTests.ForceProtocolSelectionTests testTappingActiveSuggestedDeselectsToFree]' started.
Test Case '-[SendmeterCoreTests.ForceProtocolSelectionTests testTappingActiveSuggestedDeselectsToFree]' passed (0.000 seconds).
Test Case '-[SendmeterCoreTests.ForceProtocolSelectionTests testTappingDifferentSavedSwitches]' started.
Test Case '-[SendmeterCoreTests.ForceProtocolSelectionTests testTappingDifferentSavedSwitches]' passed (0.000 seconds).
Test Suite 'ForceProtocolSelectionTests' passed at 2569-10-04 11:51:56.169 AM.
	 Executed 16 tests, with 0 failures (0 unexpected) in 0.002 (0.003) seconds
Test Suite 'ForceProtocolSidePolicyTests' started at 2569-10-04 11:51:56.169 AM.
Test Case '-[SendmeterCoreTests.ForceProtocolSidePolicyTests testAlternatingPresetWithBothSelectionStillAlternatesHonoringStartingSide]' started.
Test Case '-[SendmeterCoreTests.ForceProtocolSidePolicyTests testAlternatingPresetWithBothSelectionStillAlternatesHonoringStartingSide]' passed (0.001 seconds).
Test Case '-[SendmeterCoreTests.ForceProtocolSidePolicyTests testAlternatingPresetWithLeftSelectionRunsLeftOnly]' started.
Test Case '-[SendmeterCoreTests.ForceProtocolSidePolicyTests testAlternatingPresetWithLeftSelectionRunsLeftOnly]' passed (0.000 seconds).
Test Case '-[SendmeterCoreTests.ForceProtocolSidePolicyTests testAlternatingPresetWithRightSelectionRunsRightOnly]' started.
Test Case '-[SendmeterCoreTests.ForceProtocolSidePolicyTests testAlternatingPresetWithRightSelectionRunsRightOnly]' passed (0.000 seconds).
Test Case '-[SendmeterCoreTests.ForceProtocolSidePolicyTests testNonAlternatingPresetStillStampsSingleSideExplicitly]' started.
Test Case '-[SendmeterCoreTests.ForceProtocolSidePolicyTests testNonAlternatingPresetStillStampsSingleSideExplicitly]' passed (0.000 seconds).
Test Case '-[SendmeterCoreTests.ForceProtocolSidePolicyTests testNonAlternatingPresetWithBothKeepsLegacyUnspecifiedWorkStages]' started.
Test Case '-[SendmeterCoreTests.ForceProtocolSidePolicyTests testNonAlternatingPresetWithBothKeepsLegacyUnspecifiedWorkStages]' passed (0.000 seconds).
Test Case '-[SendmeterCoreTests.ForceProtocolSidePolicyTests testPlanWorkSidesMirrorsScheduleRule]' started.
Test Case '-[SendmeterCoreTests.ForceProtocolSidePolicyTests testPlanWorkSidesMirrorsScheduleRule]' passed (0.000 seconds).
Test Case '-[SendmeterCoreTests.ForceProtocolSidePolicyTests testRunConstructionThreadsSelectedSideLikeTheSession]' started.
Test Case '-[SendmeterCoreTests.ForceProtocolSidePolicyTests testRunConstructionThreadsSelectedSideLikeTheSession]' passed (0.000 seconds).
Test Case '-[SendmeterCoreTests.ForceProtocolSidePolicyTests testUnspecifiedSelectionKeepsCurrentBehavior]' started.
Test Case '-[SendmeterCoreTests.ForceProtocolSidePolicyTests testUnspecifiedSelectionKeepsCurrentBehavior]' passed (0.000 seconds).
Test Case '-[SendmeterCoreTests.ForceProtocolSidePolicyTests testZoneMixMaintenancePresetsMatrix]' started.
Test Case '-[SendmeterCoreTests.ForceProtocolSidePolicyTests testZoneMixMaintenancePresetsMatrix]' passed (0.000 seconds).
Test Case '-[SendmeterCoreTests.ForceProtocolSidePolicyTests testZoneMixZonePresetsMatrix]' started.
Test Case '-[SendmeterCoreTests.ForceProtocolSidePolicyTests testZoneMixZonePresetsMatrix]' passed (0.000 seconds).
Test Suite 'ForceProtocolSidePolicyTests' passed at 2569-10-04 11:51:56.173 AM.
	 Executed 10 tests, with 0 failures (0 unexpected) in 0.003 (0.004) seconds
Test Suite 'ForceRecordingContextPolicyTests' started at 2569-10-04 11:51:56.173 AM.
Test Case '-[SendmeterCoreTests.ForceRecordingContextPolicyTests testAnActiveRecordingRefusesEveryCompetingStreamOwner]' started.
Test Case '-[SendmeterCoreTests.ForceRecordingContextPolicyTests testAnActiveRecordingRefusesEveryCompetingStreamOwner]' passed (0.000 seconds).
Test Case '-[SendmeterCoreTests.ForceRecordingContextPolicyTests testAnArmedButIdleHandsFreeStreamCanBeHandedToAProtocol]' started.
Test Case '-[SendmeterCoreTests.ForceRecordingContextPolicyTests testAnArmedButIdleHandsFreeStreamCanBeHandedToAProtocol]' passed (0.000 seconds).
Test Case '-[SendmeterCoreTests.ForceRecordingContextPolicyTests testAnArmedHandsFreeStreamLocksTheRecordingContextBeforeTheFirstPull]' started.
Test Case '-[SendmeterCoreTests.ForceRecordingContextPolicyTests testAnArmedHandsFreeStreamLocksTheRecordingContextBeforeTheFirstPull]' passed (0.000 seconds).
Test Case '-[SendmeterCoreTests.ForceRecordingContextPolicyTests testHandsFreePreferenceWithoutAnArmLeavesTheContextEditable]' started.
Test Case '-[SendmeterCoreTests.ForceRecordingContextPolicyTests testHandsFreePreferenceWithoutAnArmLeavesTheContextEditable]' passed (0.000 seconds).
Test Case '-[SendmeterCoreTests.ForceRecordingContextPolicyTests testSelectingAProtocolDoesNotBlockHandsFreeOrGuidedBeforeTheStreamStarts]' started.
Test Case '-[SendmeterCoreTests.ForceRecordingContextPolicyTests testSelectingAProtocolDoesNotBlockHandsFreeOrGuidedBeforeTheStreamStarts]' passed (0.000 seconds).
Test Suite 'ForceRecordingContextPolicyTests' passed at 2569-10-04 11:51:56.174 AM.
	 Executed 5 tests, with 0 failures (0 unexpected) in 0.001 (0.001) seconds
Test Suite 'ForceRecoveryActionPolicyTests' started at 2569-10-04 11:51:56.174 AM.
Test Case '-[SendmeterCoreTests.ForceRecoveryActionPolicyTests testAFailedSaveFallsBackToOfferingDiscard]' started.
Test Case '-[SendmeterCoreTests.ForceRecoveryActionPolicyTests testAFailedSaveFallsBackToOfferingDiscard]' passed (0.000 seconds).
Test Case '-[SendmeterCoreTests.ForceRecoveryActionPolicyTests testAHeldPullNeverLosesEveryActionInAnyCombination]' started.
Test Case '-[SendmeterCoreTests.ForceRecoveryActionPolicyTests testAHeldPullNeverLosesEveryActionInAnyCombination]' passed (0.000 seconds).
Test Case '-[SendmeterCoreTests.ForceRecoveryActionPolicyTests testSavingInFlightIsTheOnlyStateWithBothActionsUnavailable]' started.
Test Case '-[SendmeterCoreTests.ForceRecoveryActionPolicyTests testSavingInFlightIsTheOnlyStateWithBothActionsUnavailable]' passed (0.000 seconds).
Test Case '-[SendmeterCoreTests.ForceRecoveryActionPolicyTests testSessionActiveIsInertAcrossTheWholeMatrix]' started.
Test Case '-[SendmeterCoreTests.ForceRecoveryActionPolicyTests testSessionActiveIsInertAcrossTheWholeMatrix]' passed (0.000 seconds).
Test Case '-[SendmeterCoreTests.ForceRecoveryActionPolicyTests testThePreFixConditionIsTheDeadlockThePolicyMustNotReproduce]' started.
Test Case '-[SendmeterCoreTests.ForceRecoveryActionPolicyTests testThePreFixConditionIsTheDeadlockThePolicyMustNotReproduce]' passed (0.000 seconds).
Test Suite 'ForceRecoveryActionPolicyTests' passed at 2569-10-04 11:51:56.175 AM.
	 Executed 5 tests, with 0 failures (0 unexpected) in 0.001 (0.001) seconds
Test Suite 'ForceSaveOutcomeTests' started at 2569-10-04 11:51:56.175 AM.
Test Case '-[SendmeterCoreTests.ForceSaveOutcomeTests testPersistenceFailureDisarmsAndReportsHandsFree]' started.
Test Case '-[SendmeterCoreTests.ForceSaveOutcomeTests testPersistenceFailureDisarmsAndReportsHandsFree]' passed (0.000 seconds).
Test Case '-[SendmeterCoreTests.ForceSaveOutcomeTests testSavedCompletionRearmsWithoutFailureSurface]' started.
Test Case '-[SendmeterCoreTests.ForceSaveOutcomeTests testSavedCompletionRearmsWithoutFailureSurface]' passed (0.000 seconds).
Test Case '-[SendmeterCoreTests.ForceSaveOutcomeTests testStaleCompletionLeavesHandsFreeOwnedByTheCurrentAccount]' started.
Test Case '-[SendmeterCoreTests.ForceSaveOutcomeTests testStaleCompletionLeavesHandsFreeOwnedByTheCurrentAccount]' passed (0.000 seconds).
Test Suite 'ForceSaveOutcomeTests' passed at 2569-10-04 11:51:56.176 AM.
	 Executed 3 tests, with 0 failures (0 unexpected) in 0.000 (0.001) seconds
Test Suite 'ForceTagChipsTests' started at 2569-10-04 11:51:56.176 AM.
Test Case '-[SendmeterCoreTests.ForceTagChipsTests testActiveTagBeyondVisiblePrefixAlwaysAppears]' started.
Test Case '-[SendmeterCoreTests.ForceTagChipsTests testActiveTagBeyondVisiblePrefixAlwaysAppears]' passed (0.000 seconds).
Test Case '-[SendmeterCoreTests.ForceTagChipsTests testEmptyActiveTagDoesNotInventAChip]' started.
Test Case '-[SendmeterCoreTests.ForceTagChipsTests testEmptyActiveTagDoesNotInventAChip]' passed (0.000 seconds).
Test Case '-[SendmeterCoreTests.ForceTagChipsTests testHiddenCountIsZeroWhenNothingIsHidden]' started.
Test Case '-[SendmeterCoreTests.ForceTagChipsTests testHiddenCountIsZeroWhenNothingIsHidden]' passed (0.000 seconds).
Test Case '-[SendmeterCoreTests.ForceTagChipsTests testRevealAllShowsEveryTagAndClearsHiddenCount]' started.
Test Case '-[SendmeterCoreTests.ForceTagChipsTests testRevealAllShowsEveryTagAndClearsHiddenCount]' passed (0.000 seconds).
Test Case '-[SendmeterCoreTests.ForceTagChipsTests testUniqueTagsDropsDuplicateAndBlankNames]' started.
Test Case '-[SendmeterCoreTests.ForceTagChipsTests testUniqueTagsDropsDuplicateAndBlankNames]' passed (0.000 seconds).
Test Case '-[SendmeterCoreTests.ForceTagChipsTests testUnknownActiveTagIsShownFirstAndImmediatelyVisible]' started.
Test Case '-[SendmeterCoreTests.ForceTagChipsTests testUnknownActiveTagIsShownFirstAndImmediatelyVisible]' passed (0.000 seconds).
Test Suite 'ForceTagChipsTests' passed at 2569-10-04 11:51:56.177 AM.
	 Executed 6 tests, with 0 failures (0 unexpected) in 0.001 (0.001) seconds
Test Suite 'ForceTraceChartDomainWiringTests' started at 2569-10-04 11:51:56.177 AM.
Test Case '-[SendmeterCoreTests.ForceTraceChartDomainWiringTests testEveryForceViewTraceFeedUsesTheSharedChart]' started.
Test Case '-[SendmeterCoreTests.ForceTraceChartDomainWiringTests testEveryForceViewTraceFeedUsesTheSharedChart]' passed (0.015 seconds).
Test Case '-[SendmeterCoreTests.ForceTraceChartDomainWiringTests testForceTraceChartDrawsThroughTheSharedCoreDomain]' started.
Test Case '-[SendmeterCoreTests.ForceTraceChartDomainWiringTests testForceTraceChartDrawsThroughTheSharedCoreDomain]' passed (0.012 seconds).
Test Suite 'ForceTraceChartDomainWiringTests' passed at 2569-10-04 11:51:56.204 AM.
	 Executed 2 tests, with 0 failures (0 unexpected) in 0.027 (0.027) seconds
Test Suite 'ForegroundRefreshPolicyTests' started at 2569-10-04 11:51:56.204 AM.
Test Case '-[SendmeterCoreTests.ForegroundRefreshPolicyTests testBeyondWindowRefreshes]' started.
Test Case '-[SendmeterCoreTests.ForegroundRefreshPolicyTests testBeyondWindowRefreshes]' passed (0.000 seconds).
Test Case '-[SendmeterCoreTests.ForegroundRefreshPolicyTests testExactWindowBoundaryRefreshes]' started.
Test Case '-[SendmeterCoreTests.ForegroundRefreshPolicyTests testExactWindowBoundaryRefreshes]' passed (0.000 seconds).
Test Case '-[SendmeterCoreTests.ForegroundRefreshPolicyTests testFreshLoadedConnectedForegroundSkips]' started.
Test Case '-[SendmeterCoreTests.ForegroundRefreshPolicyTests testFreshLoadedConnectedForegroundSkips]' passed (0.000 seconds).
Test Case '-[SendmeterCoreTests.ForegroundRefreshPolicyTests testMonotonicClockNeverGoesBackward]' started.
Test Case '-[SendmeterCoreTests.ForegroundRefreshPolicyTests testMonotonicClockNeverGoesBackward]' passed (0.000 seconds).
Test Case '-[SendmeterCoreTests.ForegroundRefreshPolicyTests testNeverLoadedDataAlwaysRefreshes]' started.
Test Case '-[SendmeterCoreTests.ForegroundRefreshPolicyTests testNeverLoadedDataAlwaysRefreshes]' passed (0.000 seconds).
Test Case '-[SendmeterCoreTests.ForegroundRefreshPolicyTests testNilLastRefreshRefreshes]' started.
Test Case '-[SendmeterCoreTests.ForegroundRefreshPolicyTests testNilLastRefreshRefreshes]' passed (0.000 seconds).
Test Case '-[SendmeterCoreTests.ForegroundRefreshPolicyTests testRealtimeDownRefreshesEvenWhenRecentlyLoaded]' started.
Test Case '-[SendmeterCoreTests.ForegroundRefreshPolicyTests testRealtimeDownRefreshesEvenWhenRecentlyLoaded]' passed (0.000 seconds).
Test Case '-[SendmeterCoreTests.ForegroundRefreshPolicyTests testZeroStaleWindowAlwaysRefreshes]' started.
Test Case '-[SendmeterCoreTests.ForegroundRefreshPolicyTests testZeroStaleWindowAlwaysRefreshes]' passed (0.000 seconds).
Test Suite 'ForegroundRefreshPolicyTests' passed at 2569-10-04 11:51:56.206 AM.
	 Executed 8 tests, with 0 failures (0 unexpected) in 0.001 (0.002) seconds
Test Suite 'FriendlyErrorTests' started at 2569-10-04 11:51:56.206 AM.
Test Case '-[SendmeterCoreTests.FriendlyErrorTests testAuthErrorCodesUseSpecificFixedCopy]' started.
Test Case '-[SendmeterCoreTests.FriendlyErrorTests testAuthErrorCodesUseSpecificFixedCopy]' passed (0.000 seconds).
Test Case '-[SendmeterCoreTests.FriendlyErrorTests testBackendWordingStillUsesFixedCopy]' started.
Test Case '-[SendmeterCoreTests.FriendlyErrorTests testBackendWordingStillUsesFixedCopy]' passed (0.000 seconds).
Test Case '-[SendmeterCoreTests.FriendlyErrorTests testCachePreparationFailuresClassifyAsCacheUnavailable]' started.
Test Case '-[SendmeterCoreTests.FriendlyErrorTests testCachePreparationFailuresClassifyAsCacheUnavailable]' passed (0.000 seconds).
Test Case '-[SendmeterCoreTests.FriendlyErrorTests testCacheStorageFailuresClassifyAsCacheUnavailable]' started.
Test Case '-[SendmeterCoreTests.FriendlyErrorTests testCacheStorageFailuresClassifyAsCacheUnavailable]' passed (0.001 seconds).
Test Case '-[SendmeterCoreTests.FriendlyErrorTests testCoreStorageErrorsClassifyInsteadOfFallingToUnknown]' started.
Test Case '-[SendmeterCoreTests.FriendlyErrorTests testCoreStorageErrorsClassifyInsteadOfFallingToUnknown]' passed (0.000 seconds).
Test Case '-[SendmeterCoreTests.FriendlyErrorTests testDecodingFailureClassifiesAsUnreadableData]' started.
Test Case '-[SendmeterCoreTests.FriendlyErrorTests testDecodingFailureClassifiesAsUnreadableData]' passed (0.000 seconds).
Test Case '-[SendmeterCoreTests.FriendlyErrorTests testDeltaReadFailuresClassifyAsUnreadableData]' started.
Test Case '-[SendmeterCoreTests.FriendlyErrorTests testDeltaReadFailuresClassifyAsUnreadableData]' passed (0.000 seconds).
Test Case '-[SendmeterCoreTests.FriendlyErrorTests testDiagnosticDetailUsesFixedCopy]' started.
Test Case '-[SendmeterCoreTests.FriendlyErrorTests testDiagnosticDetailUsesFixedCopy]' passed (0.000 seconds).
Test Case '-[SendmeterCoreTests.FriendlyErrorTests testFixedClassesUseStableActionableCopy]' started.
Test Case '-[SendmeterCoreTests.FriendlyErrorTests testFixedClassesUseStableActionableCopy]' passed (0.000 seconds).
Test Case '-[SendmeterCoreTests.FriendlyErrorTests testHealthKitFrameworkFailuresClassifyByCodeFamily]' started.
Test Case '-[SendmeterCoreTests.FriendlyErrorTests testHealthKitFrameworkFailuresClassifyByCodeFamily]' passed (0.000 seconds).
Test Case '-[SendmeterCoreTests.FriendlyErrorTests testKeychainFailuresClassifyAsSecureStorageUnavailable]' started.
Test Case '-[SendmeterCoreTests.FriendlyErrorTests testKeychainFailuresClassifyAsSecureStorageUnavailable]' passed (0.000 seconds).
Test Case '-[SendmeterCoreTests.FriendlyErrorTests testLaunchPathLoadFailuresNeverClassifyAsUnknown]' started.
Test Case '-[SendmeterCoreTests.FriendlyErrorTests testLaunchPathLoadFailuresNeverClassifyAsUnknown]' passed (0.001 seconds).
Test Case '-[SendmeterCoreTests.FriendlyErrorTests testLoadFailedCopyIsActionableAndLeakFree]' started.
Test Case '-[SendmeterCoreTests.FriendlyErrorTests testLoadFailedCopyIsActionableAndLeakFree]' passed (0.000 seconds).
Test Case '-[SendmeterCoreTests.FriendlyErrorTests testQuarantineRejectionUsesKindCopy]' started.
Test Case '-[SendmeterCoreTests.FriendlyErrorTests testQuarantineRejectionUsesKindCopy]' passed (0.000 seconds).
Test Case '-[SendmeterCoreTests.FriendlyErrorTests testQueueBreadcrumbReasonsUsePlainCopy]' started.
Test Case '-[SendmeterCoreTests.FriendlyErrorTests testQueueBreadcrumbReasonsUsePlainCopy]' passed (0.000 seconds).
Test Case '-[SendmeterCoreTests.FriendlyErrorTests testQueueRejectionLabelsDoNotExposeInternalRawValues]' started.
Test Case '-[SendmeterCoreTests.FriendlyErrorTests testQueueRejectionLabelsDoNotExposeInternalRawValues]' passed (0.000 seconds).
Test Case '-[SendmeterCoreTests.FriendlyErrorTests testStorageFullClassifies]' started.
Test Case '-[SendmeterCoreTests.FriendlyErrorTests testStorageFullClassifies]' passed (0.000 seconds).
Test Case '-[SendmeterCoreTests.FriendlyErrorTests testTypedClassificationWins]' started.
Test Case '-[SendmeterCoreTests.FriendlyErrorTests testTypedClassificationWins]' passed (0.000 seconds).
Test Case '-[SendmeterCoreTests.FriendlyErrorTests testUnknownErrorNeverLeaksRawDescriptionOrTechnicalIdentifiers]' started.
Test Case '-[SendmeterCoreTests.FriendlyErrorTests testUnknownErrorNeverLeaksRawDescriptionOrTechnicalIdentifiers]' passed (0.000 seconds).
Test Case '-[SendmeterCoreTests.FriendlyErrorTests testURLErrorsClassifyWithoutLeakingDescriptions]' started.
Test Case '-[SendmeterCoreTests.FriendlyErrorTests testURLErrorsClassifyWithoutLeakingDescriptions]' passed (0.000 seconds).
Test Suite 'FriendlyErrorTests' passed at 2569-10-04 11:51:56.213 AM.
	 Executed 20 tests, with 0 failures (0 unexpected) in 0.005 (0.006) seconds
Test Suite 'GaugeSessionRPETests' started at 2569-10-04 11:51:56.213 AM.
Test Case '-[SendmeterCoreTests.GaugeSessionRPETests testEmptySessionFallsBack]' started.
Test Case '-[SendmeterCoreTests.GaugeSessionRPETests testEmptySessionFallsBack]' passed (0.000 seconds).
Test Case '-[SendmeterCoreTests.GaugeSessionRPETests testLoadMappingMatchesSharedParityFixture]' started.
Test Case '-[SendmeterCoreTests.GaugeSessionRPETests testLoadMappingMatchesSharedParityFixture]' passed (0.000 seconds).
Test Case '-[SendmeterCoreTests.GaugeSessionRPETests testMixedTagSessionSumsDepletionPerTag]' started.
Test Case '-[SendmeterCoreTests.GaugeSessionRPETests testMixedTagSessionSumsDepletionPerTag]' passed (0.000 seconds).
Test Case '-[SendmeterCoreTests.GaugeSessionRPETests testModalityOf]' started.
Test Case '-[SendmeterCoreTests.GaugeSessionRPETests testModalityOf]' passed (0.000 seconds).
Test Case '-[SendmeterCoreTests.GaugeSessionRPETests testNoteBuildsCountAndUniqueTags]' started.
Test Case '-[SendmeterCoreTests.GaugeSessionRPETests testNoteBuildsCountAndUniqueTags]' passed (0.000 seconds).
Test Case '-[SendmeterCoreTests.GaugeSessionRPETests testNoUsableCurveFallsBackToFiveUnconfirmed]' started.
Test Case '-[SendmeterCoreTests.GaugeSessionRPETests testNoUsableCurveFallsBackToFiveUnconfirmed]' passed (0.000 seconds).
Test Case '-[SendmeterCoreTests.GaugeSessionRPETests testOneBatteryOnCurvePredictsRpe4]' started.
Test Case '-[SendmeterCoreTests.GaugeSessionRPETests testOneBatteryOnCurvePredictsRpe4]' passed (0.000 seconds).
Test Case '-[SendmeterCoreTests.GaugeSessionRPETests testPrehabAddsZeroToMeasuredEffortLoad]' started.
Test Case '-[SendmeterCoreTests.GaugeSessionRPETests testPrehabAddsZeroToMeasuredEffortLoad]' passed (0.000 seconds).
Test Case '-[SendmeterCoreTests.GaugeSessionRPETests testPrehabOnlySessionIsMeasuredZeroNotFallback]' started.
Test Case '-[SendmeterCoreTests.GaugeSessionRPETests testPrehabOnlySessionIsMeasuredZeroNotFallback]' passed (0.000 seconds).
Test Case '-[SendmeterCoreTests.GaugeSessionRPETests testPrehabWithoutFittedCurveNeverCountsAsFallback]' started.
Test Case '-[SendmeterCoreTests.GaugeSessionRPETests testPrehabWithoutFittedCurveNeverCountsAsFallback]' passed (0.000 seconds).
Test Case '-[SendmeterCoreTests.GaugeSessionRPETests testReverseActionRecordingReadsItsOwnModalityCurve]' started.
Test Case '-[SendmeterCoreTests.GaugeSessionRPETests testReverseActionRecordingReadsItsOwnModalityCurve]' passed (0.000 seconds).
Test Case '-[SendmeterCoreTests.GaugeSessionRPETests testSpanDurationClampsToDbBounds]' started.
Test Case '-[SendmeterCoreTests.GaugeSessionRPETests testSpanDurationClampsToDbBounds]' passed (0.000 seconds).
Test Case '-[SendmeterCoreTests.GaugeSessionRPETests testUnmeasuredEffortWithPrehabRepIsZeroNotFallback]' started.
Test Case '-[SendmeterCoreTests.GaugeSessionRPETests testUnmeasuredEffortWithPrehabRepIsZeroNotFallback]' passed (0.000 seconds).
Test Suite 'GaugeSessionRPETests' passed at 2569-10-04 11:51:56.216 AM.
	 Executed 13 tests, with 0 failures (0 unexpected) in 0.002 (0.003) seconds
Test Suite 'GaugeSessionSaveGateTests' started at 2569-10-04 11:51:56.216 AM.
Test Case '-[SendmeterCoreTests.GaugeSessionSaveGateTests testBeginFinishPairKeepsGateBalanced]' started.
Test Case '-[SendmeterCoreTests.GaugeSessionSaveGateTests testBeginFinishPairKeepsGateBalanced]' passed (0.000 seconds).
Test Case '-[SendmeterCoreTests.GaugeSessionSaveGateTests testStaleSaveEarlyExitStillFinishesTheGate]' started.
Test Case '-[SendmeterCoreTests.GaugeSessionSaveGateTests testStaleSaveEarlyExitStillFinishesTheGate]' passed (0.000 seconds).
Test Case '-[SendmeterCoreTests.GaugeSessionSaveGateTests testWaitForIdleReturnsImmediatelyWhenIdle]' started.
Test Case '-[SendmeterCoreTests.GaugeSessionSaveGateTests testWaitForIdleReturnsImmediatelyWhenIdle]' passed (0.000 seconds).
Test Case '-[SendmeterCoreTests.GaugeSessionSaveGateTests testWaitForIdleWaitsForOutstandingSaves]' started.
Test Case '-[SendmeterCoreTests.GaugeSessionSaveGateTests testWaitForIdleWaitsForOutstandingSaves]' passed (0.000 seconds).
Test Suite 'GaugeSessionSaveGateTests' passed at 2569-10-04 11:51:56.217 AM.
	 Executed 4 tests, with 0 failures (0 unexpected) in 0.001 (0.001) seconds
Test Suite 'GaugeSessionTrackerTests' started at 2569-10-04 11:51:56.217 AM.
Test Case '-[SendmeterCoreTests.GaugeSessionTrackerTests testEndActiveClaimsExactlyOnce]' started.
Test Case '-[SendmeterCoreTests.GaugeSessionTrackerTests testEndActiveClaimsExactlyOnce]' passed (0.000 seconds).
Test Case '-[SendmeterCoreTests.GaugeSessionTrackerTests testEndActiveWithNoSessionReturnsNil]' started.
Test Case '-[SendmeterCoreTests.GaugeSessionTrackerTests testEndActiveWithNoSessionReturnsNil]' passed (0.000 seconds).
Test Case '-[SendmeterCoreTests.GaugeSessionTrackerTests testNextSaveAfterEndMintsAFreshGroup]' started.
Test Case '-[SendmeterCoreTests.GaugeSessionTrackerTests testNextSaveAfterEndMintsAFreshGroup]' passed (0.000 seconds).
Test Case '-[SendmeterCoreTests.GaugeSessionTrackerTests testResetDropsActiveSessionWithoutLogging]' started.
Test Case '-[SendmeterCoreTests.GaugeSessionTrackerTests testResetDropsActiveSessionWithoutLogging]' passed (0.000 seconds).
Test Case '-[SendmeterCoreTests.GaugeSessionTrackerTests testSessionIsMintedLazilyOnFirstSave]' started.
Test Case '-[SendmeterCoreTests.GaugeSessionTrackerTests testSessionIsMintedLazilyOnFirstSave]' passed (0.000 seconds).
Test Case '-[SendmeterCoreTests.GaugeSessionTrackerTests testTwoNearSimultaneousSavesShareOneGroup]' started.
Test Case '-[SendmeterCoreTests.GaugeSessionTrackerTests testTwoNearSimultaneousSavesShareOneGroup]' passed (0.000 seconds).
Test Suite 'GaugeSessionTrackerTests' passed at 2569-10-04 11:51:56.219 AM.
	 Executed 6 tests, with 0 failures (0 unexpected) in 0.001 (0.001) seconds
Test Suite 'GuidedActivityContentTests' started at 2569-10-04 11:51:56.219 AM.
Test Case '-[SendmeterCoreTests.GuidedActivityContentTests testAnchorSnapshotCarriesOnlyWireFields]' started.
Test Case '-[SendmeterCoreTests.GuidedActivityContentTests testAnchorSnapshotCarriesOnlyWireFields]' passed (0.000 seconds).
Test Case '-[SendmeterCoreTests.GuidedActivityContentTests testBuildsSegmentTimelineFromRun]' started.
Test Case '-[SendmeterCoreTests.GuidedActivityContentTests testBuildsSegmentTimelineFromRun]' passed (0.000 seconds).
Test Case '-[SendmeterCoreTests.GuidedActivityContentTests testCodableWireShapeMatchesWebActivitySegment]' started.
Test Case '-[SendmeterCoreTests.GuidedActivityContentTests testCodableWireShapeMatchesWebActivitySegment]' passed (0.000 seconds).
Test Case '-[SendmeterCoreTests.GuidedActivityContentTests testCurrentSegmentAndRemainingMatchTimelineAt]' started.
Test Case '-[SendmeterCoreTests.GuidedActivityContentTests testCurrentSegmentAndRemainingMatchTimelineAt]' passed (0.000 seconds).
Test Case '-[SendmeterCoreTests.GuidedActivityContentTests testFallbackSideUsedForUnspecifiedStages]' started.
Test Case '-[SendmeterCoreTests.GuidedActivityContentTests testFallbackSideUsedForUnspecifiedStages]' passed (0.000 seconds).
Test Case '-[SendmeterCoreTests.GuidedActivityContentTests testMirrorBanksPeakAcrossSnapshots]' started.
Test Case '-[SendmeterCoreTests.GuidedActivityContentTests testMirrorBanksPeakAcrossSnapshots]' passed (0.000 seconds).
Test Case '-[SendmeterCoreTests.GuidedActivityContentTests testMirrorTracksRunAcrossStageTransitions]' started.
Test Case '-[SendmeterCoreTests.GuidedActivityContentTests testMirrorTracksRunAcrossStageTransitions]' passed (0.000 seconds).
Test Case '-[SendmeterCoreTests.GuidedActivityContentTests testPausedRunAnchorDoesNotPublishFutureRunningWindow]' started.
Test Case '-[SendmeterCoreTests.GuidedActivityContentTests testPausedRunAnchorDoesNotPublishFutureRunningWindow]' passed (0.000 seconds).
Test Case '-[SendmeterCoreTests.GuidedActivityContentTests testProgressIsZeroToOneWithinSegment]' started.
Test Case '-[SendmeterCoreTests.GuidedActivityContentTests testProgressIsZeroToOneWithinSegment]' passed (0.000 seconds).
Test Case '-[SendmeterCoreTests.GuidedActivityContentTests testRestSnapshotDetailMatchesTheFullscreenRestLine]' started.
Test Case '-[SendmeterCoreTests.GuidedActivityContentTests testRestSnapshotDetailMatchesTheFullscreenRestLine]' passed (0.000 seconds).
Test Case '-[SendmeterCoreTests.GuidedActivityContentTests testRunAnchorEmitsTerminalComplete]' started.
Test Case '-[SendmeterCoreTests.GuidedActivityContentTests testRunAnchorEmitsTerminalComplete]' passed (0.000 seconds).
Test Case '-[SendmeterCoreTests.GuidedActivityContentTests testRunAnchorProgressTracksElapsedWithinStage]' started.
Test Case '-[SendmeterCoreTests.GuidedActivityContentTests testRunAnchorProgressTracksElapsedWithinStage]' passed (0.000 seconds).
Test Case '-[SendmeterCoreTests.GuidedActivityContentTests testRunAnchorReflectsSkipStage]' started.
Test Case '-[SendmeterCoreTests.GuidedActivityContentTests testRunAnchorReflectsSkipStage]' passed (0.000 seconds).
Test Case '-[SendmeterCoreTests.GuidedActivityContentTests testSnapshotMapsEpochWindowAndLabels]' started.
Test Case '-[SendmeterCoreTests.GuidedActivityContentTests testSnapshotMapsEpochWindowAndLabels]' passed (0.000 seconds).
Test Case '-[SendmeterCoreTests.GuidedActivityContentTests testWaitingHandsFreeOverrideFreezesLockScreenUntilMeasurement]' started.
Test Case '-[SendmeterCoreTests.GuidedActivityContentTests testWaitingHandsFreeOverrideFreezesLockScreenUntilMeasurement]' passed (0.000 seconds).
Test Case '-[SendmeterCoreTests.GuidedActivityContentTests testZeroDurationCompleteStageIsSkipped]' started.
Test Case '-[SendmeterCoreTests.GuidedActivityContentTests testZeroDurationCompleteStageIsSkipped]' passed (0.000 seconds).
Test Suite 'GuidedActivityContentTests' passed at 2569-10-04 11:51:56.223 AM.
	 Executed 16 tests, with 0 failures (0 unexpected) in 0.003 (0.004) seconds
Test Suite 'GuidedForceFullscreenPresentationTests' started at 2569-10-04 11:51:56.223 AM.
Test Case '-[SendmeterCoreTests.GuidedForceFullscreenPresentationTests testAdvanceCanCommitOnlyBeforeTerminalClaim]' started.
Test Case '-[SendmeterCoreTests.GuidedForceFullscreenPresentationTests testAdvanceCanCommitOnlyBeforeTerminalClaim]' passed (0.000 seconds).
Test Case '-[SendmeterCoreTests.GuidedForceFullscreenPresentationTests testAuthTransitionTeardownPrecedesAccountRevocation]' started.
Test Case '-[SendmeterCoreTests.GuidedForceFullscreenPresentationTests testAuthTransitionTeardownPrecedesAccountRevocation]' passed (0.000 seconds).
Test Case '-[SendmeterCoreTests.GuidedForceFullscreenPresentationTests testCompleteStageCarriesTheNextStepPrompt]' started.
Test Case '-[SendmeterCoreTests.GuidedForceFullscreenPresentationTests testCompleteStageCarriesTheNextStepPrompt]' passed (0.000 seconds).
Test Case '-[SendmeterCoreTests.GuidedForceFullscreenPresentationTests testFlexibleChartStopsAtItsVisualMaximum]' started.
Test Case '-[SendmeterCoreTests.GuidedForceFullscreenPresentationTests testFlexibleChartStopsAtItsVisualMaximum]' passed (0.000 seconds).
Test Case '-[SendmeterCoreTests.GuidedForceFullscreenPresentationTests testHandsFreeMeasurementReanchorsWorkStageForFullDuration]' started.
Test Case '-[SendmeterCoreTests.GuidedForceFullscreenPresentationTests testHandsFreeMeasurementReanchorsWorkStageForFullDuration]' passed (0.000 seconds).
Test Case '-[SendmeterCoreTests.GuidedForceFullscreenPresentationTests testHandsFreeTimingPolicyTransitionsFromWaitingToReanchorOnce]' started.
Test Case '-[SendmeterCoreTests.GuidedForceFullscreenPresentationTests testHandsFreeTimingPolicyTransitionsFromWaitingToReanchorOnce]' passed (0.000 seconds).
Test Case '-[SendmeterCoreTests.GuidedForceFullscreenPresentationTests testLargerTextReservesMoreAndNeverClaimsAFitOnTheSmallestPhone]' started.
Test Case '-[SendmeterCoreTests.GuidedForceFullscreenPresentationTests testLargerTextReservesMoreAndNeverClaimsAFitOnTheSmallestPhone]' passed (0.000 seconds).
Test Case '-[SendmeterCoreTests.GuidedForceFullscreenPresentationTests testLastRestBeforeCompletionShowsTheCompletionCue]' started.
Test Case '-[SendmeterCoreTests.GuidedForceFullscreenPresentationTests testLastRestBeforeCompletionShowsTheCompletionCue]' passed (0.000 seconds).
Test Case '-[SendmeterCoreTests.GuidedForceFullscreenPresentationTests testLayoutAggregateFitKeepsTheCompactScrollBoundary]' started.
Test Case '-[SendmeterCoreTests.GuidedForceFullscreenPresentationTests testLayoutAggregateFitKeepsTheCompactScrollBoundary]' passed (0.000 seconds).
Test Case '-[SendmeterCoreTests.GuidedForceFullscreenPresentationTests testLayoutBudgetReservesTheMeasuredSectionFloorsOfTheSmallestPhone]' started.
Test Case '-[SendmeterCoreTests.GuidedForceFullscreenPresentationTests testLayoutBudgetReservesTheMeasuredSectionFloorsOfTheSmallestPhone]' passed (0.000 seconds).
Test Case '-[SendmeterCoreTests.GuidedForceFullscreenPresentationTests testLayoutKeepsAReadableChartFloorOnSmallPortraitAndLandscape]' started.
Test Case '-[SendmeterCoreTests.GuidedForceFullscreenPresentationTests testLayoutKeepsAReadableChartFloorOnSmallPortraitAndLandscape]' passed (0.000 seconds).
Test Case '-[SendmeterCoreTests.GuidedForceFullscreenPresentationTests testMeasuredStackReplacesTheStaticBudgetInTheFitDecision]' started.
Test Case '-[SendmeterCoreTests.GuidedForceFullscreenPresentationTests testMeasuredStackReplacesTheStaticBudgetInTheFitDecision]' passed (0.000 seconds).
Test Case '-[SendmeterCoreTests.GuidedForceFullscreenPresentationTests testMeasurementKeepsTheFlexibleChartOutOfTheEssentialHeight]' started.
Test Case '-[SendmeterCoreTests.GuidedForceFullscreenPresentationTests testMeasurementKeepsTheFlexibleChartOutOfTheEssentialHeight]' passed (0.000 seconds).
Test Case '-[SendmeterCoreTests.GuidedForceFullscreenPresentationTests testObservedHandsFreeReleaseKeepsTheScheduledClockMoving]' started.
Test Case '-[SendmeterCoreTests.GuidedForceFullscreenPresentationTests testObservedHandsFreeReleaseKeepsTheScheduledClockMoving]' passed (0.000 seconds).
Test Case '-[SendmeterCoreTests.GuidedForceFullscreenPresentationTests testPauseAndTickerInterleavingCannotAdvanceUntilPausePersistenceFinishes]' started.
Test Case '-[SendmeterCoreTests.GuidedForceFullscreenPresentationTests testPauseAndTickerInterleavingCannotAdvanceUntilPausePersistenceFinishes]' passed (0.000 seconds).
Test Case '-[SendmeterCoreTests.GuidedForceFullscreenPresentationTests testPauseClaimFreezesTicksUntilPersistenceFinishes]' started.
Test Case '-[SendmeterCoreTests.GuidedForceFullscreenPresentationTests testPauseClaimFreezesTicksUntilPersistenceFinishes]' passed (0.000 seconds).
Test Case '-[SendmeterCoreTests.GuidedForceFullscreenPresentationTests testPausedPresentationKeepsStageDetailAndUsesPauseLabel]' started.
Test Case '-[SendmeterCoreTests.GuidedForceFullscreenPresentationTests testPausedPresentationKeepsStageDetailAndUsesPauseLabel]' passed (0.000 seconds).
Test Case '-[SendmeterCoreTests.GuidedForceFullscreenPresentationTests testRepRestDetailShowsTheNextRepAndItsHold]' started.
Test Case '-[SendmeterCoreTests.GuidedForceFullscreenPresentationTests testRepRestDetailShowsTheNextRepAndItsHold]' passed (0.000 seconds).
Test Case '-[SendmeterCoreTests.GuidedForceFullscreenPresentationTests testRestHandoffMatchesTheRunStageItLeadsInto]' started.
Test Case '-[SendmeterCoreTests.GuidedForceFullscreenPresentationTests testRestHandoffMatchesTheRunStageItLeadsInto]' passed (0.000 seconds).
Test Case '-[SendmeterCoreTests.GuidedForceFullscreenPresentationTests testResumedHandsFreeRunKeepsAlreadyElapsedWorkTime]' started.
Test Case '-[SendmeterCoreTests.GuidedForceFullscreenPresentationTests testResumedHandsFreeRunKeepsAlreadyElapsedWorkTime]' passed (0.000 seconds).
Test Case '-[SendmeterCoreTests.GuidedForceFullscreenPresentationTests testReverseActionSeparatesOutAndReturnWithoutChangingPersistenceStage]' started.
Test Case '-[SendmeterCoreTests.GuidedForceFullscreenPresentationTests testReverseActionSeparatesOutAndReturnWithoutChangingPersistenceStage]' passed (0.000 seconds).
Test Case '-[SendmeterCoreTests.GuidedForceFullscreenPresentationTests testReverseActionSetRestQuotesTheNextSetWithoutARepIndex]' started.
Test Case '-[SendmeterCoreTests.GuidedForceFullscreenPresentationTests testReverseActionSetRestQuotesTheNextSetWithoutARepIndex]' passed (0.000 seconds).
Test Case '-[SendmeterCoreTests.GuidedForceFullscreenPresentationTests testSetRestDetailQuotesTheNextSetsRampedHold]' started.
Test Case '-[SendmeterCoreTests.GuidedForceFullscreenPresentationTests testSetRestDetailQuotesTheNextSetsRampedHold]' passed (0.000 seconds).
Test Case '-[SendmeterCoreTests.GuidedForceFullscreenPresentationTests testSetRestDetailShowsTheNextSetAndRep]' started.
Test Case '-[SendmeterCoreTests.GuidedForceFullscreenPresentationTests testSetRestDetailShowsTheNextSetAndRep]' passed (0.000 seconds).
Test Case '-[SendmeterCoreTests.GuidedForceFullscreenPresentationTests testSingleSideSelectionNamesTheSideTheRestHandsOffTo]' started.
Test Case '-[SendmeterCoreTests.GuidedForceFullscreenPresentationTests testSingleSideSelectionNamesTheSideTheRestHandsOffTo]' passed (0.000 seconds).
Test Case '-[SendmeterCoreTests.GuidedForceFullscreenPresentationTests testSkipMarksAnActiveWorkSavePartial]' started.
Test Case '-[SendmeterCoreTests.GuidedForceFullscreenPresentationTests testSkipMarksAnActiveWorkSavePartial]' passed (0.000 seconds).
Test Case '-[SendmeterCoreTests.GuidedForceFullscreenPresentationTests testStaticStageLabelsUseTheGuidedVocabulary]' started.
Test Case '-[SendmeterCoreTests.GuidedForceFullscreenPresentationTests testStaticStageLabelsUseTheGuidedVocabulary]' passed (0.000 seconds).
Test Case '-[SendmeterCoreTests.GuidedForceFullscreenPresentationTests testTerminalClaimPreventsAdvanceAndRepeatedTerminalClaims]' started.
Test Case '-[SendmeterCoreTests.GuidedForceFullscreenPresentationTests testTerminalClaimPreventsAdvanceAndRepeatedTerminalClaims]' passed (0.000 seconds).
Test Suite 'GuidedForceFullscreenPresentationTests' passed at 2569-10-04 11:51:56.230 AM.
	 Executed 28 tests, with 0 failures (0 unexpected) in 0.005 (0.007) seconds
Test Suite 'GuidedForceTerminalSettlementTests' started at 2569-10-04 11:51:56.230 AM.
Test Case '-[SendmeterCoreTests.GuidedForceTerminalSettlementTests testConcurrentTerminalCallersJoinOneSettlement]' started.
Test Case '-[SendmeterCoreTests.GuidedForceTerminalSettlementTests testConcurrentTerminalCallersJoinOneSettlement]' passed (0.000 seconds).
Test Suite 'GuidedForceTerminalSettlementTests' passed at 2569-10-04 11:51:56.230 AM.
	 Executed 1 test, with 0 failures (0 unexpected) in 0.000 (0.000) seconds
Test Suite 'GuidedLaunchLifecycleTests' started at 2569-10-04 11:51:56.230 AM.
Test Case '-[SendmeterCoreTests.GuidedLaunchLifecycleTests testADeadlineNamesTheAccountsRecordedLoadFailureFamily]' started.
Test Case '-[SendmeterCoreTests.GuidedLaunchLifecycleTests testADeadlineNamesTheAccountsRecordedLoadFailureFamily]' passed (0.000 seconds).
Test Case '-[SendmeterCoreTests.GuidedLaunchLifecycleTests testADeadlineSurfacesARetryableFailureForTheAttemptedPreset]' started.
Test Case '-[SendmeterCoreTests.GuidedLaunchLifecycleTests testADeadlineSurfacesARetryableFailureForTheAttemptedPreset]' passed (0.000 seconds).
Test Case '-[SendmeterCoreTests.GuidedLaunchLifecycleTests testAStaleAttemptCannotSettleTheCurrentAttempt]' started.
Test Case '-[SendmeterCoreTests.GuidedLaunchLifecycleTests testAStaleAttemptCannotSettleTheCurrentAttempt]' passed (0.000 seconds).
Test Case '-[SendmeterCoreTests.GuidedLaunchLifecycleTests testASuccessfulLaunchLeavesNoFailureNotice]' started.
Test Case '-[SendmeterCoreTests.GuidedLaunchLifecycleTests testASuccessfulLaunchLeavesNoFailureNotice]' passed (0.000 seconds).
Test Case '-[SendmeterCoreTests.GuidedLaunchLifecycleTests testBeginClearsAPreviousFailureNotice]' started.
Test Case '-[SendmeterCoreTests.GuidedLaunchLifecycleTests testBeginClearsAPreviousFailureNotice]' passed (0.001 seconds).
Test Case '-[SendmeterCoreTests.GuidedLaunchLifecycleTests testEveryTerminalOutcomeReleasesTheInFlightFlag]' started.
Test Case '-[SendmeterCoreTests.GuidedLaunchLifecycleTests testEveryTerminalOutcomeReleasesTheInFlightFlag]' passed (0.000 seconds).
Test Case '-[SendmeterCoreTests.GuidedLaunchLifecycleTests testSettlingAnAlreadySettledAttemptIsANoOp]' started.
Test Case '-[SendmeterCoreTests.GuidedLaunchLifecycleTests testSettlingAnAlreadySettledAttemptIsANoOp]' passed (0.000 seconds).
Test Suite 'GuidedLaunchLifecycleTests' passed at 2569-10-04 11:51:56.233 AM.
	 Executed 7 tests, with 0 failures (0 unexpected) in 0.002 (0.003) seconds
Test Suite 'HandsFreeForceControllerTests' started at 2569-10-04 11:51:56.233 AM.
Test Case '-[SendmeterCoreTests.HandsFreeForceControllerTests testArmRefusesWhileRecording]' started.
Test Case '-[SendmeterCoreTests.HandsFreeForceControllerTests testArmRefusesWhileRecording]' passed (0.000 seconds).
Test Case '-[SendmeterCoreTests.HandsFreeForceControllerTests testArmStartsStreamAndLoadTriggersSingleBegin]' started.
Test Case '-[SendmeterCoreTests.HandsFreeForceControllerTests testArmStartsStreamAndLoadTriggersSingleBegin]' passed (0.000 seconds).
Test Case '-[SendmeterCoreTests.HandsFreeForceControllerTests testCallerOwnedStopPolicyNeverSavesThroughController]' started.
Test Case '-[SendmeterCoreTests.HandsFreeForceControllerTests testCallerOwnedStopPolicyNeverSavesThroughController]' passed (0.000 seconds).
Test Case '-[SendmeterCoreTests.HandsFreeForceControllerTests testCancelArmStopsStreamWithoutRecording]' started.
Test Case '-[SendmeterCoreTests.HandsFreeForceControllerTests testCancelArmStopsStreamWithoutRecording]' passed (0.000 seconds).
Test Case '-[SendmeterCoreTests.HandsFreeForceControllerTests testDisarmIsNoOpWhenIdle]' started.
Test Case '-[SendmeterCoreTests.HandsFreeForceControllerTests testDisarmIsNoOpWhenIdle]' passed (0.000 seconds).
Test Case '-[SendmeterCoreTests.HandsFreeForceControllerTests testDisconnectReconcilesToIdleAndNeverRearms]' started.
Test Case '-[SendmeterCoreTests.HandsFreeForceControllerTests testDisconnectReconcilesToIdleAndNeverRearms]' passed (0.000 seconds).
Test Case '-[SendmeterCoreTests.HandsFreeForceControllerTests testManualStopRequiresSlackBeforeNextPull]' started.
Test Case '-[SendmeterCoreTests.HandsFreeForceControllerTests testManualStopRequiresSlackBeforeNextPull]' passed (0.000 seconds).
Test Case '-[SendmeterCoreTests.HandsFreeForceControllerTests testReleaseTriggersExactlyOneStopAndSaveThenRearmsArmed]' started.
Test Case '-[SendmeterCoreTests.HandsFreeForceControllerTests testReleaseTriggersExactlyOneStopAndSaveThenRearmsArmed]' passed (0.000 seconds).
Test Case '-[SendmeterCoreTests.HandsFreeForceControllerTests testStateChangeHookTracksVisibleFlagsNotForceSampleChurn]' started.
Test Case '-[SendmeterCoreTests.HandsFreeForceControllerTests testStateChangeHookTracksVisibleFlagsNotForceSampleChurn]' passed (0.000 seconds).
Test Case '-[SendmeterCoreTests.HandsFreeForceControllerTests testStaticLoadTerminationSetsReasonAndTrimToFlatWindowStart]' started.
Test Case '-[SendmeterCoreTests.HandsFreeForceControllerTests testStaticLoadTerminationSetsReasonAndTrimToFlatWindowStart]' passed (0.000 seconds).
Test Case '-[SendmeterCoreTests.HandsFreeForceControllerTests testTrimEndIsOnRecordingClock]' started.
Test Case '-[SendmeterCoreTests.HandsFreeForceControllerTests testTrimEndIsOnRecordingClock]' passed (0.000 seconds).
Test Suite 'HandsFreeForceControllerTests' passed at 2569-10-04 11:51:56.236 AM.
	 Executed 11 tests, with 0 failures (0 unexpected) in 0.002 (0.003) seconds
Test Suite 'HapticsTests' started at 2569-10-04 11:51:56.236 AM.
Test Case '-[SendmeterCoreTests.HapticsTests testCompleteCuesStutter]' started.
Test Case '-[SendmeterCoreTests.HapticsTests testCompleteCuesStutter]' passed (0.000 seconds).
Test Case '-[SendmeterCoreTests.HapticsTests testGenuinelyDisabledFiresNothing]' started.
Test Case '-[SendmeterCoreTests.HapticsTests testGenuinelyDisabledFiresNothing]' passed (0.000 seconds).
Test Case '-[SendmeterCoreTests.HapticsTests testHandsFreeArmedCuesSingle80]' started.
Test Case '-[SendmeterCoreTests.HapticsTests testHandsFreeArmedCuesSingle80]' passed (0.000 seconds).
Test Case '-[SendmeterCoreTests.HapticsTests testHandsFreeMeasuringCuesSingle150]' started.
Test Case '-[SendmeterCoreTests.HapticsTests testHandsFreeMeasuringCuesSingle150]' passed (0.000 seconds).
Test Case '-[SendmeterCoreTests.HapticsTests testHoldTransitionCuesSingle150]' started.
Test Case '-[SendmeterCoreTests.HapticsTests testHoldTransitionCuesSingle150]' passed (0.000 seconds).
Test Case '-[SendmeterCoreTests.HapticsTests testRefusedTappableFiresWarning]' started.
Test Case '-[SendmeterCoreTests.HapticsTests testRefusedTappableFiresWarning]' passed (0.000 seconds).
Test Case '-[SendmeterCoreTests.HapticsTests testRestAndPrepareCueLikeSwitch]' started.
Test Case '-[SendmeterCoreTests.HapticsTests testRestAndPrepareCueLikeSwitch]' passed (0.000 seconds).
Test Case '-[SendmeterCoreTests.HapticsTests testScrubStayingInBandStaysSilent]' started.
Test Case '-[SendmeterCoreTests.HapticsTests testScrubStayingInBandStaysSilent]' passed (0.000 seconds).
Test Case '-[SendmeterCoreTests.HapticsTests testScrubTickFiresOncePerValueChange]' started.
Test Case '-[SendmeterCoreTests.HapticsTests testScrubTickFiresOncePerValueChange]' passed (0.000 seconds).
Test Case '-[SendmeterCoreTests.HapticsTests testSelectionCueIsDistinctFromLight]' started.
Test Case '-[SendmeterCoreTests.HapticsTests testSelectionCueIsDistinctFromLight]' passed (0.000 seconds).
Test Case '-[SendmeterCoreTests.HapticsTests testSheetGateRearmsOnNewGesture]' started.
Test Case '-[SendmeterCoreTests.HapticsTests testSheetGateRearmsOnNewGesture]' passed (0.000 seconds).
Test Case '-[SendmeterCoreTests.HapticsTests testSheetGateSilentOutsideFreshnessWindow]' started.
Test Case '-[SendmeterCoreTests.HapticsTests testSheetGateSilentOutsideFreshnessWindow]' passed (0.000 seconds).
Test Case '-[SendmeterCoreTests.HapticsTests testSheetGateSilentWithoutTap]' started.
Test Case '-[SendmeterCoreTests.HapticsTests testSheetGateSilentWithoutTap]' passed (0.000 seconds).
Test Case '-[SendmeterCoreTests.HapticsTests testSheetGateSpendsExactlyOneTickPerGesture]' started.
Test Case '-[SendmeterCoreTests.HapticsTests testSheetGateSpendsExactlyOneTickPerGesture]' passed (0.000 seconds).
Test Case '-[SendmeterCoreTests.HapticsTests testSheetLifecycleDeduplicatesRepeatedAppearanceAndDismissal]' started.
Test Case '-[SendmeterCoreTests.HapticsTests testSheetLifecycleDeduplicatesRepeatedAppearanceAndDismissal]' passed (0.000 seconds).
Test Case '-[SendmeterCoreTests.HapticsTests testSheetLifecycleIgnoresStaleDisappearanceAfterReplacement]' started.
Test Case '-[SendmeterCoreTests.HapticsTests testSheetLifecycleIgnoresStaleDisappearanceAfterReplacement]' passed (0.000 seconds).
Test Case '-[SendmeterCoreTests.HapticsTests testSheetLifecycleSupportsBooleanBackedSheets]' started.
Test Case '-[SendmeterCoreTests.HapticsTests testSheetLifecycleSupportsBooleanBackedSheets]' passed (0.000 seconds).
Test Case '-[SendmeterCoreTests.HapticsTests testSheetLifecycleTreatsItemReplacementAsCloseThenOpen]' started.
Test Case '-[SendmeterCoreTests.HapticsTests testSheetLifecycleTreatsItemReplacementAsCloseThenOpen]' passed (0.000 seconds).
Test Case '-[SendmeterCoreTests.HapticsTests testSheetPresentationPolicyUsesTheSharedRadius]' started.
Test Case '-[SendmeterCoreTests.HapticsTests testSheetPresentationPolicyUsesTheSharedRadius]' passed (0.000 seconds).
Test Case '-[SendmeterCoreTests.HapticsTests testSingleBuzzWeightMapsByDuration]' started.
Test Case '-[SendmeterCoreTests.HapticsTests testSingleBuzzWeightMapsByDuration]' passed (0.000 seconds).
Test Case '-[SendmeterCoreTests.HapticsTests testStructuralCueParity]' started.
Test Case '-[SendmeterCoreTests.HapticsTests testStructuralCueParity]' passed (0.000 seconds).
Test Case '-[SendmeterCoreTests.HapticsTests testStructuralTrackerAllowsLongHoldToComplete]' started.
Test Case '-[SendmeterCoreTests.HapticsTests testStructuralTrackerAllowsLongHoldToComplete]' passed (0.000 seconds).
Test Case '-[SendmeterCoreTests.HapticsTests testStructuralTrackerCancelKeepsGestureSilent]' started.
Test Case '-[SendmeterCoreTests.HapticsTests testStructuralTrackerCancelKeepsGestureSilent]' passed (0.000 seconds).
Test Case '-[SendmeterCoreTests.HapticsTests testStructuralTrackerConsumesSettledCueOnce]' started.
Test Case '-[SendmeterCoreTests.HapticsTests testStructuralTrackerConsumesSettledCueOnce]' passed (0.000 seconds).
Test Case '-[SendmeterCoreTests.HapticsTests testStructuralTrackerDuplicateDismissalWindow]' started.
Test Case '-[SendmeterCoreTests.HapticsTests testStructuralTrackerDuplicateDismissalWindow]' passed (0.000 seconds).
Test Case '-[SendmeterCoreTests.HapticsTests testStructuralTrackerIgnoresStaleGesture]' started.
Test Case '-[SendmeterCoreTests.HapticsTests testStructuralTrackerIgnoresStaleGesture]' passed (0.000 seconds).
Test Case '-[SendmeterCoreTests.HapticsTests testStructuralTrackerNilCueDoesNotArmGesture]' started.
Test Case '-[SendmeterCoreTests.HapticsTests testStructuralTrackerNilCueDoesNotArmGesture]' passed (0.000 seconds).
Test Case '-[SendmeterCoreTests.HapticsTests testStructuralTrackerRearmsOnFreshGesture]' started.
Test Case '-[SendmeterCoreTests.HapticsTests testStructuralTrackerRearmsOnFreshGesture]' passed (0.000 seconds).
Test Case '-[SendmeterCoreTests.HapticsTests testStructuralTrackerSettledCueExpires]' started.
Test Case '-[SendmeterCoreTests.HapticsTests testStructuralTrackerSettledCueExpires]' passed (0.000 seconds).
Test Case '-[SendmeterCoreTests.HapticsTests testStructuralTrackerSpendsExactlyOneTickPerGesture]' started.
Test Case '-[SendmeterCoreTests.HapticsTests testStructuralTrackerSpendsExactlyOneTickPerGesture]' passed (0.000 seconds).
Test Case '-[SendmeterCoreTests.HapticsTests testSwitchCuesStutter]' started.
Test Case '-[SendmeterCoreTests.HapticsTests testSwitchCuesStutter]' passed (0.000 seconds).
Test Case '-[SendmeterCoreTests.HapticsTests testTrainingLoadScrubTicksOnSelectionAndDismissal]' started.
Test Case '-[SendmeterCoreTests.HapticsTests testTrainingLoadScrubTicksOnSelectionAndDismissal]' passed (0.000 seconds).
Test Suite 'HapticsTests' passed at 2569-10-04 11:51:56.243 AM.
	 Executed 32 tests, with 0 failures (0 unexpected) in 0.005 (0.008) seconds
Test Suite 'HealthBackgroundSyncTests' started at 2569-10-04 11:51:56.243 AM.
Test Case '-[SendmeterCoreTests.HealthBackgroundSyncTests testCancelDropsQueuedFollowUpAndAllowsFreshStart]' started.
Test Case '-[SendmeterCoreTests.HealthBackgroundSyncTests testCancelDropsQueuedFollowUpAndAllowsFreshStart]' passed (0.000 seconds).
Test Case '-[SendmeterCoreTests.HealthBackgroundSyncTests testGateRunsAtMostOneFollowUpPass]' started.
Test Case '-[SendmeterCoreTests.HealthBackgroundSyncTests testGateRunsAtMostOneFollowUpPass]' passed (0.000 seconds).
Test Case '-[SendmeterCoreTests.HealthBackgroundSyncTests testGateStartsWhenIdleAndCoalescesConcurrentFires]' started.
Test Case '-[SendmeterCoreTests.HealthBackgroundSyncTests testGateStartsWhenIdleAndCoalescesConcurrentFires]' passed (0.000 seconds).
Test Case '-[SendmeterCoreTests.HealthBackgroundSyncTests testObservedIdentifiersCoverEveryHealthSourceType]' started.
Test Case '-[SendmeterCoreTests.HealthBackgroundSyncTests testObservedIdentifiersCoverEveryHealthSourceType]' passed (0.000 seconds).
Test Suite 'HealthBackgroundSyncTests' passed at 2569-10-04 11:51:56.244 AM.
	 Executed 4 tests, with 0 failures (0 unexpected) in 0.001 (0.001) seconds
Test Suite 'HealthMetricReconciliationTests' started at 2569-10-04 11:51:56.244 AM.
Test Case '-[SendmeterCoreTests.HealthMetricReconciliationTests testCancellationAndAccountChangeCannotPublishOldWork]' started.
Test Case '-[SendmeterCoreTests.HealthMetricReconciliationTests testCancellationAndAccountChangeCannotPublishOldWork]' passed (0.000 seconds).
Test Case '-[SendmeterCoreTests.HealthMetricReconciliationTests testCancelledPostResultReleasesCurrentOwnerWithoutClearingNewOwner]' started.
Test Case '-[SendmeterCoreTests.HealthMetricReconciliationTests testCancelledPostResultReleasesCurrentOwnerWithoutClearingNewOwner]' passed (0.000 seconds).
Test Case '-[SendmeterCoreTests.HealthMetricReconciliationTests testHistoricalWritesIgnoreConflictsAndTodayMerges]' started.
Test Case '-[SendmeterCoreTests.HealthMetricReconciliationTests testHistoricalWritesIgnoreConflictsAndTodayMerges]' passed (0.000 seconds).
Test Case '-[SendmeterCoreTests.HealthMetricReconciliationTests testLaterReconciliationWinsOverEarlierMorningPassFailure]' started.
Test Case '-[SendmeterCoreTests.HealthMetricReconciliationTests testLaterReconciliationWinsOverEarlierMorningPassFailure]' passed (0.000 seconds).
Test Case '-[SendmeterCoreTests.HealthMetricReconciliationTests testLegacyProgressUpgradesSameDateAcknowledgementsConservatively]' started.
Test Case '-[SendmeterCoreTests.HealthMetricReconciliationTests testLegacyProgressUpgradesSameDateAcknowledgementsConservatively]' passed (0.001 seconds).
Test Case '-[SendmeterCoreTests.HealthMetricReconciliationTests testManualConfirmationCopyPinsUserFacingSyncMessages]' started.
Test Case '-[SendmeterCoreTests.HealthMetricReconciliationTests testManualConfirmationCopyPinsUserFacingSyncMessages]' passed (0.000 seconds).
Test Case '-[SendmeterCoreTests.HealthMetricReconciliationTests testMissedHistoricalDayIsBackfilled]' started.
Test Case '-[SendmeterCoreTests.HealthMetricReconciliationTests testMissedHistoricalDayIsBackfilled]' passed (0.000 seconds).
Test Case '-[SendmeterCoreTests.HealthMetricReconciliationTests testMorningConfirmationCountsUniqueDatesAcrossRepollsAndRoundTrips]' started.
Test Case '-[SendmeterCoreTests.HealthMetricReconciliationTests testMorningConfirmationCountsUniqueDatesAcrossRepollsAndRoundTrips]' passed (0.000 seconds).
Test Case '-[SendmeterCoreTests.HealthMetricReconciliationTests testMorningProgressUsesItsCapturedGregorianTimezoneForDayBoundaries]' started.
Test Case '-[SendmeterCoreTests.HealthMetricReconciliationTests testMorningProgressUsesItsCapturedGregorianTimezoneForDayBoundaries]' passed (0.000 seconds).
Test Case '-[SendmeterCoreTests.HealthMetricReconciliationTests testMorningRepollTimingAndDedupe]' started.
Test Case '-[SendmeterCoreTests.HealthMetricReconciliationTests testMorningRepollTimingAndDedupe]' passed (0.000 seconds).
Test Case '-[SendmeterCoreTests.HealthMetricReconciliationTests testNoDataCandidateIsOmitted]' started.
Test Case '-[SendmeterCoreTests.HealthMetricReconciliationTests testNoDataCandidateIsOmitted]' passed (0.000 seconds).
Test Case '-[SendmeterCoreTests.HealthMetricReconciliationTests testPersistedHistoricalDayIsUntouched]' started.
Test Case '-[SendmeterCoreTests.HealthMetricReconciliationTests testPersistedHistoricalDayIsUntouched]' passed (0.000 seconds).
Test Case '-[SendmeterCoreTests.HealthMetricReconciliationTests testPersistedPassZeroResumesAfterCancellationAndContention]' started.
Test Case '-[SendmeterCoreTests.HealthMetricReconciliationTests testPersistedPassZeroResumesAfterCancellationAndContention]' passed (0.000 seconds).
Test Case '-[SendmeterCoreTests.HealthMetricReconciliationTests testReadWindowUsesExactly28CandidatesAnd55DayQueryBoundary]' started.
Test Case '-[SendmeterCoreTests.HealthMetricReconciliationTests testReadWindowUsesExactly28CandidatesAnd55DayQueryBoundary]' passed (0.000 seconds).
Test Case '-[SendmeterCoreTests.HealthMetricReconciliationTests testRepeatedSyncWithNoNewDataIsIdempotent]' started.
Test Case '-[SendmeterCoreTests.HealthMetricReconciliationTests testRepeatedSyncWithNoNewDataIsIdempotent]' passed (0.000 seconds).
Test Case '-[SendmeterCoreTests.HealthMetricReconciliationTests testTodayPhonePassWinsOverFreshWatchRowViaSharedPrecedence]' started.
Test Case '-[SendmeterCoreTests.HealthMetricReconciliationTests testTodayPhonePassWinsOverFreshWatchRowViaSharedPrecedence]' passed (0.000 seconds).
Test Case '-[SendmeterCoreTests.HealthMetricReconciliationTests testTodayPhonePassWithEmptyCandidateDoesNotClobberFreshWatchRow]' started.
Test Case '-[SendmeterCoreTests.HealthMetricReconciliationTests testTodayPhonePassWithEmptyCandidateDoesNotClobberFreshWatchRow]' passed (0.000 seconds).
Test Case '-[SendmeterCoreTests.HealthMetricReconciliationTests testTodayUsesTheExistingFreezePolicyButStillUpdatesBiometrics]' started.
Test Case '-[SendmeterCoreTests.HealthMetricReconciliationTests testTodayUsesTheExistingFreezePolicyButStillUpdatesBiometrics]' passed (0.000 seconds).
Test Case '-[SendmeterCoreTests.HealthMetricReconciliationTests testUnclaimedMorningAttemptsFallThroughToOrdinaryRefresh]' started.
Test Case '-[SendmeterCoreTests.HealthMetricReconciliationTests testUnclaimedMorningAttemptsFallThroughToOrdinaryRefresh]' passed (0.000 seconds).
Test Suite 'HealthMetricReconciliationTests' passed at 2569-10-04 11:51:56.250 AM.
	 Executed 19 tests, with 0 failures (0 unexpected) in 0.004 (0.006) seconds
Test Suite 'HealthRefreshPolicyTests' started at 2569-10-04 11:51:56.250 AM.
Test Case '-[SendmeterCoreTests.HealthRefreshPolicyTests testAppearWithinWindowIsCoalesced]' started.
Test Case '-[SendmeterCoreTests.HealthRefreshPolicyTests testAppearWithinWindowIsCoalesced]' passed (0.000 seconds).
Test Case '-[SendmeterCoreTests.HealthRefreshPolicyTests testExactlyAtWindowBoundaryRuns]' started.
Test Case '-[SendmeterCoreTests.HealthRefreshPolicyTests testExactlyAtWindowBoundaryRuns]' passed (0.000 seconds).
Test Case '-[SendmeterCoreTests.HealthRefreshPolicyTests testFirstRefreshAlwaysRuns]' started.
Test Case '-[SendmeterCoreTests.HealthRefreshPolicyTests testFirstRefreshAlwaysRuns]' passed (0.000 seconds).
Test Case '-[SendmeterCoreTests.HealthRefreshPolicyTests testManualRefreshAlwaysRunsEvenInsideWindow]' started.
Test Case '-[SendmeterCoreTests.HealthRefreshPolicyTests testManualRefreshAlwaysRunsEvenInsideWindow]' passed (0.000 seconds).
Test Case '-[SendmeterCoreTests.HealthRefreshPolicyTests testOnlyUserInitiatedTriggerMayShowSyncConfirmationToast]' started.
Test Case '-[SendmeterCoreTests.HealthRefreshPolicyTests testOnlyUserInitiatedTriggerMayShowSyncConfirmationToast]' passed (0.000 seconds).
Test Case '-[SendmeterCoreTests.HealthRefreshPolicyTests testRefreshStrictlyOutsideWindowRuns]' started.
Test Case '-[SendmeterCoreTests.HealthRefreshPolicyTests testRefreshStrictlyOutsideWindowRuns]' passed (0.000 seconds).
Test Suite 'HealthRefreshPolicyTests' passed at 2569-10-04 11:51:56.252 AM.
	 Executed 6 tests, with 0 failures (0 unexpected) in 0.001 (0.001) seconds
Test Suite 'HealthWriteReplayTests' started at 2569-10-04 11:51:56.252 AM.
Test Case '-[SendmeterCoreTests.HealthWriteReplayTests testAutomaticAfternoonPassKeepsTheExistingScoreButStillSendsBiometrics]' started.
Test Case '-[SendmeterCoreTests.HealthWriteReplayTests testAutomaticAfternoonPassKeepsTheExistingScoreButStillSendsBiometrics]' passed (0.001 seconds).
Test Case '-[SendmeterCoreTests.HealthWriteReplayTests testAutomaticMorningPassMayStillScore]' started.
Test Case '-[SendmeterCoreTests.HealthWriteReplayTests testAutomaticMorningPassMayStillScore]' passed (0.000 seconds).
Test Case '-[SendmeterCoreTests.HealthWriteReplayTests testExistingHistoricalRowIsNeverRewritten]' started.
Test Case '-[SendmeterCoreTests.HealthWriteReplayTests testExistingHistoricalRowIsNeverRewritten]' passed (0.000 seconds).
Test Case '-[SendmeterCoreTests.HealthWriteReplayTests testFreezeResolvedWriteIsAppliedWhenOnlyTheScoreWasMissing]' started.
Test Case '-[SendmeterCoreTests.HealthWriteReplayTests testFreezeResolvedWriteIsAppliedWhenOnlyTheScoreWasMissing]' passed (0.000 seconds).
Test Case '-[SendmeterCoreTests.HealthWriteReplayTests testIntentRoundTripsThroughTheDurableQueueEncoding]' started.
Test Case '-[SendmeterCoreTests.HealthWriteReplayTests testIntentRoundTripsThroughTheDurableQueueEncoding]' passed (0.001 seconds).
Test Case '-[SendmeterCoreTests.HealthWriteReplayTests testIntentWhoseDateBecameHistoricalIsRederivedAsInsertIfMissing]' started.
Test Case '-[SendmeterCoreTests.HealthWriteReplayTests testIntentWhoseDateBecameHistoricalIsRederivedAsInsertIfMissing]' passed (0.000 seconds).
Test Case '-[SendmeterCoreTests.HealthWriteReplayTests testLostAcknowledgementIsNotClaimedWhenAColumnStillDiffers]' started.
Test Case '-[SendmeterCoreTests.HealthWriteReplayTests testLostAcknowledgementIsNotClaimedWhenAColumnStillDiffers]' passed (0.000 seconds).
Test Case '-[SendmeterCoreTests.HealthWriteReplayTests testLostAcknowledgementIsRecognisedFromTheServerRow]' started.
Test Case '-[SendmeterCoreTests.HealthWriteReplayTests testLostAcknowledgementIsRecognisedFromTheServerRow]' passed (0.000 seconds).
Test Case '-[SendmeterCoreTests.HealthWriteReplayTests testLostAcknowledgementSurvivesTheFloat4RoundTrip]' started.
Test Case '-[SendmeterCoreTests.HealthWriteReplayTests testLostAcknowledgementSurvivesTheFloat4RoundTrip]' passed (0.000 seconds).
Test Case '-[SendmeterCoreTests.HealthWriteReplayTests testLostBiometricAcknowledgementIgnoresTheServerStampedTimestamp]' started.
Test Case '-[SendmeterCoreTests.HealthWriteReplayTests testLostBiometricAcknowledgementIgnoresTheServerStampedTimestamp]' passed (0.000 seconds).
Test Case '-[SendmeterCoreTests.HealthWriteReplayTests testManualRecoveryIsAuthoritativeAndReplacesTheScore]' started.
Test Case '-[SendmeterCoreTests.HealthWriteReplayTests testManualRecoveryIsAuthoritativeAndReplacesTheScore]' passed (0.000 seconds).
Test Case '-[SendmeterCoreTests.HealthWriteReplayTests testMissingServerRowSendsTodayThroughTheMergeOperation]' started.
Test Case '-[SendmeterCoreTests.HealthWriteReplayTests testMissingServerRowSendsTodayThroughTheMergeOperation]' passed (0.000 seconds).
Test Case '-[SendmeterCoreTests.HealthWriteReplayTests testQueuedScoreOlderThanTheServerRowIsSupersededNotSent]' started.
Test Case '-[SendmeterCoreTests.HealthWriteReplayTests testQueuedScoreOlderThanTheServerRowIsSupersededNotSent]' passed (0.000 seconds).
Test Case '-[SendmeterCoreTests.HealthWriteReplayTests testQueueIdentityIsStableAndPerDateAndPerAccount]' started.
Test Case '-[SendmeterCoreTests.HealthWriteReplayTests testQueueIdentityIsStableAndPerDateAndPerAccount]' passed (0.001 seconds).
Test Case '-[SendmeterCoreTests.HealthWriteReplayTests testScorelessServerRowIsFilledByTheReDerivedWrite]' started.
Test Case '-[SendmeterCoreTests.HealthWriteReplayTests testScorelessServerRowIsFilledByTheReDerivedWrite]' passed (0.000 seconds).
Test Case '-[SendmeterCoreTests.HealthWriteReplayTests testTriggerMappingPreservesTheWritePolicyInput]' started.
Test Case '-[SendmeterCoreTests.HealthWriteReplayTests testTriggerMappingPreservesTheWritePolicyInput]' passed (0.000 seconds).
Test Case '-[SendmeterCoreTests.HealthWriteReplayTests testUnconfirmedWriteIsClassifiedRetryable]' started.
Test Case '-[SendmeterCoreTests.HealthWriteReplayTests testUnconfirmedWriteIsClassifiedRetryable]' passed (0.000 seconds).
Test Case '-[SendmeterCoreTests.HealthWriteReplayTests testUndatableQueuedScoreNeverOverwritesADatedServerRow]' started.
Test Case '-[SendmeterCoreTests.HealthWriteReplayTests testUndatableQueuedScoreNeverOverwritesADatedServerRow]' passed (0.000 seconds).
Test Suite 'HealthWriteReplayTests' passed at 2569-10-04 11:51:56.260 AM.
	 Executed 18 tests, with 0 failures (0 unexpected) in 0.006 (0.008) seconds
Test Suite 'HeatmapWiringTests' started at 2569-10-04 11:51:56.260 AM.
Test Case '-[SendmeterCoreTests.HeatmapWiringTests testCellFillRoutesThroughCoreResolver]' started.
Test Case '-[SendmeterCoreTests.HeatmapWiringTests testCellFillRoutesThroughCoreResolver]' passed (0.001 seconds).
Test Case '-[SendmeterCoreTests.HeatmapWiringTests testDataChangeHookUsesTwoParameterOnChange]' started.
Test Case '-[SendmeterCoreTests.HeatmapWiringTests testDataChangeHookUsesTwoParameterOnChange]' passed (0.001 seconds).
Test Case '-[SendmeterCoreTests.HeatmapWiringTests testGridDecisionResolvesFromCurrentDailyInputs]' started.
Test Case '-[SendmeterCoreTests.HeatmapWiringTests testGridDecisionResolvesFromCurrentDailyInputs]' passed (0.001 seconds).
Test Case '-[SendmeterCoreTests.HeatmapWiringTests testLegendDerivesFromRenderedGridCells]' started.
Test Case '-[SendmeterCoreTests.HeatmapWiringTests testLegendDerivesFromRenderedGridCells]' passed (0.001 seconds).
Test Case '-[SendmeterCoreTests.HeatmapWiringTests testLoadFreeWindowRendersHonestEmptyStateInsteadOfGreyWall]' started.
Test Case '-[SendmeterCoreTests.HeatmapWiringTests testLoadFreeWindowRendersHonestEmptyStateInsteadOfGreyWall]' passed (0.001 seconds).
Test Suite 'HeatmapWiringTests' passed at 2569-10-04 11:51:56.265 AM.
	 Executed 5 tests, with 0 failures (0 unexpected) in 0.005 (0.006) seconds
Test Suite 'HeroMetricWiringTests' started at 2569-10-04 11:51:56.265 AM.
Test Case '-[SendmeterCoreTests.HeroMetricWiringTests testAcwrProjectionRatioOwnerUsesTheSharedHeroTreatment]' started.
Test Case '-[SendmeterCoreTests.HeroMetricWiringTests testAcwrProjectionRatioOwnerUsesTheSharedHeroTreatment]' passed (0.004 seconds).
Test Case '-[SendmeterCoreTests.HeroMetricWiringTests testCountdownFamilyUsesASharedDynamicTypeAwareTier]' started.
Test Case '-[SendmeterCoreTests.HeroMetricWiringTests testCountdownFamilyUsesASharedDynamicTypeAwareTier]' passed (0.023 seconds).
Test Case '-[SendmeterCoreTests.HeroMetricWiringTests testForceDeviceKeepsCurrentHeroAndLabelsPeak]' started.
Test Case '-[SendmeterCoreTests.HeroMetricWiringTests testForceDeviceKeepsCurrentHeroAndLabelsPeak]' passed (0.015 seconds).
Test Case '-[SendmeterCoreTests.HeroMetricWiringTests testHeroMetricIsDynamicTypeRelativeAndRounded]' started.
Test Case '-[SendmeterCoreTests.HeroMetricWiringTests testHeroMetricIsDynamicTypeRelativeAndRounded]' passed (0.001 seconds).
Test Case '-[SendmeterCoreTests.HeroMetricWiringTests testManualWorkoutRestCountdownUsesTheSharedHeroTreatment]' started.
Test Case '-[SendmeterCoreTests.HeroMetricWiringTests testManualWorkoutRestCountdownUsesTheSharedHeroTreatment]' passed (0.001 seconds).
Test Case '-[SendmeterCoreTests.HeroMetricWiringTests testMetricValueAdaptsItsUnitAtConstrainedDynamicTypeWidths]' started.
Test Case '-[SendmeterCoreTests.HeroMetricWiringTests testMetricValueAdaptsItsUnitAtConstrainedDynamicTypeWidths]' passed (0.002 seconds).
Test Case '-[SendmeterCoreTests.HeroMetricWiringTests testMetricValueUsesTheSharedHeroTreatment]' started.
Test Case '-[SendmeterCoreTests.HeroMetricWiringTests testMetricValueUsesTheSharedHeroTreatment]' passed (0.002 seconds).
Test Case '-[SendmeterCoreTests.HeroMetricWiringTests testReadinessTrendScoreOwnerUsesTheSharedHeroTreatment]' started.
Test Case '-[SendmeterCoreTests.HeroMetricWiringTests testReadinessTrendScoreOwnerUsesTheSharedHeroTreatment]' passed (0.004 seconds).
Test Case '-[SendmeterCoreTests.HeroMetricWiringTests testSendConditionsScoreUsesTheSharedHeroTreatment]' started.
Test Case '-[SendmeterCoreTests.HeroMetricWiringTests testSendConditionsScoreUsesTheSharedHeroTreatment]' passed (0.002 seconds).
Test Suite 'HeroMetricWiringTests' passed at 2569-10-04 11:51:56.321 AM.
	 Executed 9 tests, with 0 failures (0 unexpected) in 0.055 (0.056) seconds
Test Suite 'HistoryDerivedDataBenchmarkTests' started at 2569-10-04 11:51:56.321 AM.
Test Case '-[SendmeterCoreTests.HistoryDerivedDataBenchmarkTests testSmallAndLargeDatasetBenchmarkRecordsGroupingFilterWorkAndTime]' started.
Test Case '-[SendmeterCoreTests.HistoryDerivedDataBenchmarkTests testSmallAndLargeDatasetBenchmarkRecordsGroupingFilterWorkAndTime]' passed (65.542 seconds).
Test Suite 'HistoryDerivedDataBenchmarkTests' passed at 2569-10-04 11:53:01.864 AM.
	 Executed 1 test, with 0 failures (0 unexpected) in 65.542 (65.543) seconds
Test Suite 'HistoryDerivedDataTests' started at 2569-10-04 11:53:01.864 AM.
Test Case '-[SendmeterCoreTests.HistoryDerivedDataTests testCacheRebuildsOnlyWhenARelevantInputChanges]' started.
Test Case '-[SendmeterCoreTests.HistoryDerivedDataTests testCacheRebuildsOnlyWhenARelevantInputChanges]' passed (0.002 seconds).
Test Case '-[SendmeterCoreTests.HistoryDerivedDataTests testCounterCatchesTheLegacyInLoopScanShape]' started.
Test Case '-[SendmeterCoreTests.HistoryDerivedDataTests testCounterCatchesTheLegacyInLoopScanShape]' passed (0.003 seconds).
Test Case '-[SendmeterCoreTests.HistoryDerivedDataTests testPageGrowthDoesNotRebuildOrRescanTheSnapshot]' started.
Test Case '-[SendmeterCoreTests.HistoryDerivedDataTests testPageGrowthDoesNotRebuildOrRescanTheSnapshot]' passed (0.001 seconds).
Test Case '-[SendmeterCoreTests.HistoryDerivedDataTests testSnapshotKeepsAbsoluteBaselineOrderingIncludingHiddenTags]' started.
Test Case '-[SendmeterCoreTests.HistoryDerivedDataTests testSnapshotKeepsAbsoluteBaselineOrderingIncludingHiddenTags]' passed (0.001 seconds).
Test Case '-[SendmeterCoreTests.HistoryDerivedDataTests testSnapshotKeepsLegacyIdentitiesAndOrderingAcrossScenarios]' started.
Test Case '-[SendmeterCoreTests.HistoryDerivedDataTests testSnapshotKeepsLegacyIdentitiesAndOrderingAcrossScenarios]' passed (0.028 seconds).
Test Case '-[SendmeterCoreTests.HistoryDerivedDataTests testSnapshotKeepsOrphanGroupRecordingLooseAndZoneLookupGrouped]' started.
Test Case '-[SendmeterCoreTests.HistoryDerivedDataTests testSnapshotKeepsOrphanGroupRecordingLooseAndZoneLookupGrouped]' passed (0.005 seconds).
Test Case '-[SendmeterCoreTests.HistoryDerivedDataTests testSnapshotKeepsPendingSessionOutOfAssignCandidatesButInTheList]' started.
Test Case '-[SendmeterCoreTests.HistoryDerivedDataTests testSnapshotKeepsPendingSessionOutOfAssignCandidatesButInTheList]' passed (0.001 seconds).
Test Case '-[SendmeterCoreTests.HistoryDerivedDataTests testWholeHistoryScanCountDoesNotScaleWithItemCount]' started.
Test Case '-[SendmeterCoreTests.HistoryDerivedDataTests testWholeHistoryScanCountDoesNotScaleWithItemCount]' passed (0.002 seconds).
Test Case '-[SendmeterCoreTests.HistoryDerivedDataTests testWholeHistoryScansRunOncePerSnapshotBuild]' started.
Test Case '-[SendmeterCoreTests.HistoryDerivedDataTests testWholeHistoryScansRunOncePerSnapshotBuild]' passed (0.003 seconds).
Test Suite 'HistoryDerivedDataTests' passed at 2569-10-04 11:53:01.911 AM.
	 Executed 9 tests, with 0 failures (0 unexpected) in 0.045 (0.047) seconds
Test Suite 'HistoryDerivedDataWiringTests' started at 2569-10-04 11:53:01.911 AM.
Test Case '-[SendmeterCoreTests.HistoryDerivedDataWiringTests testHistoryViewNeverCallsAWholeHistoryScan]' started.
Test Case '-[SendmeterCoreTests.HistoryDerivedDataWiringTests testHistoryViewNeverCallsAWholeHistoryScan]' passed (0.022 seconds).
Test Case '-[SendmeterCoreTests.HistoryDerivedDataWiringTests testHistoryViewReadsDerivedDataFromTheSnapshot]' started.
Test Case '-[SendmeterCoreTests.HistoryDerivedDataWiringTests testHistoryViewReadsDerivedDataFromTheSnapshot]' passed (0.012 seconds).
Test Suite 'HistoryDerivedDataWiringTests' passed at 2569-10-04 11:53:01.945 AM.
	 Executed 2 tests, with 0 failures (0 unexpected) in 0.033 (0.034) seconds
Test Suite 'HistoryFiltersTests' started at 2569-10-04 11:53:01.945 AM.
Test Case '-[SendmeterCoreTests.HistoryFiltersTests testLooseRecordingMatchesTindeqTypeOnly]' started.
Test Case '-[SendmeterCoreTests.HistoryFiltersTests testLooseRecordingMatchesTindeqTypeOnly]' passed (0.007 seconds).
Test Case '-[SendmeterCoreTests.HistoryFiltersTests testOptionsAddTindeqTypeWhenOnlyLooseRecordingsExist]' started.
Test Case '-[SendmeterCoreTests.HistoryFiltersTests testOptionsAddTindeqTypeWhenOnlyLooseRecordingsExist]' passed (0.001 seconds).
Test Case '-[SendmeterCoreTests.HistoryFiltersTests testOptionsCoerceStaleSelectionsToNil]' started.
Test Case '-[SendmeterCoreTests.HistoryFiltersTests testOptionsCoerceStaleSelectionsToNil]' passed (0.000 seconds).
Test Case '-[SendmeterCoreTests.HistoryFiltersTests testOptionsDoNotDuplicateTindeqTypeWhenTindeqSessionExists]' started.
Test Case '-[SendmeterCoreTests.HistoryFiltersTests testOptionsDoNotDuplicateTindeqTypeWhenTindeqSessionExists]' passed (0.000 seconds).
Test Case '-[SendmeterCoreTests.HistoryFiltersTests testOptionsExcludeHiddenTagsFromLooseAndGroupedRecordings]' started.
Test Case '-[SendmeterCoreTests.HistoryFiltersTests testOptionsExcludeHiddenTagsFromLooseAndGroupedRecordings]' passed (0.000 seconds).
Test Case '-[SendmeterCoreTests.HistoryFiltersTests testOptionsKeepValidSelections]' started.
Test Case '-[SendmeterCoreTests.HistoryFiltersTests testOptionsKeepValidSelections]' passed (0.000 seconds).
Test Case '-[SendmeterCoreTests.HistoryFiltersTests testOptionsTagsComeFromLooseAndGroupedRecordingsSorted]' started.
Test Case '-[SendmeterCoreTests.HistoryFiltersTests testOptionsTagsComeFromLooseAndGroupedRecordingsSorted]' passed (0.000 seconds).
Test Case '-[SendmeterCoreTests.HistoryFiltersTests testOptionsTypesComeFromSessionsDeduplicated]' started.
Test Case '-[SendmeterCoreTests.HistoryFiltersTests testOptionsTypesComeFromSessionsDeduplicated]' passed (0.002 seconds).
Test Case '-[SendmeterCoreTests.HistoryFiltersTests testPruneSelectionIsIdentityForEmptySelection]' started.
Test Case '-[SendmeterCoreTests.HistoryFiltersTests testPruneSelectionIsIdentityForEmptySelection]' passed (0.000 seconds).
Test Case '-[SendmeterCoreTests.HistoryFiltersTests testPruneSelectionKeepsOnlyStillVisibleRecordings]' started.
Test Case '-[SendmeterCoreTests.HistoryFiltersTests testPruneSelectionKeepsOnlyStillVisibleRecordings]' passed (0.000 seconds).
Test Case '-[SendmeterCoreTests.HistoryFiltersTests testRecordingQueryKeepsHiddenTaggedLooseAndGroupedRecordingsVisible]' started.
Test Case '-[SendmeterCoreTests.HistoryFiltersTests testRecordingQueryKeepsHiddenTaggedLooseAndGroupedRecordingsVisible]' passed (0.000 seconds).
Test Case '-[SendmeterCoreTests.HistoryFiltersTests testSessionMatchesTagFilterViaItsGroupRecordings]' started.
Test Case '-[SendmeterCoreTests.HistoryFiltersTests testSessionMatchesTagFilterViaItsGroupRecordings]' passed (0.000 seconds).
Test Case '-[SendmeterCoreTests.HistoryFiltersTests testSessionMatchesTypeFilter]' started.
Test Case '-[SendmeterCoreTests.HistoryFiltersTests testSessionMatchesTypeFilter]' passed (0.000 seconds).
Test Case '-[SendmeterCoreTests.HistoryFiltersTests testSessionWithoutGroupNeverMatchesTagFilter]' started.
Test Case '-[SendmeterCoreTests.HistoryFiltersTests testSessionWithoutGroupNeverMatchesTagFilter]' passed (0.000 seconds).
Test Suite 'HistoryFiltersTests' passed at 2569-10-04 11:53:01.961 AM.
	 Executed 14 tests, with 0 failures (0 unexpected) in 0.012 (0.016) seconds
Test Suite 'HistorySelectionTests' started at 2569-10-04 11:53:01.961 AM.
Test Case '-[SendmeterCoreTests.HistorySelectionTests testPlanDefaultsToRpe5TindeqTypeAndFirstRecordingDay]' started.
Test Case '-[SendmeterCoreTests.HistorySelectionTests testPlanDefaultsToRpe5TindeqTypeAndFirstRecordingDay]' passed (0.003 seconds).
Test Case '-[SendmeterCoreTests.HistorySelectionTests testPlanDurationFloorsAtOneMinute]' started.
Test Case '-[SendmeterCoreTests.HistorySelectionTests testPlanDurationFloorsAtOneMinute]' passed (0.000 seconds).
Test Case '-[SendmeterCoreTests.HistorySelectionTests testPlanDurationRoundsHalfUpLikeTheWeb]' started.
Test Case '-[SendmeterCoreTests.HistorySelectionTests testPlanDurationRoundsHalfUpLikeTheWeb]' passed (0.000 seconds).
Test Case '-[SendmeterCoreTests.HistorySelectionTests testPlanDurationSpansFirstStartToLastEndRoundedToMinutes]' started.
Test Case '-[SendmeterCoreTests.HistorySelectionTests testPlanDurationSpansFirstStartToLastEndRoundedToMinutes]' passed (0.000 seconds).
Test Case '-[SendmeterCoreTests.HistorySelectionTests testPlanIgnoresExistingGroupIDs]' started.
Test Case '-[SendmeterCoreTests.HistorySelectionTests testPlanIgnoresExistingGroupIDs]' passed (0.001 seconds).
Test Case '-[SendmeterCoreTests.HistorySelectionTests testPlanIsNilForEmptySelection]' started.
Test Case '-[SendmeterCoreTests.HistorySelectionTests testPlanIsNilForEmptySelection]' passed (0.000 seconds).
Test Case '-[SendmeterCoreTests.HistorySelectionTests testPlanNoteCountsRecordingsAndJoinsDistinctTags]' started.
Test Case '-[SendmeterCoreTests.HistorySelectionTests testPlanNoteCountsRecordingsAndJoinsDistinctTags]' passed (0.000 seconds).
Test Case '-[SendmeterCoreTests.HistorySelectionTests testPlanNoteForSingleTaglessRecording]' started.
Test Case '-[SendmeterCoreTests.HistorySelectionTests testPlanNoteForSingleTaglessRecording]' passed (0.000 seconds).
Test Case '-[SendmeterCoreTests.HistorySelectionTests testPlanRecordsAllSelectedIdsChronologically]' started.
Test Case '-[SendmeterCoreTests.HistorySelectionTests testPlanRecordsAllSelectedIdsChronologically]' passed (0.000 seconds).
Test Suite 'HistorySelectionTests' passed at 2569-10-04 11:53:01.972 AM.
	 Executed 9 tests, with 0 failures (0 unexpected) in 0.007 (0.011) seconds
Test Suite 'HistoryTapDetailWiringTests' started at 2569-10-04 11:53:01.972 AM.
Test Case '-[SendmeterCoreTests.HistoryTapDetailWiringTests testPreviouslySilentStructuralControlsOwnTheirTicks]' started.
Test Case '-[SendmeterCoreTests.HistoryTapDetailWiringTests testPreviouslySilentStructuralControlsOwnTheirTicks]' passed (0.063 seconds).
Test Case '-[SendmeterCoreTests.HistoryTapDetailWiringTests testRecordingRowsTapToReadOnlyDetail]' started.
Test Case '-[SendmeterCoreTests.HistoryTapDetailWiringTests testRecordingRowsTapToReadOnlyDetail]' passed (0.014 seconds).
Test Case '-[SendmeterCoreTests.HistoryTapDetailWiringTests testSendConditionsCardTapPresentsDetailSheet]' started.
Test Case '-[SendmeterCoreTests.HistoryTapDetailWiringTests testSendConditionsCardTapPresentsDetailSheet]' passed (0.011 seconds).
Test Case '-[SendmeterCoreTests.HistoryTapDetailWiringTests testSessionRowKeepsFullRowHitTargetAndAccessibility]' started.
Test Case '-[SendmeterCoreTests.HistoryTapDetailWiringTests testSessionRowKeepsFullRowHitTargetAndAccessibility]' passed (0.012 seconds).
Test Case '-[SendmeterCoreTests.HistoryTapDetailWiringTests testSessionRowsTapToReadOnlyDetailForEveryKind]' started.
Test Case '-[SendmeterCoreTests.HistoryTapDetailWiringTests testSessionRowsTapToReadOnlyDetailForEveryKind]' passed (0.012 seconds).
Test Suite 'HistoryTapDetailWiringTests' passed at 2569-10-04 11:53:02.085 AM.
	 Executed 5 tests, with 0 failures (0 unexpected) in 0.112 (0.113) seconds
Test Suite 'HistoryTimelineTests' started at 2569-10-04 11:53:02.085 AM.
Test Case '-[SendmeterCoreTests.HistoryTimelineTests testDaysSortDescendingRegardlessOfKind]' started.
Test Case '-[SendmeterCoreTests.HistoryTimelineTests testDaysSortDescendingRegardlessOfKind]' passed (0.001 seconds).
Test Case '-[SendmeterCoreTests.HistoryTimelineTests testGroupedRecordingsAreExcludedFromCombined]' started.
Test Case '-[SendmeterCoreTests.HistoryTimelineTests testGroupedRecordingsAreExcludedFromCombined]' passed (0.000 seconds).
Test Case '-[SendmeterCoreTests.HistoryTimelineTests testHiddenTaggedGroupedAndLooseRecordingsRemainInHistorySources]' started.
Test Case '-[SendmeterCoreTests.HistoryTimelineTests testHiddenTaggedGroupedAndLooseRecordingsRemainInHistorySources]' passed (0.000 seconds).
Test Case '-[SendmeterCoreTests.HistoryTimelineTests testLooseRecordingsIncludesUngrouped]' started.
Test Case '-[SendmeterCoreTests.HistoryTimelineTests testLooseRecordingsIncludesUngrouped]' passed (0.000 seconds).
Test Case '-[SendmeterCoreTests.HistoryTimelineTests testOrphanGroupedRecordingIsTreatedAsLoose]' started.
Test Case '-[SendmeterCoreTests.HistoryTimelineTests testOrphanGroupedRecordingIsTreatedAsLoose]' passed (0.000 seconds).
Test Case '-[SendmeterCoreTests.HistoryTimelineTests testRecordingBucketsByRecordedDay]' started.
Test Case '-[SendmeterCoreTests.HistoryTimelineTests testRecordingBucketsByRecordedDay]' passed (0.000 seconds).
Test Case '-[SendmeterCoreTests.HistoryTimelineTests testRecordingsKeepInputOrderWithinDay]' started.
Test Case '-[SendmeterCoreTests.HistoryTimelineTests testRecordingsKeepInputOrderWithinDay]' passed (0.000 seconds).
Test Case '-[SendmeterCoreTests.HistoryTimelineTests testSameDaySessionsSortBeforeLooseRecordings]' started.
Test Case '-[SendmeterCoreTests.HistoryTimelineTests testSameDaySessionsSortBeforeLooseRecordings]' passed (0.000 seconds).
Test Case '-[SendmeterCoreTests.HistoryTimelineTests testSessionsKeepInputOrderWithinDay]' started.
Test Case '-[SendmeterCoreTests.HistoryTimelineTests testSessionsKeepInputOrderWithinDay]' passed (0.000 seconds).
Test Suite 'HistoryTimelineTests' passed at 2569-10-04 11:53:02.090 AM.
	 Executed 9 tests, with 0 failures (0 unexpected) in 0.003 (0.005) seconds
Test Suite 'KeepAwakeTests' started at 2569-10-04 11:53:02.090 AM.
Test Case '-[SendmeterCoreTests.KeepAwakeTests testAcquireEnablesAndLastReleaseDisables]' started.
Test Case '-[SendmeterCoreTests.KeepAwakeTests testAcquireEnablesAndLastReleaseDisables]' passed (0.001 seconds).
Test Case '-[SendmeterCoreTests.KeepAwakeTests testAllowsSleepAfterInFlightActivationFinishesOnUnmount]' started.
Test Case '-[SendmeterCoreTests.KeepAwakeTests testAllowsSleepAfterInFlightActivationFinishesOnUnmount]' passed (0.001 seconds).
Test Case '-[SendmeterCoreTests.KeepAwakeTests testDoubleFiredReleaseIsNoOpAndCannotStealLaterLock]' started.
Test Case '-[SendmeterCoreTests.KeepAwakeTests testDoubleFiredReleaseIsNoOpAndCannotStealLaterLock]' passed (0.000 seconds).
Test Case '-[SendmeterCoreTests.KeepAwakeTests testHoldCountTracksHolders]' started.
Test Case '-[SendmeterCoreTests.KeepAwakeTests testHoldCountTracksHolders]' passed (0.000 seconds).
Test Case '-[SendmeterCoreTests.KeepAwakeTests testOneOfTwoHoldersReleasingDoesNotReleaseTheOthersLock]' started.
Test Case '-[SendmeterCoreTests.KeepAwakeTests testOneOfTwoHoldersReleasingDoesNotReleaseTheOthersLock]' passed (0.000 seconds).
Test Case '-[SendmeterCoreTests.KeepAwakeTests testReassertReappliesCurrentIntent]' started.
Test Case '-[SendmeterCoreTests.KeepAwakeTests testReassertReappliesCurrentIntent]' passed (0.000 seconds).
Test Case '-[SendmeterCoreTests.KeepAwakeTests testSerializesRapidAcquireReleaseAcquireBurstEndingAtCurrentIntent]' started.
Test Case '-[SendmeterCoreTests.KeepAwakeTests testSerializesRapidAcquireReleaseAcquireBurstEndingAtCurrentIntent]' passed (0.000 seconds).
Test Suite 'KeepAwakeTests' passed at 2569-10-04 11:53:02.094 AM.
	 Executed 7 tests, with 0 failures (0 unexpected) in 0.003 (0.004) seconds
Test Suite 'LiveWorkoutMirrorTests' started at 2569-10-04 11:53:02.094 AM.
Test Case '-[SendmeterCoreTests.LiveWorkoutMirrorTests testFirstPacketAlwaysAccepted]' started.
Test Case '-[SendmeterCoreTests.LiveWorkoutMirrorTests testFirstPacketAlwaysAccepted]' passed (0.001 seconds).
Test Case '-[SendmeterCoreTests.LiveWorkoutMirrorTests testFreshnessIsJudgedBeforeTerminalDominance]' started.
Test Case '-[SendmeterCoreTests.LiveWorkoutMirrorTests testFreshnessIsJudgedBeforeTerminalDominance]' passed (0.000 seconds).
Test Case '-[SendmeterCoreTests.LiveWorkoutMirrorTests testNewerRunAcceptedEvenAfterTerminal]' started.
Test Case '-[SendmeterCoreTests.LiveWorkoutMirrorTests testNewerRunAcceptedEvenAfterTerminal]' passed (0.000 seconds).
Test Case '-[SendmeterCoreTests.LiveWorkoutMirrorTests testOlderRunRejected]' started.
Test Case '-[SendmeterCoreTests.LiveWorkoutMirrorTests testOlderRunRejected]' passed (0.000 seconds).
Test Case '-[SendmeterCoreTests.LiveWorkoutMirrorTests testOwnedByRejectsOtherAccount]' started.
Test Case '-[SendmeterCoreTests.LiveWorkoutMirrorTests testOwnedByRejectsOtherAccount]' passed (0.000 seconds).
Test Case '-[SendmeterCoreTests.LiveWorkoutMirrorTests testOwnedByTrustsUnstampedOnlyWhenAllowed]' started.
Test Case '-[SendmeterCoreTests.LiveWorkoutMirrorTests testOwnedByTrustsUnstampedOnlyWhenAllowed]' passed (0.000 seconds).
Test Case '-[SendmeterCoreTests.LiveWorkoutMirrorTests testReduceUpdatesCursorAndReceiptTime]' started.
Test Case '-[SendmeterCoreTests.LiveWorkoutMirrorTests testReduceUpdatesCursorAndReceiptTime]' passed (0.000 seconds).
Test Case '-[SendmeterCoreTests.LiveWorkoutMirrorTests testRowDecodeAcceptsUppercaseAndLowercaseUUIDs]' started.
Test Case '-[SendmeterCoreTests.LiveWorkoutMirrorTests testRowDecodeAcceptsUppercaseAndLowercaseUUIDs]' passed (0.008 seconds).
Test Case '-[SendmeterCoreTests.LiveWorkoutMirrorTests testRowDecodeFallsBackToDurableDefaults]' started.
Test Case '-[SendmeterCoreTests.LiveWorkoutMirrorTests testRowDecodeFallsBackToDurableDefaults]' passed (0.002 seconds).
Test Case '-[SendmeterCoreTests.LiveWorkoutMirrorTests testRowDecodeRequiresIdentityAndTimestamps]' started.
Test Case '-[SendmeterCoreTests.LiveWorkoutMirrorTests testRowDecodeRequiresIdentityAndTimestamps]' passed (0.005 seconds).
Test Case '-[SendmeterCoreTests.LiveWorkoutMirrorTests testRowDecodesAllFields]' started.
Test Case '-[SendmeterCoreTests.LiveWorkoutMirrorTests testRowDecodesAllFields]' passed (0.001 seconds).
Test Case '-[SendmeterCoreTests.LiveWorkoutMirrorTests testRowDecodeSurfacesOwnerUserID]' started.
Test Case '-[SendmeterCoreTests.LiveWorkoutMirrorTests testRowDecodeSurfacesOwnerUserID]' passed (0.003 seconds).
Test Case '-[SendmeterCoreTests.LiveWorkoutMirrorTests testRowDecodeWithoutUserIDIsUnstamped]' started.
Test Case '-[SendmeterCoreTests.LiveWorkoutMirrorTests testRowDecodeWithoutUserIDIsUnstamped]' passed (0.001 seconds).
Test Case '-[SendmeterCoreTests.LiveWorkoutMirrorTests testSequenceCursorRejectsOutOfOrderAndDuplicates]' started.
Test Case '-[SendmeterCoreTests.LiveWorkoutMirrorTests testSequenceCursorRejectsOutOfOrderAndDuplicates]' passed (0.000 seconds).
Test Case '-[SendmeterCoreTests.LiveWorkoutMirrorTests testServerRowCanReplaceWatchBeatIdentity]' started.
Test Case '-[SendmeterCoreTests.LiveWorkoutMirrorTests testServerRowCanReplaceWatchBeatIdentity]' passed (0.011 seconds).
Test Case '-[SendmeterCoreTests.LiveWorkoutMirrorTests testSyncStateReflectsSourceThenQuietThenStale]' started.
Test Case '-[SendmeterCoreTests.LiveWorkoutMirrorTests testSyncStateReflectsSourceThenQuietThenStale]' passed (0.000 seconds).
Test Case '-[SendmeterCoreTests.LiveWorkoutMirrorTests testTerminalRowDominatesAndBlocksLaterLiveBeats]' started.
Test Case '-[SendmeterCoreTests.LiveWorkoutMirrorTests testTerminalRowDominatesAndBlocksLaterLiveBeats]' passed (0.000 seconds).
Test Case '-[SendmeterCoreTests.LiveWorkoutMirrorTests testVisibleRowHidesEndedTerminalAndStale]' started.
Test Case '-[SendmeterCoreTests.LiveWorkoutMirrorTests testVisibleRowHidesEndedTerminalAndStale]' passed (0.000 seconds).
Test Case '-[SendmeterCoreTests.LiveWorkoutMirrorTests testWCMessageDecodesStampedBeat]' started.
Test Case '-[SendmeterCoreTests.LiveWorkoutMirrorTests testWCMessageDecodesStampedBeat]' passed (0.000 seconds).
Test Case '-[SendmeterCoreTests.LiveWorkoutMirrorTests testWCMessageLegacyRunIdentityIsStableAcrossBeats]' started.
Test Case '-[SendmeterCoreTests.LiveWorkoutMirrorTests testWCMessageLegacyRunIdentityIsStableAcrossBeats]' passed (0.002 seconds).
Test Case '-[SendmeterCoreTests.LiveWorkoutMirrorTests testWCMessageRequiresStatusAndUpdatedAt]' started.
Test Case '-[SendmeterCoreTests.LiveWorkoutMirrorTests testWCMessageRequiresStatusAndUpdatedAt]' passed (0.000 seconds).
Test Case '-[SendmeterCoreTests.LiveWorkoutMirrorTests testWCMessageSurfacesOwnerUserID]' started.
Test Case '-[SendmeterCoreTests.LiveWorkoutMirrorTests testWCMessageSurfacesOwnerUserID]' passed (0.000 seconds).
Test Suite 'LiveWorkoutMirrorTests' passed at 2569-10-04 11:53:02.137 AM.
	 Executed 22 tests, with 0 failures (0 unexpected) in 0.038 (0.042) seconds
Test Suite 'LocalCacheRepairTests' started at 2569-10-04 11:53:02.137 AM.
Test Case '-[SendmeterCoreTests.LocalCacheRepairTests testACleanRowInAnotherEntityTypeIsUntouchedByASiblingRepair]' started.
Test Case '-[SendmeterCoreTests.LocalCacheRepairTests testACleanRowInAnotherEntityTypeIsUntouchedByASiblingRepair]' passed (0.087 seconds).
Test Case '-[SendmeterCoreTests.LocalCacheRepairTests testAPendingUndecodableRowIsPreservedInPlace]' started.
Test Case '-[SendmeterCoreTests.LocalCacheRepairTests testAPendingUndecodableRowIsPreservedInPlace]' passed (0.062 seconds).
Test Case '-[SendmeterCoreTests.LocalCacheRepairTests testCoherentReadReportsAnUndecodableRowInsteadOfDroppingItSilently]' started.
Test Case '-[SendmeterCoreTests.LocalCacheRepairTests testCoherentReadReportsAnUndecodableRowInsteadOfDroppingItSilently]' passed (0.031 seconds).
Test Case '-[SendmeterCoreTests.LocalCacheRepairTests testQuarantinePreservesTheRawPayloadAndResetsTheCursorToHeal]' started.
Test Case '-[SendmeterCoreTests.LocalCacheRepairTests testQuarantinePreservesTheRawPayloadAndResetsTheCursorToHeal]' passed (0.025 seconds).
Test Case '-[SendmeterCoreTests.LocalCacheRepairTests testRepairIsAccountScoped]' started.
Test Case '-[SendmeterCoreTests.LocalCacheRepairTests testRepairIsAccountScoped]' passed (0.049 seconds).
Test Suite 'LocalCacheRepairTests' passed at 2569-10-04 11:53:02.391 AM.
	 Executed 5 tests, with 0 failures (0 unexpected) in 0.253 (0.255) seconds
Test Suite 'LocalCacheStoreTests' started at 2569-10-04 11:53:02.391 AM.
Test Case '-[SendmeterCoreTests.LocalCacheStoreTests testColumnAddMigrationsAreIdempotentWhenColumnsAlreadyPresent]' started.
Test Case '-[SendmeterCoreTests.LocalCacheStoreTests testColumnAddMigrationsAreIdempotentWhenColumnsAlreadyPresent]' passed (0.008 seconds).
Test Case '-[SendmeterCoreTests.LocalCacheStoreTests testConcurrentPendingLocalDeleteSurvivesStaleServerRefresh]' started.
Test Case '-[SendmeterCoreTests.LocalCacheStoreTests testConcurrentPendingLocalDeleteSurvivesStaleServerRefresh]' passed (0.037 seconds).
Test Case '-[SendmeterCoreTests.LocalCacheStoreTests testConcurrentPendingLocalUpsertSurvivesStaleServerRefresh]' started.
Test Case '-[SendmeterCoreTests.LocalCacheStoreTests testConcurrentPendingLocalUpsertSurvivesStaleServerRefresh]' passed (0.046 seconds).
Test Case '-[SendmeterCoreTests.LocalCacheStoreTests testConcurrentServerUpsertsSameKeyPickMaxTimestamp]' started.
Test Case '-[SendmeterCoreTests.LocalCacheStoreTests testConcurrentServerUpsertsSameKeyPickMaxTimestamp]' passed (0.041 seconds).
Test Case '-[SendmeterCoreTests.LocalCacheStoreTests testConfirmServerDeleteDoesNotClobberNewerLocalUpsert]' started.
Test Case '-[SendmeterCoreTests.LocalCacheStoreTests testConfirmServerDeleteDoesNotClobberNewerLocalUpsert]' passed (0.006 seconds).
Test Case '-[SendmeterCoreTests.LocalCacheStoreTests testConfirmServerDeleteDoesNotCreateRowForNeverCachedKey]' started.
Test Case '-[SendmeterCoreTests.LocalCacheStoreTests testConfirmServerDeleteDoesNotCreateRowForNeverCachedKey]' passed (0.009 seconds).
Test Case '-[SendmeterCoreTests.LocalCacheStoreTests testConfirmServerUpsertDoesNotClobberNewerLocalEdit]' started.
Test Case '-[SendmeterCoreTests.LocalCacheStoreTests testConfirmServerUpsertDoesNotClobberNewerLocalEdit]' passed (0.009 seconds).
Test Case '-[SendmeterCoreTests.LocalCacheStoreTests testConfirmServerUpsertDoesNotCreateRowForNeverCachedKey]' started.
Test Case '-[SendmeterCoreTests.LocalCacheStoreTests testConfirmServerUpsertDoesNotCreateRowForNeverCachedKey]' passed (0.011 seconds).
Test Case '-[SendmeterCoreTests.LocalCacheStoreTests testConfirmWithCurrentRevisionAppliesAndClearsPending]' started.
Test Case '-[SendmeterCoreTests.LocalCacheStoreTests testConfirmWithCurrentRevisionAppliesAndClearsPending]' passed (0.007 seconds).
Test Case '-[SendmeterCoreTests.LocalCacheStoreTests testCrossAccountIsolation]' started.
Test Case '-[SendmeterCoreTests.LocalCacheStoreTests testCrossAccountIsolation]' passed (0.013 seconds).
Test Case '-[SendmeterCoreTests.LocalCacheStoreTests testCursorUpdateAndReadAreAccountScoped]' started.
Test Case '-[SendmeterCoreTests.LocalCacheStoreTests testCursorUpdateAndReadAreAccountScoped]' passed (0.006 seconds).
Test Case '-[SendmeterCoreTests.LocalCacheStoreTests testDeleteAccountPurgesRowsAndCursors]' started.
Test Case '-[SendmeterCoreTests.LocalCacheStoreTests testDeleteAccountPurgesRowsAndCursors]' passed (0.006 seconds).
Test Case '-[SendmeterCoreTests.LocalCacheStoreTests testDuplicateConfirmDeleteFromEarlierCycleDoesNotClobberNewerUpsert]' started.
Test Case '-[SendmeterCoreTests.LocalCacheStoreTests testDuplicateConfirmDeleteFromEarlierCycleDoesNotClobberNewerUpsert]' passed (0.006 seconds).
Test Case '-[SendmeterCoreTests.LocalCacheStoreTests testDuplicateConfirmFromEarlierCycleDoesNotClobberNewerUpsert]' started.
Test Case '-[SendmeterCoreTests.LocalCacheStoreTests testDuplicateConfirmFromEarlierCycleDoesNotClobberNewerUpsert]' passed (0.006 seconds).
Test Case '-[SendmeterCoreTests.LocalCacheStoreTests testFileBackedStoreIsSafeToShareAcrossConcurrentTasks]' started.
Test Case '-[SendmeterCoreTests.LocalCacheStoreTests testFileBackedStoreIsSafeToShareAcrossConcurrentTasks]' passed (0.089 seconds).
Test Case '-[SendmeterCoreTests.LocalCacheStoreTests testJSONRoundTripForRepresentativePayloads]' started.
Test Case '-[SendmeterCoreTests.LocalCacheStoreTests testJSONRoundTripForRepresentativePayloads]' passed (0.010 seconds).
Test Case '-[SendmeterCoreTests.LocalCacheStoreTests testLoadAllSkipsInvalidPayloadAndKeepsValidRows]' started.
Test Case '-[SendmeterCoreTests.LocalCacheStoreTests testLoadAllSkipsInvalidPayloadAndKeepsValidRows]' passed (0.004 seconds).
Test Case '-[SendmeterCoreTests.LocalCacheStoreTests testLoadOneResultReportsInvalidPayloadAndLoadOneReturnsNil]' started.
Test Case '-[SendmeterCoreTests.LocalCacheStoreTests testLoadOneResultReportsInvalidPayloadAndLoadOneReturnsNil]' passed (0.007 seconds).
Test Case '-[SendmeterCoreTests.LocalCacheStoreTests testLocalRevisionMigrationCreatesColumnOnFreshSchema]' started.
Test Case '-[SendmeterCoreTests.LocalCacheStoreTests testLocalRevisionMigrationCreatesColumnOnFreshSchema]' passed (0.004 seconds).
Test Case '-[SendmeterCoreTests.LocalCacheStoreTests testMarkDeletedLocalReturnsIncreasingRevision]' started.
Test Case '-[SendmeterCoreTests.LocalCacheStoreTests testMarkDeletedLocalReturnsIncreasingRevision]' passed (0.004 seconds).
Test Case '-[SendmeterCoreTests.LocalCacheStoreTests testMigrationFileBackedIdempotent]' started.
Test Case '-[SendmeterCoreTests.LocalCacheStoreTests testMigrationFileBackedIdempotent]' passed (0.012 seconds).
Test Case '-[SendmeterCoreTests.LocalCacheStoreTests testOriginMigrationBackfillsPreexistingRowsAsLocal]' started.
Test Case '-[SendmeterCoreTests.LocalCacheStoreTests testOriginMigrationBackfillsPreexistingRowsAsLocal]' passed (0.003 seconds).
Test Case '-[SendmeterCoreTests.LocalCacheStoreTests testPendingMigrationBackfillsExistingRowsAsNotPending]' started.
Test Case '-[SendmeterCoreTests.LocalCacheStoreTests testPendingMigrationBackfillsExistingRowsAsNotPending]' passed (0.004 seconds).
Test Case '-[SendmeterCoreTests.LocalCacheStoreTests testPendingServerAdoptionDoesNotTreatCorruptRowAsMissing]' started.
Test Case '-[SendmeterCoreTests.LocalCacheStoreTests testPendingServerAdoptionDoesNotTreatCorruptRowAsMissing]' passed (0.005 seconds).
Test Case '-[SendmeterCoreTests.LocalCacheStoreTests testSchemaMigrationCreationIsIdempotent]' started.
Test Case '-[SendmeterCoreTests.LocalCacheStoreTests testSchemaMigrationCreationIsIdempotent]' passed (0.004 seconds).
Test Case '-[SendmeterCoreTests.LocalCacheStoreTests testServerConfirmationClearsPendingAndAllowsLaterRefresh]' started.
Test Case '-[SendmeterCoreTests.LocalCacheStoreTests testServerConfirmationClearsPendingAndAllowsLaterRefresh]' passed (0.008 seconds).
Test Case '-[SendmeterCoreTests.LocalCacheStoreTests testServerConfirmationDeleteClearsPendingAndAllowsLaterRefresh]' started.
Test Case '-[SendmeterCoreTests.LocalCacheStoreTests testServerConfirmationDeleteClearsPendingAndAllowsLaterRefresh]' passed (0.006 seconds).
Test Case '-[SendmeterCoreTests.LocalCacheStoreTests testServerConfirmationDoesNotMatchRemotePlaceholderRevisionZero]' started.
Test Case '-[SendmeterCoreTests.LocalCacheStoreTests testServerConfirmationDoesNotMatchRemotePlaceholderRevisionZero]' passed (0.004 seconds).
Test Case '-[SendmeterCoreTests.LocalCacheStoreTests testServerDeleteRemembersNeverCachedKey]' started.
Test Case '-[SendmeterCoreTests.LocalCacheStoreTests testServerDeleteRemembersNeverCachedKey]' passed (0.005 seconds).
Test Case '-[SendmeterCoreTests.LocalCacheStoreTests testServerRefreshDeleteDoesNotHidePendingLocalEdit]' started.
Test Case '-[SendmeterCoreTests.LocalCacheStoreTests testServerRefreshDeleteDoesNotHidePendingLocalEdit]' passed (0.004 seconds).
Test Case '-[SendmeterCoreTests.LocalCacheStoreTests testServerRefreshDeletePreservesPendingRemotePlaceholderWhenCalledDirectly]' started.
Test Case '-[SendmeterCoreTests.LocalCacheStoreTests testServerRefreshDeletePreservesPendingRemotePlaceholderWhenCalledDirectly]' passed (0.006 seconds).
Test Case '-[SendmeterCoreTests.LocalCacheStoreTests testServerRefreshDoesNotReplacePendingLocalEdit]' started.
Test Case '-[SendmeterCoreTests.LocalCacheStoreTests testServerRefreshDoesNotReplacePendingLocalEdit]' passed (0.005 seconds).
Test Case '-[SendmeterCoreTests.LocalCacheStoreTests testServerRefreshKeepsLocalRevisionForPendingRow]' started.
Test Case '-[SendmeterCoreTests.LocalCacheStoreTests testServerRefreshKeepsLocalRevisionForPendingRow]' passed (0.005 seconds).
Test Case '-[SendmeterCoreTests.LocalCacheStoreTests testServerRefreshLeavesLocalRevisionForStaleServerRow]' started.
Test Case '-[SendmeterCoreTests.LocalCacheStoreTests testServerRefreshLeavesLocalRevisionForStaleServerRow]' passed (0.006 seconds).
Test Case '-[SendmeterCoreTests.LocalCacheStoreTests testServerRefreshPreservesLocalRevisionOnNewerServerRow]' started.
Test Case '-[SendmeterCoreTests.LocalCacheStoreTests testServerRefreshPreservesLocalRevisionOnNewerServerRow]' passed (0.007 seconds).
Test Case '-[SendmeterCoreTests.LocalCacheStoreTests testServerRefreshPreservesLocalRevisionOnNonPendingLocalRow]' started.
Test Case '-[SendmeterCoreTests.LocalCacheStoreTests testServerRefreshPreservesLocalRevisionOnNonPendingLocalRow]' passed (0.005 seconds).
Test Case '-[SendmeterCoreTests.LocalCacheStoreTests testServerUpsertOnlyAcceptsNewerServerOriginRow]' started.
Test Case '-[SendmeterCoreTests.LocalCacheStoreTests testServerUpsertOnlyAcceptsNewerServerOriginRow]' passed (0.007 seconds).
Test Case '-[SendmeterCoreTests.LocalCacheStoreTests testSoftDeleteHidesRowsAndUpsertClearsTombstone]' started.
Test Case '-[SendmeterCoreTests.LocalCacheStoreTests testSoftDeleteHidesRowsAndUpsertClearsTombstone]' passed (0.006 seconds).
Test Case '-[SendmeterCoreTests.LocalCacheStoreTests testStaleDeleteDoesNotHideNewerRow]' started.
Test Case '-[SendmeterCoreTests.LocalCacheStoreTests testStaleDeleteDoesNotHideNewerRow]' passed (0.009 seconds).
Test Case '-[SendmeterCoreTests.LocalCacheStoreTests testStaleUpsertDoesNotResurrectTombstone]' started.
Test Case '-[SendmeterCoreTests.LocalCacheStoreTests testStaleUpsertDoesNotResurrectTombstone]' passed (0.010 seconds).
Test Case '-[SendmeterCoreTests.LocalCacheStoreTests testTimestampPreservesMicroseconds]' started.
Test Case '-[SendmeterCoreTests.LocalCacheStoreTests testTimestampPreservesMicroseconds]' passed (0.006 seconds).
Test Case '-[SendmeterCoreTests.LocalCacheStoreTests testUpsertLocalReturnsIncreasingRevisionAndStoresIt]' started.
Test Case '-[SendmeterCoreTests.LocalCacheStoreTests testUpsertLocalReturnsIncreasingRevisionAndStoresIt]' passed (0.006 seconds).
Test Case '-[SendmeterCoreTests.LocalCacheStoreTests testUpsertReplacesSameEntity]' started.
Test Case '-[SendmeterCoreTests.LocalCacheStoreTests testUpsertReplacesSameEntity]' passed (0.005 seconds).
Test Suite 'LocalCacheStoreTests' passed at 2569-10-04 11:53:02.873 AM.
	 Executed 43 tests, with 0 failures (0 unexpected) in 0.469 (0.481) seconds
Test Suite 'LogSessionToolbarRelocationWiringTests' started at 2569-10-04 11:53:02.873 AM.
Test Case '-[SendmeterCoreTests.LogSessionToolbarRelocationWiringTests testDashboardNoLongerExposesLogSessionAction]' started.
Test Case '-[SendmeterCoreTests.LogSessionToolbarRelocationWiringTests testDashboardNoLongerExposesLogSessionAction]' passed (0.010 seconds).
Test Case '-[SendmeterCoreTests.LogSessionToolbarRelocationWiringTests testWorkoutToolbarWiresLogSessionAction]' started.
Test Case '-[SendmeterCoreTests.LogSessionToolbarRelocationWiringTests testWorkoutToolbarWiresLogSessionAction]' passed (0.015 seconds).
Test Suite 'LogSessionToolbarRelocationWiringTests' passed at 2569-10-04 11:53:02.898 AM.
	 Executed 2 tests, with 0 failures (0 unexpected) in 0.025 (0.025) seconds
Test Suite 'LostRecordingNoticeTests' started at 2569-10-04 11:53:02.898 AM.
Test Case '-[SendmeterCoreTests.LostRecordingNoticeTests testAccumulatesAcrossLosses]' started.
Test Case '-[SendmeterCoreTests.LostRecordingNoticeTests testAccumulatesAcrossLosses]' passed (0.010 seconds).
Test Case '-[SendmeterCoreTests.LostRecordingNoticeTests testCorruptRecordReadsAsNothingAndStartsFresh]' started.
Test Case '-[SendmeterCoreTests.LostRecordingNoticeTests testCorruptRecordReadsAsNothingAndStartsFresh]' passed (0.005 seconds).
Test Case '-[SendmeterCoreTests.LostRecordingNoticeTests testDedupesReasonsAcrossSources]' started.
Test Case '-[SendmeterCoreTests.LostRecordingNoticeTests testDedupesReasonsAcrossSources]' passed (0.004 seconds).
Test Case '-[SendmeterCoreTests.LostRecordingNoticeTests testNoteSurvivesStoreRecreation]' started.
Test Case '-[SendmeterCoreTests.LostRecordingNoticeTests testNoteSurvivesStoreRecreation]' passed (0.003 seconds).
Test Case '-[SendmeterCoreTests.LostRecordingNoticeTests testRecordsLossAndHandsItBackExactlyOnce]' started.
Test Case '-[SendmeterCoreTests.LostRecordingNoticeTests testRecordsLossAndHandsItBackExactlyOnce]' passed (0.004 seconds).
Test Case '-[SendmeterCoreTests.LostRecordingNoticeTests testRefusesZeroCountAndMissingStorage]' started.
Test Case '-[SendmeterCoreTests.LostRecordingNoticeTests testRefusesZeroCountAndMissingStorage]' passed (0.001 seconds).
Test Suite 'LostRecordingNoticeTests' passed at 2569-10-04 11:53:02.926 AM.
	 Executed 6 tests, with 0 failures (0 unexpected) in 0.027 (0.028) seconds
Test Suite 'ManualWorkoutActivityContentTests' started at 2569-10-04 11:53:02.927 AM.
Test Case '-[SendmeterCoreTests.ManualWorkoutActivityContentTests testDropOffReArmsRestAtAttemptEndAndCountsTheBoulder]' started.
Test Case '-[SendmeterCoreTests.ManualWorkoutActivityContentTests testDropOffReArmsRestAtAttemptEndAndCountsTheBoulder]' passed (0.002 seconds).
Test Case '-[SendmeterCoreTests.ManualWorkoutActivityContentTests testInitialSnapshotIsRestingFromWorkoutStartWithValidatedTarget]' started.
Test Case '-[SendmeterCoreTests.ManualWorkoutActivityContentTests testInitialSnapshotIsRestingFromWorkoutStartWithValidatedTarget]' passed (0.000 seconds).
Test Case '-[SendmeterCoreTests.ManualWorkoutActivityContentTests testIntentApplicationTransitionsNativelyAndIsIdempotent]' started.
Test Case '-[SendmeterCoreTests.ManualWorkoutActivityContentTests testIntentApplicationTransitionsNativelyAndIsIdempotent]' passed (0.000 seconds).
Test Case '-[SendmeterCoreTests.ManualWorkoutActivityContentTests testOpenAttemptMapsToClimbingFromAttemptStart]' started.
Test Case '-[SendmeterCoreTests.ManualWorkoutActivityContentTests testOpenAttemptMapsToClimbingFromAttemptStart]' passed (0.000 seconds).
Test Case '-[SendmeterCoreTests.ManualWorkoutActivityContentTests testQueuedEventIdentitySurvivesUserDefaultsCodableRoundTrip]' started.
Test Case '-[SendmeterCoreTests.ManualWorkoutActivityContentTests testQueuedEventIdentitySurvivesUserDefaultsCodableRoundTrip]' passed (0.001 seconds).
Test Case '-[SendmeterCoreTests.ManualWorkoutActivityContentTests testReconcileGuardProtectsActiveWorkoutFromOrphanSweep]' started.
Test Case '-[SendmeterCoreTests.ManualWorkoutActivityContentTests testReconcileGuardProtectsActiveWorkoutFromOrphanSweep]' passed (0.000 seconds).
Test Case '-[SendmeterCoreTests.ManualWorkoutActivityContentTests testReplayKeepsEarlierEventsWhenALaterDuplicateIsRejected]' started.
Test Case '-[SendmeterCoreTests.ManualWorkoutActivityContentTests testReplayKeepsEarlierEventsWhenALaterDuplicateIsRejected]' passed (0.001 seconds).
Test Case '-[SendmeterCoreTests.ManualWorkoutActivityContentTests testRestOverStillUsesCapacitorRestingWirePhase]' started.
Test Case '-[SendmeterCoreTests.ManualWorkoutActivityContentTests testRestOverStillUsesCapacitorRestingWirePhase]' passed (0.000 seconds).
Test Case '-[SendmeterCoreTests.ManualWorkoutActivityContentTests testRestTargetChangeMidRestUpdatesSnapshotTargetOnly]' started.
Test Case '-[SendmeterCoreTests.ManualWorkoutActivityContentTests testRestTargetChangeMidRestUpdatesSnapshotTargetOnly]' passed (0.000 seconds).
Test Case '-[SendmeterCoreTests.ManualWorkoutActivityContentTests testStaleQueuedEventsAreDroppedForNewWorkout]' started.
Test Case '-[SendmeterCoreTests.ManualWorkoutActivityContentTests testStaleQueuedEventsAreDroppedForNewWorkout]' passed (0.000 seconds).
Test Suite 'ManualWorkoutActivityContentTests' passed at 2569-10-04 11:53:02.933 AM.
	 Executed 10 tests, with 0 failures (0 unexpected) in 0.005 (0.007) seconds
Test Suite 'ManualWorkoutLifecycleCoordinatorTests' started at 2569-10-04 11:53:02.933 AM.
Test Case '-[SendmeterCoreTests.ManualWorkoutLifecycleCoordinatorTests testAccountBoundaryForAnotherAccountLeavesTheWorkoutAlone]' started.
Test Case '-[SendmeterCoreTests.ManualWorkoutLifecycleCoordinatorTests testAccountBoundaryForAnotherAccountLeavesTheWorkoutAlone]' passed (0.001 seconds).
Test Case '-[SendmeterCoreTests.ManualWorkoutLifecycleCoordinatorTests testAccountChangeTearsDownTheOriginalOwnersWorkoutAndItsIdentity]' started.
Test Case '-[SendmeterCoreTests.ManualWorkoutLifecycleCoordinatorTests testAccountChangeTearsDownTheOriginalOwnersWorkoutAndItsIdentity]' passed (0.000 seconds).
Test Case '-[SendmeterCoreTests.ManualWorkoutLifecycleCoordinatorTests testALateOrStaleSaveCompletionNeverReleasesANewerFinish]' started.
Test Case '-[SendmeterCoreTests.ManualWorkoutLifecycleCoordinatorTests testALateOrStaleSaveCompletionNeverReleasesANewerFinish]' passed (0.000 seconds).
Test Case '-[SendmeterCoreTests.ManualWorkoutLifecycleCoordinatorTests testAnAlreadyEmptyOwnerHasNothingToTearDown]' started.
Test Case '-[SendmeterCoreTests.ManualWorkoutLifecycleCoordinatorTests testAnAlreadyEmptyOwnerHasNothingToTearDown]' passed (0.000 seconds).
Test Case '-[SendmeterCoreTests.ManualWorkoutLifecycleCoordinatorTests testAnAttemptThatMovedOnDropsTheObsoleteExplanation]' started.
Test Case '-[SendmeterCoreTests.ManualWorkoutLifecycleCoordinatorTests testAnAttemptThatMovedOnDropsTheObsoleteExplanation]' passed (0.000 seconds).
Test Case '-[SendmeterCoreTests.ManualWorkoutLifecycleCoordinatorTests testAnInvalidAttemptTransitionLeavesTheWorkoutExactlyAsItWas]' started.
Test Case '-[SendmeterCoreTests.ManualWorkoutLifecycleCoordinatorTests testAnInvalidAttemptTransitionLeavesTheWorkoutExactlyAsItWas]' passed (0.000 seconds).
Test Case '-[SendmeterCoreTests.ManualWorkoutLifecycleCoordinatorTests testAttemptTransitionsMutateTheOwnerFromTheInjectedClockOnly]' started.
Test Case '-[SendmeterCoreTests.ManualWorkoutLifecycleCoordinatorTests testAttemptTransitionsMutateTheOwnerFromTheInjectedClockOnly]' passed (0.000 seconds).
Test Case '-[SendmeterCoreTests.ManualWorkoutLifecycleCoordinatorTests testEndWithNoCompletedAttemptIsRefusedAndLeavesTheWorkoutArmed]' started.
Test Case '-[SendmeterCoreTests.ManualWorkoutLifecycleCoordinatorTests testEndWithNoCompletedAttemptIsRefusedAndLeavesTheWorkoutArmed]' passed (0.000 seconds).
Test Case '-[SendmeterCoreTests.ManualWorkoutLifecycleCoordinatorTests testLockScreenReplayAppliesOnlyTheCurrentWorkoutsEvents]' started.
Test Case '-[SendmeterCoreTests.ManualWorkoutLifecycleCoordinatorTests testLockScreenReplayAppliesOnlyTheCurrentWorkoutsEvents]' passed (0.000 seconds).
Test Case '-[SendmeterCoreTests.ManualWorkoutLifecycleCoordinatorTests testMinimizeKeepsTheWorkoutAndDropsOnlyItsExplanation]' started.
Test Case '-[SendmeterCoreTests.ManualWorkoutLifecycleCoordinatorTests testMinimizeKeepsTheWorkoutAndDropsOnlyItsExplanation]' passed (0.002 seconds).
Test Case '-[SendmeterCoreTests.ManualWorkoutLifecycleCoordinatorTests testRecreatedViewResumesTheWorkoutInsteadOfRecreatingOrTerminatingIt]' started.
Test Case '-[SendmeterCoreTests.ManualWorkoutLifecycleCoordinatorTests testRecreatedViewResumesTheWorkoutInsteadOfRecreatingOrTerminatingIt]' passed (0.000 seconds).
Test Case '-[SendmeterCoreTests.ManualWorkoutLifecycleCoordinatorTests testRepeatedEndNeverHandsOverASecondDraft]' started.
Test Case '-[SendmeterCoreTests.ManualWorkoutLifecycleCoordinatorTests testRepeatedEndNeverHandsOverASecondDraft]' passed (0.000 seconds).
Test Case '-[SendmeterCoreTests.ManualWorkoutLifecycleCoordinatorTests testRestTargetChangesFollowTheValidatedTargetInTheEffects]' started.
Test Case '-[SendmeterCoreTests.ManualWorkoutLifecycleCoordinatorTests testRestTargetChangesFollowTheValidatedTargetInTheEffects]' passed (0.000 seconds).
Test Case '-[SendmeterCoreTests.ManualWorkoutLifecycleCoordinatorTests testResumeWithNoWorkoutCreatesNothingAndTerminatesNothing]' started.
Test Case '-[SendmeterCoreTests.ManualWorkoutLifecycleCoordinatorTests testResumeWithNoWorkoutCreatesNothingAndTerminatesNothing]' passed (0.000 seconds).
Test Case '-[SendmeterCoreTests.ManualWorkoutLifecycleCoordinatorTests testStartCoordinatesTheWorkoutAndItsRestAndCardEffects]' started.
Test Case '-[SendmeterCoreTests.ManualWorkoutLifecycleCoordinatorTests testStartCoordinatesTheWorkoutAndItsRestAndCardEffects]' passed (0.000 seconds).
Test Case '-[SendmeterCoreTests.ManualWorkoutLifecycleCoordinatorTests testStartIsIgnoredWhileThePreviousFinishIsSavingAndAllowedAfterItCompletes]' started.
Test Case '-[SendmeterCoreTests.ManualWorkoutLifecycleCoordinatorTests testStartIsIgnoredWhileThePreviousFinishIsSavingAndAllowedAfterItCompletes]' passed (0.000 seconds).
Test Case '-[SendmeterCoreTests.ManualWorkoutLifecycleCoordinatorTests testStartWithoutAPermissionPromptKeepsTheOtherEffectsInOrder]' started.
Test Case '-[SendmeterCoreTests.ManualWorkoutLifecycleCoordinatorTests testStartWithoutAPermissionPromptKeepsTheOtherEffectsInOrder]' passed (0.000 seconds).
Test Case '-[SendmeterCoreTests.ManualWorkoutLifecycleCoordinatorTests testTeardownDuringASaveReleasesTheLatchAndMakesTheLateCompletionANoop]' started.
Test Case '-[SendmeterCoreTests.ManualWorkoutLifecycleCoordinatorTests testTeardownDuringASaveReleasesTheLatchAndMakesTheLateCompletionANoop]' passed (0.000 seconds).
Test Case '-[SendmeterCoreTests.ManualWorkoutLifecycleCoordinatorTests testValidFinishHandsOverExactlyOneDraftAndTearsTheEffectsDown]' started.
Test Case '-[SendmeterCoreTests.ManualWorkoutLifecycleCoordinatorTests testValidFinishHandsOverExactlyOneDraftAndTearsTheEffectsDown]' passed (0.000 seconds).
Test Suite 'ManualWorkoutLifecycleCoordinatorTests' passed at 2569-10-04 11:53:02.949 AM.
	 Executed 19 tests, with 0 failures (0 unexpected) in 0.008 (0.015) seconds
Test Suite 'ManualWorkoutRestTests' started at 2569-10-04 11:53:02.949 AM.
Test Case '-[SendmeterCoreTests.ManualWorkoutRestTests testAlertKeyChangesWhenTargetChanges]' started.
Test Case '-[SendmeterCoreTests.ManualWorkoutRestTests testAlertKeyChangesWhenTargetChanges]' passed (0.001 seconds).
Test Case '-[SendmeterCoreTests.ManualWorkoutRestTests testCountdownAndRingClampAtTheRestTarget]' started.
Test Case '-[SendmeterCoreTests.ManualWorkoutRestTests testCountdownAndRingClampAtTheRestTarget]' passed (0.000 seconds).
Test Case '-[SendmeterCoreTests.ManualWorkoutRestTests testFeedbackDecisionDeduplicatesAndSeparatesBackgroundDelivery]' started.
Test Case '-[SendmeterCoreTests.ManualWorkoutRestTests testFeedbackDecisionDeduplicatesAndSeparatesBackgroundDelivery]' passed (0.000 seconds).
Test Case '-[SendmeterCoreTests.ManualWorkoutRestTests testNotificationDelayAvoidsTooShortAndExpiredRequests]' started.
Test Case '-[SendmeterCoreTests.ManualWorkoutRestTests testNotificationDelayAvoidsTooShortAndExpiredRequests]' passed (0.000 seconds).
Test Case '-[SendmeterCoreTests.ManualWorkoutRestTests testNotificationLedgerDropsFailedRequestForRetry]' started.
Test Case '-[SendmeterCoreTests.ManualWorkoutRestTests testNotificationLedgerDropsFailedRequestForRetry]' passed (0.000 seconds).
Test Case '-[SendmeterCoreTests.ManualWorkoutRestTests testNotificationLedgerLeavesNewRequestSafeFromLateOldCompletion]' started.
Test Case '-[SendmeterCoreTests.ManualWorkoutRestTests testNotificationLedgerLeavesNewRequestSafeFromLateOldCompletion]' passed (0.001 seconds).
Test Case '-[SendmeterCoreTests.ManualWorkoutRestTests testNotificationStoreRemovesOnlyCanceledIDs]' started.
Test Case '-[SendmeterCoreTests.ManualWorkoutRestTests testNotificationStoreRemovesOnlyCanceledIDs]' passed (0.004 seconds).
Test Case '-[SendmeterCoreTests.ManualWorkoutRestTests testNotificationStoreTakesPersistedIDsOnceForRelaunchRecovery]' started.
Test Case '-[SendmeterCoreTests.ManualWorkoutRestTests testNotificationStoreTakesPersistedIDsOnceForRelaunchRecovery]' passed (0.006 seconds).
Test Case '-[SendmeterCoreTests.ManualWorkoutRestTests testPhaseGivesClimbingPriorityAndMarksRestOverAtZero]' started.
Test Case '-[SendmeterCoreTests.ManualWorkoutRestTests testPhaseGivesClimbingPriorityAndMarksRestOverAtZero]' passed (0.000 seconds).
Test Case '-[SendmeterCoreTests.ManualWorkoutRestTests testRestStartsAtWorkoutStartThenAtLastDropOff]' started.
Test Case '-[SendmeterCoreTests.ManualWorkoutRestTests testRestStartsAtWorkoutStartThenAtLastDropOff]' passed (0.000 seconds).
Test Case '-[SendmeterCoreTests.ManualWorkoutRestTests testRestTargetsArePersistedChoicesWithThreeMinuteDefault]' started.
Test Case '-[SendmeterCoreTests.ManualWorkoutRestTests testRestTargetsArePersistedChoicesWithThreeMinuteDefault]' passed (0.000 seconds).
Test Case '-[SendmeterCoreTests.ManualWorkoutRestTests testScheduleOwnsDropOffDeadlineAndValidatesTarget]' started.
Test Case '-[SendmeterCoreTests.ManualWorkoutRestTests testScheduleOwnsDropOffDeadlineAndValidatesTarget]' passed (0.000 seconds).
Test Suite 'ManualWorkoutRestTests' passed at 2569-10-04 11:53:02.964 AM.
	 Executed 12 tests, with 0 failures (0 unexpected) in 0.014 (0.016) seconds
Test Suite 'MassFormattingTests' started at 2569-10-04 11:53:02.964 AM.
Test Case '-[SendmeterCoreTests.MassFormattingTests testEmptyStorageFallsBackToMetric]' started.
Test Case '-[SendmeterCoreTests.MassFormattingTests testEmptyStorageFallsBackToMetric]' passed (0.002 seconds).
Test Case '-[SendmeterCoreTests.MassFormattingTests testFormatForPreference]' started.
Test Case '-[SendmeterCoreTests.MassFormattingTests testFormatForPreference]' passed (0.001 seconds).
Test Case '-[SendmeterCoreTests.MassFormattingTests testFormatterUsesStoredPreference]' started.
Test Case '-[SendmeterCoreTests.MassFormattingTests testFormatterUsesStoredPreference]' passed (0.003 seconds).
Test Case '-[SendmeterCoreTests.MassFormattingTests testGarbageStorageFallsBackToMetric]' started.
Test Case '-[SendmeterCoreTests.MassFormattingTests testGarbageStorageFallsBackToMetric]' passed (0.003 seconds).
Test Case '-[SendmeterCoreTests.MassFormattingTests testImperialFormatterOutput]' started.
Test Case '-[SendmeterCoreTests.MassFormattingTests testImperialFormatterOutput]' passed (0.001 seconds).
Test Case '-[SendmeterCoreTests.MassFormattingTests testKilogramsToPoundsRoundsToOneDecimal]' started.
Test Case '-[SendmeterCoreTests.MassFormattingTests testKilogramsToPoundsRoundsToOneDecimal]' passed (0.001 seconds).
Test Case '-[SendmeterCoreTests.MassFormattingTests testKilogramsToPoundsToKilogramsRoundTripsWithinTolerance]' started.
Test Case '-[SendmeterCoreTests.MassFormattingTests testKilogramsToPoundsToKilogramsRoundTripsWithinTolerance]' passed (0.001 seconds).
Test Case '-[SendmeterCoreTests.MassFormattingTests testKilogramValueIsUnrounded]' started.
Test Case '-[SendmeterCoreTests.MassFormattingTests testKilogramValueIsUnrounded]' passed (0.001 seconds).
Test Case '-[SendmeterCoreTests.MassFormattingTests testMetricFormatterOutputIsByteIdentical]' started.
Test Case '-[SendmeterCoreTests.MassFormattingTests testMetricFormatterOutputIsByteIdentical]' passed (0.001 seconds).
Test Case '-[SendmeterCoreTests.MassFormattingTests testUnitForPreference]' started.
Test Case '-[SendmeterCoreTests.MassFormattingTests testUnitForPreference]' passed (0.001 seconds).
Test Case '-[SendmeterCoreTests.MassFormattingTests testUnitSymbols]' started.
Test Case '-[SendmeterCoreTests.MassFormattingTests testUnitSymbols]' passed (0.001 seconds).
Test Suite 'MassFormattingTests' passed at 2569-10-04 11:53:02.981 AM.
	 Executed 11 tests, with 0 failures (0 unexpected) in 0.014 (0.016) seconds
Test Suite 'MetricsTests' started at 2569-10-04 11:53:02.981 AM.
Test Case '-[SendmeterCoreTests.MetricsTests testAcwrRatioMatchesComputeACWRForSameLoadSeries]' started.
Test Case '-[SendmeterCoreTests.MetricsTests testAcwrRatioMatchesComputeACWRForSameLoadSeries]' passed (0.001 seconds).
Test Case '-[SendmeterCoreTests.MetricsTests testAcwrRatioNilWhenNoLoad]' started.
Test Case '-[SendmeterCoreTests.MetricsTests testAcwrRatioNilWhenNoLoad]' passed (0.000 seconds).
Test Case '-[SendmeterCoreTests.MetricsTests testACWRStatusThresholdsMatchProductContract]' started.
Test Case '-[SendmeterCoreTests.MetricsTests testACWRStatusThresholdsMatchProductContract]' passed (0.000 seconds).
Test Case '-[SendmeterCoreTests.MetricsTests testACWRUsesNinetyDayMeanSeededEWMA]' started.
Test Case '-[SendmeterCoreTests.MetricsTests testACWRUsesNinetyDayMeanSeededEWMA]' passed (0.001 seconds).
Test Case '-[SendmeterCoreTests.MetricsTests testCanonicalPhaseStartIgnoresStaleOpenPeriodForDifferentPhase]' started.
Test Case '-[SendmeterCoreTests.MetricsTests testCanonicalPhaseStartIgnoresStaleOpenPeriodForDifferentPhase]' passed (0.000 seconds).
Test Case '-[SendmeterCoreTests.MetricsTests testCanonicalPhaseStartPrefersMatchingOpenPeriodOverFallback]' started.
Test Case '-[SendmeterCoreTests.MetricsTests testCanonicalPhaseStartPrefersMatchingOpenPeriodOverFallback]' passed (0.000 seconds).
Test Case '-[SendmeterCoreTests.MetricsTests testComputeACWRWindowIncludesLegacySessionDates]' started.
Test Case '-[SendmeterCoreTests.MetricsTests testComputeACWRWindowIncludesLegacySessionDates]' passed (0.001 seconds).
Test Case '-[SendmeterCoreTests.MetricsTests testEWMAIsNullAware]' started.
Test Case '-[SendmeterCoreTests.MetricsTests testEWMAIsNullAware]' passed (0.000 seconds).
Test Case '-[SendmeterCoreTests.MetricsTests testPhaseAgeUsesCanonicalOpenPeriod]' started.
Test Case '-[SendmeterCoreTests.MetricsTests testPhaseAgeUsesCanonicalOpenPeriod]' passed (0.000 seconds).
Test Case '-[SendmeterCoreTests.MetricsTests testReadinessSeriesDuplicateDatesResolveLastWins]' started.
Test Case '-[SendmeterCoreTests.MetricsTests testReadinessSeriesDuplicateDatesResolveLastWins]' passed (0.000 seconds).
Test Case '-[SendmeterCoreTests.MetricsTests testReadinessSeriesGapsRenderNil]' started.
Test Case '-[SendmeterCoreTests.MetricsTests testReadinessSeriesGapsRenderNil]' passed (0.000 seconds).
Test Case '-[SendmeterCoreTests.MetricsTests testReadinessSeriesGroupsContiguousScoredDaysIntoRuns]' started.
Test Case '-[SendmeterCoreTests.MetricsTests testReadinessSeriesGroupsContiguousScoredDaysIntoRuns]' passed (0.000 seconds).
Test Case '-[SendmeterCoreTests.MetricsTests testReadinessSeriesIgnoresMetricsOutsideTheWindow]' started.
Test Case '-[SendmeterCoreTests.MetricsTests testReadinessSeriesIgnoresMetricsOutsideTheWindow]' passed (0.000 seconds).
Test Case '-[SendmeterCoreTests.MetricsTests testReadinessSeriesMapsMetricsToTheirCalendarDay]' started.
Test Case '-[SendmeterCoreTests.MetricsTests testReadinessSeriesMapsMetricsToTheirCalendarDay]' passed (0.000 seconds).
Test Case '-[SendmeterCoreTests.MetricsTests testReadinessSeriesPinsDateValuesToGregorianDays]' started.
Test Case '-[SendmeterCoreTests.MetricsTests testReadinessSeriesPinsDateValuesToGregorianDays]' passed (0.001 seconds).
Test Case '-[SendmeterCoreTests.MetricsTests testReadinessSeriesReturnsFourteenDaysOldestToNewest]' started.
Test Case '-[SendmeterCoreTests.MetricsTests testReadinessSeriesReturnsFourteenDaysOldestToNewest]' passed (0.000 seconds).
Test Case '-[SendmeterCoreTests.MetricsTests testReadinessSeriesTwoDaysOfDataKeepHonestGaps]' started.
Test Case '-[SendmeterCoreTests.MetricsTests testReadinessSeriesTwoDaysOfDataKeepHonestGaps]' passed (0.000 seconds).
Test Case '-[SendmeterCoreTests.MetricsTests testThreeLowReadinessDaysSuggestStepBackOnlyInLoadingPhases]' started.
Test Case '-[SendmeterCoreTests.MetricsTests testThreeLowReadinessDaysSuggestStepBackOnlyInLoadingPhases]' passed (0.000 seconds).
Test Case '-[SendmeterCoreTests.MetricsTests testWeeklyLoadsNormalizeLegacyAndTimestampDates]' started.
Test Case '-[SendmeterCoreTests.MetricsTests testWeeklyLoadsNormalizeLegacyAndTimestampDates]' passed (0.001 seconds).
Test Suite 'MetricsTests' passed at 2569-10-04 11:53:02.994 AM.
	 Executed 19 tests, with 0 failures (0 unexpected) in 0.010 (0.013) seconds
Test Suite 'MutationRecoveryCoordinatorTests' started at 2569-10-04 11:53:02.994 AM.
Test Case '-[SendmeterCoreTests.MutationRecoveryCoordinatorTests testAccountSwitchStopsThePassLeavingTheOldAccountsIntentsDurable]' started.
Test Case '-[SendmeterCoreTests.MutationRecoveryCoordinatorTests testAccountSwitchStopsThePassLeavingTheOldAccountsIntentsDurable]' passed (0.006 seconds).
Test Case '-[SendmeterCoreTests.MutationRecoveryCoordinatorTests testANewAccountsPassNeverAdoptsThePreviousAccountsIntents]' started.
Test Case '-[SendmeterCoreTests.MutationRecoveryCoordinatorTests testANewAccountsPassNeverAdoptsThePreviousAccountsIntents]' passed (0.003 seconds).
Test Case '-[SendmeterCoreTests.MutationRecoveryCoordinatorTests testCancelledPassStopsStartingUploadsAndLeavesTheRemainderDurable]' started.
Test Case '-[SendmeterCoreTests.MutationRecoveryCoordinatorTests testCancelledPassStopsStartingUploadsAndLeavesTheRemainderDurable]' passed (0.007 seconds).
Test Case '-[SendmeterCoreTests.MutationRecoveryCoordinatorTests testConcurrentDrainsAdoptTheSameIdentityOnlyOnce]' started.
Test Case '-[SendmeterCoreTests.MutationRecoveryCoordinatorTests testConcurrentDrainsAdoptTheSameIdentityOnlyOnce]' passed (0.071 seconds).
Test Case '-[SendmeterCoreTests.MutationRecoveryCoordinatorTests testDiscardRemovesAQuarantinedEntryAndReportsTheCapturedItem]' started.
Test Case '-[SendmeterCoreTests.MutationRecoveryCoordinatorTests testDiscardRemovesAQuarantinedEntryAndReportsTheCapturedItem]' passed (0.034 seconds).
Test Case '-[SendmeterCoreTests.MutationRecoveryCoordinatorTests testDiscardRemovesTheEntryOnlyUnderItsCapturedRevision]' started.
Test Case '-[SendmeterCoreTests.MutationRecoveryCoordinatorTests testDiscardRemovesTheEntryOnlyUnderItsCapturedRevision]' passed (0.019 seconds).
Test Case '-[SendmeterCoreTests.MutationRecoveryCoordinatorTests testDrainAdoptsResiduesBeforeItSnapshotsTheDueSet]' started.
Test Case '-[SendmeterCoreTests.MutationRecoveryCoordinatorTests testDrainAdoptsResiduesBeforeItSnapshotsTheDueSet]' passed (0.010 seconds).
Test Case '-[SendmeterCoreTests.MutationRecoveryCoordinatorTests testDrainAttemptsEveryDueItemOnceInQueueOrderAndAcknowledgesOnce]' started.
Test Case '-[SendmeterCoreTests.MutationRecoveryCoordinatorTests testDrainAttemptsEveryDueItemOnceInQueueOrderAndAcknowledgesOnce]' passed (0.016 seconds).
Test Case '-[SendmeterCoreTests.MutationRecoveryCoordinatorTests testDrainReportsARefusedResidueAdoptionAndUploadsNothing]' started.
Test Case '-[SendmeterCoreTests.MutationRecoveryCoordinatorTests testDrainReportsARefusedResidueAdoptionAndUploadsNothing]' passed (0.020 seconds).
Test Case '-[SendmeterCoreTests.MutationRecoveryCoordinatorTests testFailedManualQuarantineRetryRestampsThePriorRejectionVerbatim]' started.
Test Case '-[SendmeterCoreTests.MutationRecoveryCoordinatorTests testFailedManualQuarantineRetryRestampsThePriorRejectionVerbatim]' passed (0.039 seconds).
Test Case '-[SendmeterCoreTests.MutationRecoveryCoordinatorTests testFailureRecordIsFencedByTheCapturedRevision]' started.
Test Case '-[SendmeterCoreTests.MutationRecoveryCoordinatorTests testFailureRecordIsFencedByTheCapturedRevision]' passed (0.017 seconds).
Test Case '-[SendmeterCoreTests.MutationRecoveryCoordinatorTests testFreshPermanentRejectionOnTheManualRetryReplacesTheStamp]' started.
Test Case '-[SendmeterCoreTests.MutationRecoveryCoordinatorTests testFreshPermanentRejectionOnTheManualRetryReplacesTheStamp]' passed (0.020 seconds).
Test Case '-[SendmeterCoreTests.MutationRecoveryCoordinatorTests testLostAcknowledgementKeepsOneDurableIntentWithStableIdentity]' started.
Test Case '-[SendmeterCoreTests.MutationRecoveryCoordinatorTests testLostAcknowledgementKeepsOneDurableIntentWithStableIdentity]' passed (0.026 seconds).
Test Case '-[SendmeterCoreTests.MutationRecoveryCoordinatorTests testManualRetryStopsOnAQuarantinedIdentity]' started.
Test Case '-[SendmeterCoreTests.MutationRecoveryCoordinatorTests testManualRetryStopsOnAQuarantinedIdentity]' passed (0.003 seconds).
Test Case '-[SendmeterCoreTests.MutationRecoveryCoordinatorTests testManualRetryWaitsForTheInFlightOwnerAndThenUploadsOnce]' started.
Test Case '-[SendmeterCoreTests.MutationRecoveryCoordinatorTests testManualRetryWaitsForTheInFlightOwnerAndThenUploadsOnce]' passed (0.003 seconds).
Test Case '-[SendmeterCoreTests.MutationRecoveryCoordinatorTests testPermanentRejectionsQuarantineAtTheBoundedBudgetButManualRetriesNeverDo]' started.
Test Case '-[SendmeterCoreTests.MutationRecoveryCoordinatorTests testPermanentRejectionsQuarantineAtTheBoundedBudgetButManualRetriesNeverDo]' passed (0.010 seconds).
Test Case '-[SendmeterCoreTests.MutationRecoveryCoordinatorTests testPersistedQueueFixtureStaysReadableWithOrderingAndStableIdentity]' started.
Test Case '-[SendmeterCoreTests.MutationRecoveryCoordinatorTests testPersistedQueueFixtureStaysReadableWithOrderingAndStableIdentity]' passed (0.004 seconds).
Test Case '-[SendmeterCoreTests.MutationRecoveryCoordinatorTests testQuarantineRetrySkipsEntriesWhenItsPreparationRefuses]' started.
Test Case '-[SendmeterCoreTests.MutationRecoveryCoordinatorTests testQuarantineRetrySkipsEntriesWhenItsPreparationRefuses]' passed (0.003 seconds).
Test Case '-[SendmeterCoreTests.MutationRecoveryCoordinatorTests testRetryGateCoalescesASecondPassAndOnlyItsOwnerReleasesIt]' started.
Test Case '-[SendmeterCoreTests.MutationRecoveryCoordinatorTests testRetryGateCoalescesASecondPassAndOnlyItsOwnerReleasesIt]' passed (0.002 seconds).
Test Case '-[SendmeterCoreTests.MutationRecoveryCoordinatorTests testSuccessfulManualQuarantineRetryClearsTheStampAndTheEntry]' started.
Test Case '-[SendmeterCoreTests.MutationRecoveryCoordinatorTests testSuccessfulManualQuarantineRetryClearsTheStampAndTheEntry]' passed (0.004 seconds).
Test Suite 'MutationRecoveryCoordinatorTests' passed at 2569-10-04 11:53:03.314 AM.
	 Executed 20 tests, with 0 failures (0 unexpected) in 0.315 (0.320) seconds
Test Suite 'MutationSyncStatusTests' started at 2569-10-04 11:53:03.314 AM.
Test Case '-[SendmeterCoreTests.MutationSyncStatusTests testARunningPassIsPublishedAsInFlightAndNotRetryable]' started.
Test Case '-[SendmeterCoreTests.MutationSyncStatusTests testARunningPassIsPublishedAsInFlightAndNotRetryable]' passed (0.000 seconds).
Test Case '-[SendmeterCoreTests.MutationSyncStatusTests testCacheOnlyWorkIsAwaitingUploadAndSaysItIsNotUploadedYet]' started.
Test Case '-[SendmeterCoreTests.MutationSyncStatusTests testCacheOnlyWorkIsAwaitingUploadAndSaysItIsNotUploadedYet]' passed (0.000 seconds).
Test Case '-[SendmeterCoreTests.MutationSyncStatusTests testMixedWorkNamesBothChannels]' started.
Test Case '-[SendmeterCoreTests.MutationSyncStatusTests testMixedWorkNamesBothChannels]' passed (0.000 seconds).
Test Case '-[SendmeterCoreTests.MutationSyncStatusTests testQuarantinedWorkIsNeedsAttentionNotAwaitingUpload]' started.
Test Case '-[SendmeterCoreTests.MutationSyncStatusTests testQuarantinedWorkIsNeedsAttentionNotAwaitingUpload]' passed (0.000 seconds).
Test Case '-[SendmeterCoreTests.MutationSyncStatusTests testQuarantineWithNothingQueuedHidesTheQueueRetry]' started.
Test Case '-[SendmeterCoreTests.MutationSyncStatusTests testQuarantineWithNothingQueuedHidesTheQueueRetry]' passed (0.000 seconds).
Test Case '-[SendmeterCoreTests.MutationSyncStatusTests testQueueWorkIsAwaitingUpload]' started.
Test Case '-[SendmeterCoreTests.MutationSyncStatusTests testQueueWorkIsAwaitingUpload]' passed (0.000 seconds).
Test Case '-[SendmeterCoreTests.MutationSyncStatusTests testReadAndEmptyIsTheOnlySynced]' started.
Test Case '-[SendmeterCoreTests.MutationSyncStatusTests testReadAndEmptyIsTheOnlySynced]' passed (0.000 seconds).
Test Case '-[SendmeterCoreTests.MutationSyncStatusTests testResidueIsRetryableBeforeAnyPassHasRun]' started.
Test Case '-[SendmeterCoreTests.MutationSyncStatusTests testResidueIsRetryableBeforeAnyPassHasRun]' passed (0.000 seconds).
Test Case '-[SendmeterCoreTests.MutationSyncStatusTests testResidueThatSurvivedARetryLosesTheRetryAndExplainsWhy]' started.
Test Case '-[SendmeterCoreTests.MutationSyncStatusTests testResidueThatSurvivedARetryLosesTheRetryAndExplainsWhy]' passed (0.000 seconds).
Test Case '-[SendmeterCoreTests.MutationSyncStatusTests testStaleOutcomeDoesNotDisableAnotherAccountsResidueRetry]' started.
Test Case '-[SendmeterCoreTests.MutationSyncStatusTests testStaleOutcomeDoesNotDisableAnotherAccountsResidueRetry]' passed (0.000 seconds).
Test Case '-[SendmeterCoreTests.MutationSyncStatusTests testTransientQueueFailureKeepsTheRetryReady]' started.
Test Case '-[SendmeterCoreTests.MutationSyncStatusTests testTransientQueueFailureKeepsTheRetryReady]' passed (0.000 seconds).
Test Case '-[SendmeterCoreTests.MutationSyncStatusTests testUnloadedCountsAreNotLoadedRatherThanSynced]' started.
Test Case '-[SendmeterCoreTests.MutationSyncStatusTests testUnloadedCountsAreNotLoadedRatherThanSynced]' passed (0.000 seconds).
Test Case '-[SendmeterCoreTests.MutationSyncStatusTests testUnreadQuarantineListKeepsTheStatusNotLoaded]' started.
Test Case '-[SendmeterCoreTests.MutationSyncStatusTests testUnreadQuarantineListKeepsTheStatusNotLoaded]' passed (0.000 seconds).
Test Suite 'MutationSyncStatusTests' passed at 2569-10-04 11:53:03.319 AM.
	 Executed 13 tests, with 0 failures (0 unexpected) in 0.003 (0.005) seconds
Test Suite 'OfflineQueueTests' started at 2569-10-04 11:53:03.319 AM.
Test Case '-[SendmeterCoreTests.OfflineQueueTests testAuthFailureDiagnosticSurvivesRelaunchAndLaterRecovery]' started.
Test Case '-[SendmeterCoreTests.OfflineQueueTests testAuthFailureDiagnosticSurvivesRelaunchAndLaterRecovery]' passed (0.007 seconds).
Test Case '-[SendmeterCoreTests.OfflineQueueTests testAuthFailureParksNotQuarantines]' started.
Test Case '-[SendmeterCoreTests.OfflineQueueTests testAuthFailureParksNotQuarantines]' passed (0.008 seconds).
Test Case '-[SendmeterCoreTests.OfflineQueueTests testAuthRecoverySelectionBypassesBackoffWithoutDiscardingData]' started.
Test Case '-[SendmeterCoreTests.OfflineQueueTests testAuthRecoverySelectionBypassesBackoffWithoutDiscardingData]' passed (0.009 seconds).
Test Case '-[SendmeterCoreTests.OfflineQueueTests testConcurrentInsertCompletionAndDrainCannotRetryDeleteAfterQuarantine]' started.
Test Case '-[SendmeterCoreTests.OfflineQueueTests testConcurrentInsertCompletionAndDrainCannotRetryDeleteAfterQuarantine]' passed (0.006 seconds).
Test Case '-[SendmeterCoreTests.OfflineQueueTests testDiscardQuarantinedRemovesOnlyThatEntry]' started.
Test Case '-[SendmeterCoreTests.OfflineQueueTests testDiscardQuarantinedRemovesOnlyThatEntry]' passed (0.010 seconds).
Test Case '-[SendmeterCoreTests.OfflineQueueTests testEnqueuePersistenceFailureAfterCompletedInsertIsTransactional]' started.
Test Case '-[SendmeterCoreTests.OfflineQueueTests testEnqueuePersistenceFailureAfterCompletedInsertIsTransactional]' passed (0.005 seconds).
Test Case '-[SendmeterCoreTests.OfflineQueueTests testEnqueueReportsTerminalizedItemWasSkipped]' started.
Test Case '-[SendmeterCoreTests.OfflineQueueTests testEnqueueReportsTerminalizedItemWasSkipped]' passed (0.004 seconds).
Test Case '-[SendmeterCoreTests.OfflineQueueTests testFailedManualRetryPreservesRejectionDiagnostic]' started.
Test Case '-[SendmeterCoreTests.OfflineQueueTests testFailedManualRetryPreservesRejectionDiagnostic]' passed (0.005 seconds).
Test Case '-[SendmeterCoreTests.OfflineQueueTests testFailureBackoffAndBreadcrumbRing]' started.
Test Case '-[SendmeterCoreTests.OfflineQueueTests testFailureBackoffAndBreadcrumbRing]' passed (0.003 seconds).
Test Case '-[SendmeterCoreTests.OfflineQueueTests testFreshPermanentOnManualRetryReplacesStamp]' started.
Test Case '-[SendmeterCoreTests.OfflineQueueTests testFreshPermanentOnManualRetryReplacesStamp]' passed (0.005 seconds).
Test Case '-[SendmeterCoreTests.OfflineQueueTests testIncludeQuarantinedReturnsQuarantinedForVisibilityOnly]' started.
Test Case '-[SendmeterCoreTests.OfflineQueueTests testIncludeQuarantinedReturnsQuarantinedForVisibilityOnly]' passed (0.004 seconds).
Test Case '-[SendmeterCoreTests.OfflineQueueTests testLegacyQueueFileDecodesWithoutQuarantine]' started.
Test Case '-[SendmeterCoreTests.OfflineQueueTests testLegacyQueueFileDecodesWithoutQuarantine]' passed (0.003 seconds).
Test Case '-[SendmeterCoreTests.OfflineQueueTests testManualRetryFailuresDoNotSpendQuarantineBudget]' started.
Test Case '-[SendmeterCoreTests.OfflineQueueTests testManualRetryFailuresDoNotSpendQuarantineBudget]' passed (0.007 seconds).
Test Case '-[SendmeterCoreTests.OfflineQueueTests testManualRetryRevalidatesBackedOffItemWithoutQuarantine]' started.
Test Case '-[SendmeterCoreTests.OfflineQueueTests testManualRetryRevalidatesBackedOffItemWithoutQuarantine]' passed (0.004 seconds).
Test Case '-[SendmeterCoreTests.OfflineQueueTests testMarkFailureOnAlreadyQuarantinedIsANoOp]' started.
Test Case '-[SendmeterCoreTests.OfflineQueueTests testMarkFailureOnAlreadyQuarantinedIsANoOp]' passed (0.020 seconds).
Test Case '-[SendmeterCoreTests.OfflineQueueTests testParkedFailuresNeverQuarantine]' started.
Test Case '-[SendmeterCoreTests.OfflineQueueTests testParkedFailuresNeverQuarantine]' passed (0.016 seconds).
Test Case '-[SendmeterCoreTests.OfflineQueueTests testPendingDeleteDoesNotCancelNewerReplacementRevision]' started.
Test Case '-[SendmeterCoreTests.OfflineQueueTests testPendingDeleteDoesNotCancelNewerReplacementRevision]' passed (0.004 seconds).
Test Case '-[SendmeterCoreTests.OfflineQueueTests testPendingDeleteReplacementSurvivesRefreshAndRelaunch]' started.
Test Case '-[SendmeterCoreTests.OfflineQueueTests testPendingDeleteReplacementSurvivesRefreshAndRelaunch]' passed (0.006 seconds).
Test Case '-[SendmeterCoreTests.OfflineQueueTests testPermanentRejectionQuarantinesAfterBoundedAttemptsAndNeverHotDrains]' started.
Test Case '-[SendmeterCoreTests.OfflineQueueTests testPermanentRejectionQuarantinesAfterBoundedAttemptsAndNeverHotDrains]' passed (0.006 seconds).
Test Case '-[SendmeterCoreTests.OfflineQueueTests testQuarantineSurvivesReload]' started.
Test Case '-[SendmeterCoreTests.OfflineQueueTests testQuarantineSurvivesReload]' passed (0.004 seconds).
Test Case '-[SendmeterCoreTests.OfflineQueueTests testQueueIsDurableAndAccountScoped]' started.
Test Case '-[SendmeterCoreTests.OfflineQueueTests testQueueIsDurableAndAccountScoped]' passed (0.003 seconds).
Test Case '-[SendmeterCoreTests.OfflineQueueTests testRequarantineRestoresQuarantinedState]' started.
Test Case '-[SendmeterCoreTests.OfflineQueueTests testRequarantineRestoresQuarantinedState]' passed (0.007 seconds).
Test Case '-[SendmeterCoreTests.OfflineQueueTests testRetryableFailuresKeepBackoffAndNeverQuarantine]' started.
Test Case '-[SendmeterCoreTests.OfflineQueueTests testRetryableFailuresKeepBackoffAndNeverQuarantine]' passed (0.009 seconds).
Test Case '-[SendmeterCoreTests.OfflineQueueTests testRetryableFailuresThenFirstPermanentGetsFullWindow]' started.
Test Case '-[SendmeterCoreTests.OfflineQueueTests testRetryableFailuresThenFirstPermanentGetsFullWindow]' passed (0.017 seconds).
Test Case '-[SendmeterCoreTests.OfflineQueueTests testRetryQuarantinedRecoversTheEntry]' started.
Test Case '-[SendmeterCoreTests.OfflineQueueTests testRetryQuarantinedRecoversTheEntry]' passed (0.008 seconds).
Test Case '-[SendmeterCoreTests.OfflineQueueTests testZeroOrderingWritesSurvivePositiveEditorFloorAndRelaunch]' started.
Test Case '-[SendmeterCoreTests.OfflineQueueTests testZeroOrderingWritesSurvivePositiveEditorFloorAndRelaunch]' passed (0.006 seconds).
Test Suite 'OfflineQueueTests' passed at 2569-10-04 11:53:03.511 AM.
	 Executed 26 tests, with 0 failures (0 unexpected) in 0.186 (0.192) seconds
Test Suite 'PagedDeltaCacheTests' started at 2569-10-04 11:53:03.511 AM.
Test Case '-[SendmeterCoreTests.PagedDeltaCacheTests testEmptyPagedResponseKeepsTheCheckpointAndStillMarksTheBoundary]' started.
Test Case '-[SendmeterCoreTests.PagedDeltaCacheTests testEmptyPagedResponseKeepsTheCheckpointAndStillMarksTheBoundary]' passed (0.015 seconds).
Test Case '-[SendmeterCoreTests.PagedDeltaCacheTests testLegacyTimestampOnlyCursorUpgradeKeepsEveryRowAtItsTimestamp]' started.
Test Case '-[SendmeterCoreTests.PagedDeltaCacheTests testLegacyTimestampOnlyCursorUpgradeKeepsEveryRowAtItsTimestamp]' passed (0.013 seconds).
Test Case '-[SendmeterCoreTests.PagedDeltaCacheTests testMiddlePageFailureLeavesCachedRowsCheckpointAndBoundaryUntouched]' started.
Test Case '-[SendmeterCoreTests.PagedDeltaCacheTests testMiddlePageFailureLeavesCachedRowsCheckpointAndBoundaryUntouched]' passed (0.018 seconds).
Test Case '-[SendmeterCoreTests.PagedDeltaCacheTests testPagedFullSnapshotReconcilesEveryPageAndAdvancesTheCompositeCheckpoint]' started.
Test Case '-[SendmeterCoreTests.PagedDeltaCacheTests testPagedFullSnapshotReconcilesEveryPageAndAdvancesTheCompositeCheckpoint]' passed (0.025 seconds).
Test Case '-[SendmeterCoreTests.PagedDeltaCacheTests testPagedReconcileKeepsThePendingLocalOverlay]' started.
Test Case '-[SendmeterCoreTests.PagedDeltaCacheTests testPagedReconcileKeepsThePendingLocalOverlay]' passed (0.011 seconds).
Test Suite 'PagedDeltaCacheTests' passed at 2569-10-04 11:53:03.594 AM.
	 Executed 5 tests, with 0 failures (0 unexpected) in 0.082 (0.083) seconds
Test Suite 'PagedDeltaEntityShapeTests' started at 2569-10-04 11:53:03.594 AM.
Test Case '-[SendmeterCoreTests.PagedDeltaEntityShapeTests testAttemptCollectionLegacyCheckpointRereadsItsStartedAtTieGroupAndEmptyCollectionIsComplete]' started.
Test Case '-[SendmeterCoreTests.PagedDeltaEntityShapeTests testAttemptCollectionLegacyCheckpointRereadsItsStartedAtTieGroupAndEmptyCollectionIsComplete]' passed (0.007 seconds).
Test Case '-[SendmeterCoreTests.PagedDeltaEntityShapeTests testAttemptCollectionPagesByStartedAtAndTiesOnTheAttemptID]' started.
Test Case '-[SendmeterCoreTests.PagedDeltaEntityShapeTests testAttemptCollectionPagesByStartedAtAndTiesOnTheAttemptID]' passed (0.005 seconds).
Test Case '-[SendmeterCoreTests.PagedDeltaEntityShapeTests testBudgetExhaustionOnAStartedAtShapeThrowsInsteadOfTruncating]' started.
Test Case '-[SendmeterCoreTests.PagedDeltaEntityShapeTests testBudgetExhaustionOnAStartedAtShapeThrowsInsteadOfTruncating]' passed (0.002 seconds).
Test Case '-[SendmeterCoreTests.PagedDeltaEntityShapeTests testFailedAttemptPageThrowsInsteadOfReturningAPartialCollection]' started.
Test Case '-[SendmeterCoreTests.PagedDeltaEntityShapeTests testFailedAttemptPageThrowsInsteadOfReturningAPartialCollection]' passed (0.001 seconds).
Test Case '-[SendmeterCoreTests.PagedDeltaEntityShapeTests testHealthShapeTiesOnDateAndResumesInsideTheTimestampGroup]' started.
Test Case '-[SendmeterCoreTests.PagedDeltaEntityShapeTests testHealthShapeTiesOnDateAndResumesInsideTheTimestampGroup]' passed (0.005 seconds).
Test Case '-[SendmeterCoreTests.PagedDeltaEntityShapeTests testRetriedAttemptRowReconcilesOnceOnTheNewShape]' started.
Test Case '-[SendmeterCoreTests.PagedDeltaEntityShapeTests testRetriedAttemptRowReconcilesOnceOnTheNewShape]' passed (0.005 seconds).
Test Case '-[SendmeterCoreTests.PagedDeltaEntityShapeTests testSettingsShapeTiesOnUserIDWhileTheCacheIdentityStaysConstant]' started.
Test Case '-[SendmeterCoreTests.PagedDeltaEntityShapeTests testSettingsShapeTiesOnUserIDWhileTheCacheIdentityStaysConstant]' passed (0.003 seconds).
Test Case '-[SendmeterCoreTests.PagedDeltaEntityShapeTests testTagShapeTiesOnName]' started.
Test Case '-[SendmeterCoreTests.PagedDeltaEntityShapeTests testTagShapeTiesOnName]' passed (0.003 seconds).
Test Suite 'PagedDeltaEntityShapeTests' passed at 2569-10-04 11:53:03.626 AM.
	 Executed 8 tests, with 0 failures (0 unexpected) in 0.030 (0.032) seconds
Test Suite 'PagedDeltaPublicationBoundaryTests' started at 2569-10-04 11:53:03.626 AM.
Test Case '-[SendmeterCoreTests.PagedDeltaPublicationBoundaryTests testAccountChangeAfterAPagedFetchAwaitRejectsTheStalePublication]' started.
Test Case '-[SendmeterCoreTests.PagedDeltaPublicationBoundaryTests testAccountChangeAfterAPagedFetchAwaitRejectsTheStalePublication]' passed (0.007 seconds).
Test Case '-[SendmeterCoreTests.PagedDeltaPublicationBoundaryTests testCurrentAccountPublishesTheSamePagedFetch]' started.
Test Case '-[SendmeterCoreTests.PagedDeltaPublicationBoundaryTests testCurrentAccountPublishesTheSamePagedFetch]' passed (0.008 seconds).
Test Case '-[SendmeterCoreTests.PagedDeltaPublicationBoundaryTests testFailedPageLeavesTheEntityResumableWithPendingLocalValuesIntact]' started.
Test Case '-[SendmeterCoreTests.PagedDeltaPublicationBoundaryTests testFailedPageLeavesTheEntityResumableWithPendingLocalValuesIntact]' passed (0.021 seconds).
Test Case '-[SendmeterCoreTests.PagedDeltaPublicationBoundaryTests testGroupedWorkoutSnapshotIsPublishedOnlyFromACompleteRead]' started.
Test Case '-[SendmeterCoreTests.PagedDeltaPublicationBoundaryTests testGroupedWorkoutSnapshotIsPublishedOnlyFromACompleteRead]' passed (0.036 seconds).
Test Suite 'PagedDeltaPublicationBoundaryTests' passed at 2569-10-04 11:53:03.699 AM.
	 Executed 4 tests, with 0 failures (0 unexpected) in 0.072 (0.073) seconds
Test Suite 'PendingRecordingOverlayTests' started at 2569-10-04 11:53:03.700 AM.
Test Case '-[SendmeterCoreTests.PendingRecordingOverlayTests testMergeIncludesOnlyPendingRowsOwnedByTheCurrentAccount]' started.
Test Case '-[SendmeterCoreTests.PendingRecordingOverlayTests testMergeIncludesOnlyPendingRowsOwnedByTheCurrentAccount]' passed (0.003 seconds).
Test Case '-[SendmeterCoreTests.PendingRecordingOverlayTests testRestoreReadForAccountAIsRejectedAfterSwitchToAccountB]' started.
Test Case '-[SendmeterCoreTests.PendingRecordingOverlayTests testRestoreReadForAccountAIsRejectedAfterSwitchToAccountB]' passed (0.000 seconds).
Test Case '-[SendmeterCoreTests.PendingRecordingOverlayTests testRestoreReadForTheCurrentAccountIsAccepted]' started.
Test Case '-[SendmeterCoreTests.PendingRecordingOverlayTests testRestoreReadForTheCurrentAccountIsAccepted]' passed (0.000 seconds).
Test Suite 'PendingRecordingOverlayTests' passed at 2569-10-04 11:53:03.704 AM.
	 Executed 3 tests, with 0 failures (0 unexpected) in 0.004 (0.005) seconds
Test Suite 'PendingSessionWritePolicyTests' started at 2569-10-04 11:53:03.704 AM.
Test Case '-[SendmeterCoreTests.PendingSessionWritePolicyTests testPendingDeleteCopyDistinguishesManualWorkoutFromSession]' started.
Test Case '-[SendmeterCoreTests.PendingSessionWritePolicyTests testPendingDeleteCopyDistinguishesManualWorkoutFromSession]' passed (0.000 seconds).
Test Case '-[SendmeterCoreTests.PendingSessionWritePolicyTests testSessionAndWorkoutInsertsShareDeleteBarrierAndRestoreSuppression]' started.
Test Case '-[SendmeterCoreTests.PendingSessionWritePolicyTests testSessionAndWorkoutInsertsShareDeleteBarrierAndRestoreSuppression]' passed (0.000 seconds).
Test Suite 'PendingSessionWritePolicyTests' passed at 2569-10-04 11:53:03.705 AM.
	 Executed 2 tests, with 0 failures (0 unexpected) in 0.001 (0.001) seconds
Test Suite 'PhaseManagerTests' started at 2569-10-04 11:53:03.705 AM.
Test Case '-[SendmeterCoreTests.PhaseManagerTests testDifferentDayClosesAndCreates]' started.
Test Case '-[SendmeterCoreTests.PhaseManagerTests testDifferentDayClosesAndCreates]' passed (0.000 seconds).
Test Case '-[SendmeterCoreTests.PhaseManagerTests testSameDayChangeKeepsOpenPeriodStartedOn]' started.
Test Case '-[SendmeterCoreTests.PhaseManagerTests testSameDayChangeKeepsOpenPeriodStartedOn]' passed (0.000 seconds).
Test Case '-[SendmeterCoreTests.PhaseManagerTests testSameDaySwitchBackReopensPreviousPeriod]' started.
Test Case '-[SendmeterCoreTests.PhaseManagerTests testSameDaySwitchBackReopensPreviousPeriod]' passed (0.000 seconds).
Test Suite 'PhaseManagerTests' passed at 2569-10-04 11:53:03.707 AM.
	 Executed 3 tests, with 0 failures (0 unexpected) in 0.001 (0.001) seconds
Test Suite 'PhaseTransitionReplayTests' started at 2569-10-04 11:53:03.707 AM.
Test Case '-[SendmeterCoreTests.PhaseTransitionReplayTests testAnIntendedOpenBlockAlreadyOnTheServerCountsAsApplied]' started.
Test Case '-[SendmeterCoreTests.PhaseTransitionReplayTests testAnIntendedOpenBlockAlreadyOnTheServerCountsAsApplied]' passed (0.001 seconds).
Test Case '-[SendmeterCoreTests.PhaseTransitionReplayTests testAnOpenBlockOfTheWrongPhaseOrDateIsNotApplied]' started.
Test Case '-[SendmeterCoreTests.PhaseTransitionReplayTests testAnOpenBlockOfTheWrongPhaseOrDateIsNotApplied]' passed (0.000 seconds).
Test Case '-[SendmeterCoreTests.PhaseTransitionReplayTests testCompletenessRejectsAnEmptyResult]' started.
Test Case '-[SendmeterCoreTests.PhaseTransitionReplayTests testCompletenessRejectsAnEmptyResult]' passed (0.000 seconds).
Test Case '-[SendmeterCoreTests.PhaseTransitionReplayTests testCompletenessRequiresExactlyTheIntendedOpenBlock]' started.
Test Case '-[SendmeterCoreTests.PhaseTransitionReplayTests testCompletenessRequiresExactlyTheIntendedOpenBlock]' passed (0.000 seconds).
Test Case '-[SendmeterCoreTests.PhaseTransitionReplayTests testIncompleteTransitionIsRetryable]' started.
Test Case '-[SendmeterCoreTests.PhaseTransitionReplayTests testIncompleteTransitionIsRetryable]' passed (0.000 seconds).
Test Case '-[SendmeterCoreTests.PhaseTransitionReplayTests testPhaseTransitionIntentSurvivesAFreshQueueInstanceOverTheSameFile]' started.
Test Case '-[SendmeterCoreTests.PhaseTransitionReplayTests testPhaseTransitionIntentSurvivesAFreshQueueInstanceOverTheSameFile]' passed (0.011 seconds).
Test Case '-[SendmeterCoreTests.PhaseTransitionReplayTests testPlanInputFallsBackToTheServerStateWhenTheViewIsNotServerAnchored]' started.
Test Case '-[SendmeterCoreTests.PhaseTransitionReplayTests testPlanInputFallsBackToTheServerStateWhenTheViewIsNotServerAnchored]' passed (0.000 seconds).
Test Case '-[SendmeterCoreTests.PhaseTransitionReplayTests testPlanInputKeepsARecoverableReopenInsteadOfCreatingASecondPeriod]' started.
Test Case '-[SendmeterCoreTests.PhaseTransitionReplayTests testPlanInputKeepsARecoverableReopenInsteadOfCreatingASecondPeriod]' passed (0.000 seconds).
Test Case '-[SendmeterCoreTests.PhaseTransitionReplayTests testPlanInputRejectsADoublyOpenServerState]' started.
Test Case '-[SendmeterCoreTests.PhaseTransitionReplayTests testPlanInputRejectsADoublyOpenServerState]' passed (0.000 seconds).
Test Case '-[SendmeterCoreTests.PhaseTransitionReplayTests testPlanInputRejectsAnUnknownOpenBlock]' started.
Test Case '-[SendmeterCoreTests.PhaseTransitionReplayTests testPlanInputRejectsAnUnknownOpenBlock]' passed (0.000 seconds).
Test Case '-[SendmeterCoreTests.PhaseTransitionReplayTests testPlanInputStaysAnchoredWhenThePlansDeleteAlreadyLanded]' started.
Test Case '-[SendmeterCoreTests.PhaseTransitionReplayTests testPlanInputStaysAnchoredWhenThePlansDeleteAlreadyLanded]' passed (0.000 seconds).
Test Case '-[SendmeterCoreTests.PhaseTransitionReplayTests testTwoOpenPeriodsAreNeverAppliedOrComplete]' started.
Test Case '-[SendmeterCoreTests.PhaseTransitionReplayTests testTwoOpenPeriodsAreNeverAppliedOrComplete]' passed (0.000 seconds).
Test Suite 'PhaseTransitionReplayTests' passed at 2569-10-04 11:53:03.726 AM.
	 Executed 12 tests, with 0 failures (0 unexpected) in 0.015 (0.019) seconds
Test Suite 'PublishableKeyParityTests' started at 2569-10-04 11:53:03.726 AM.
Test Case '-[SendmeterCoreTests.PublishableKeyParityTests testPhoneAndWatchBundledURLsMatch]' started.
Test Case '-[SendmeterCoreTests.PublishableKeyParityTests testPhoneAndWatchBundledURLsMatch]' passed (0.003 seconds).
Test Case '-[SendmeterCoreTests.PublishableKeyParityTests testPhoneAndWatchCommittedPublishableKeysMatch]' started.
Test Case '-[SendmeterCoreTests.PublishableKeyParityTests testPhoneAndWatchCommittedPublishableKeysMatch]' passed (0.001 seconds).
Test Case '-[SendmeterCoreTests.PublishableKeyParityTests testWatchSimulatorBranchUsesTheLocalStackKey]' started.
Test Case '-[SendmeterCoreTests.PublishableKeyParityTests testWatchSimulatorBranchUsesTheLocalStackKey]' passed (0.002 seconds).
Test Suite 'PublishableKeyParityTests' passed at 2569-10-04 11:53:03.732 AM.
	 Executed 3 tests, with 0 failures (0 unexpected) in 0.006 (0.006) seconds
Test Suite 'PurgeGenerationFailurePolicyTests' started at 2569-10-04 11:53:03.732 AM.
Test Case '-[SendmeterCoreTests.PurgeGenerationFailurePolicyTests testOnlyForegroundReportsAndRepeatedFailuresAreDeduplicated]' started.
Test Case '-[SendmeterCoreTests.PurgeGenerationFailurePolicyTests testOnlyForegroundReportsAndRepeatedFailuresAreDeduplicated]' passed (0.000 seconds).
Test Case '-[SendmeterCoreTests.PurgeGenerationFailurePolicyTests testSuccessfulReadAndAccountEpochEndTheDeduplicationScope]' started.
Test Case '-[SendmeterCoreTests.PurgeGenerationFailurePolicyTests testSuccessfulReadAndAccountEpochEndTheDeduplicationScope]' passed (0.000 seconds).
Test Suite 'PurgeGenerationFailurePolicyTests' passed at 2569-10-04 11:53:03.733 AM.
	 Executed 2 tests, with 0 failures (0 unexpected) in 0.001 (0.001) seconds
Test Suite 'QueueRetryPolicyTests' started at 2569-10-04 11:53:03.733 AM.
Test Case '-[SendmeterCoreTests.QueueRetryPolicyTests testAfterUploadWaitsOnlyForACompetingOwnerAndStopsOnFailureOrSuccess]' started.
Test Case '-[SendmeterCoreTests.QueueRetryPolicyTests testAfterUploadWaitsOnlyForACompetingOwnerAndStopsOnFailureOrSuccess]' passed (0.000 seconds).
Test Case '-[SendmeterCoreTests.QueueRetryPolicyTests testBeforeUploadWaitsForOwnerAndStopsOnlyForMissingOrQuarantinedItems]' started.
Test Case '-[SendmeterCoreTests.QueueRetryPolicyTests testBeforeUploadWaitsForOwnerAndStopsOnlyForMissingOrQuarantinedItems]' passed (0.000 seconds).
Test Suite 'QueueRetryPolicyTests' passed at 2569-10-04 11:53:03.734 AM.
	 Executed 2 tests, with 0 failures (0 unexpected) in 0.001 (0.001) seconds
Test Suite 'QueueUploadCoordinationTests' started at 2569-10-04 11:53:03.734 AM.
Test Case '-[SendmeterCoreTests.QueueUploadCoordinationTests testOneAccountItemIsSingleFlightUntilItsOwnerReleases]' started.
Test Case '-[SendmeterCoreTests.QueueUploadCoordinationTests testOneAccountItemIsSingleFlightUntilItsOwnerReleases]' passed (0.001 seconds).
Test Case '-[SendmeterCoreTests.QueueUploadCoordinationTests testSuspendedAccountAClaimSurvivesABASwitchAndBIsIndependent]' started.
Test Case '-[SendmeterCoreTests.QueueUploadCoordinationTests testSuspendedAccountAClaimSurvivesABASwitchAndBIsIndependent]' passed (0.000 seconds).
Test Suite 'QueueUploadCoordinationTests' passed at 2569-10-04 11:53:03.735 AM.
	 Executed 2 tests, with 0 failures (0 unexpected) in 0.001 (0.001) seconds
Test Suite 'ReadinessAcwrParityTests' started at 2569-10-04 11:53:03.735 AM.
Test Case '-[SendmeterCoreTests.ReadinessAcwrParityTests testAcwrRatioMatchesSharedVectors]' started.
Test Case '-[SendmeterCoreTests.ReadinessAcwrParityTests testAcwrRatioMatchesSharedVectors]' passed (0.004 seconds).
Test Case '-[SendmeterCoreTests.ReadinessAcwrParityTests testSpansMatchFixture]' started.
Test Case '-[SendmeterCoreTests.ReadinessAcwrParityTests testSpansMatchFixture]' passed (0.000 seconds).
Test Case '-[SendmeterCoreTests.ReadinessAcwrParityTests testStatusVectorsMatchProductContract]' started.
Test Case '-[SendmeterCoreTests.ReadinessAcwrParityTests testStatusVectorsMatchProductContract]' passed (0.000 seconds).
Test Suite 'ReadinessAcwrParityTests' passed at 2569-10-04 11:53:03.741 AM.
	 Executed 3 tests, with 0 failures (0 unexpected) in 0.005 (0.005) seconds
Test Suite 'ReadinessSyncPolicyTests' started at 2569-10-04 11:53:03.741 AM.
Test Case '-[SendmeterCoreTests.ReadinessSyncPolicyTests testExistingTodayRowForAnotherDateIsNotKept]' started.
Test Case '-[SendmeterCoreTests.ReadinessSyncPolicyTests testExistingTodayRowForAnotherDateIsNotKept]' passed (0.000 seconds).
Test Case '-[SendmeterCoreTests.ReadinessSyncPolicyTests testFreshScoreWinsWhenAllowed]' started.
Test Case '-[SendmeterCoreTests.ReadinessSyncPolicyTests testFreshScoreWinsWhenAllowed]' passed (0.000 seconds).
Test Case '-[SendmeterCoreTests.ReadinessSyncPolicyTests testLockedPassKeepsExistingScoredReadingEvenWithFreshScore]' started.
Test Case '-[SendmeterCoreTests.ReadinessSyncPolicyTests testLockedPassKeepsExistingScoredReadingEvenWithFreshScore]' passed (0.000 seconds).
Test Case '-[SendmeterCoreTests.ReadinessSyncPolicyTests testNilFreshScoreKeepsExistingScoredReading]' started.
Test Case '-[SendmeterCoreTests.ReadinessSyncPolicyTests testNilFreshScoreKeepsExistingScoredReading]' passed (0.000 seconds).
Test Case '-[SendmeterCoreTests.ReadinessSyncPolicyTests testNoExistingRowButFreshScoreWritesIt]' started.
Test Case '-[SendmeterCoreTests.ReadinessSyncPolicyTests testNoExistingRowButFreshScoreWritesIt]' passed (0.002 seconds).
Test Case '-[SendmeterCoreTests.ReadinessSyncPolicyTests testNoExistingScoredReadingRelaysHonestEmpty]' started.
Test Case '-[SendmeterCoreTests.ReadinessSyncPolicyTests testNoExistingScoredReadingRelaysHonestEmpty]' passed (0.000 seconds).
Test Suite 'ReadinessSyncPolicyTests' passed at 2569-10-04 11:53:03.745 AM.
	 Executed 6 tests, with 0 failures (0 unexpected) in 0.003 (0.004) seconds
Test Suite 'ReadinessWidgetWiringTests' started at 2569-10-04 11:53:03.745 AM.
Test Case '-[SendmeterCoreTests.ReadinessWidgetWiringTests testHealthReconciliationPublishesOnceAfterTheBatch]' started.
Test Case '-[SendmeterCoreTests.ReadinessWidgetWiringTests testHealthReconciliationPublishesOnceAfterTheBatch]' passed (0.080 seconds).
Test Case '-[SendmeterCoreTests.ReadinessWidgetWiringTests testPhonePrivacyManifestsMatchTheAppGroupCallPath]' started.
Test Case '-[SendmeterCoreTests.ReadinessWidgetWiringTests testPhonePrivacyManifestsMatchTheAppGroupCallPath]' passed (0.007 seconds).
Test Case '-[SendmeterCoreTests.ReadinessWidgetWiringTests testResetUsesOwnerAwareWidgetBoundary]' started.
Test Case '-[SendmeterCoreTests.ReadinessWidgetWiringTests testResetUsesOwnerAwareWidgetBoundary]' passed (0.067 seconds).
Test Case '-[SendmeterCoreTests.ReadinessWidgetWiringTests testSuccessfulRefreshPathGuaranteesBootstrapPublication]' started.
Test Case '-[SendmeterCoreTests.ReadinessWidgetWiringTests testSuccessfulRefreshPathGuaranteesBootstrapPublication]' passed (0.072 seconds).
Test Case '-[SendmeterCoreTests.ReadinessWidgetWiringTests testTimelineAndFamilyLayoutAreExplicit]' started.
Test Case '-[SendmeterCoreTests.ReadinessWidgetWiringTests testTimelineAndFamilyLayoutAreExplicit]' passed (0.005 seconds).
Test Case '-[SendmeterCoreTests.ReadinessWidgetWiringTests testWidgetPresentationAndBoundaryUseTruthfulSharedPolicies]' started.
Test Case '-[SendmeterCoreTests.ReadinessWidgetWiringTests testWidgetPresentationAndBoundaryUseTruthfulSharedPolicies]' passed (0.004 seconds).
Test Case '-[SendmeterCoreTests.ReadinessWidgetWiringTests testWidgetPublicationReloadsAreDedupeAndCoalesced]' started.
Test Case '-[SendmeterCoreTests.ReadinessWidgetWiringTests testWidgetPublicationReloadsAreDedupeAndCoalesced]' passed (0.001 seconds).
Test Case '-[SendmeterCoreTests.ReadinessWidgetWiringTests testWriterAndWidgetUseOneGregorianDayHelper]' started.
Test Case '-[SendmeterCoreTests.ReadinessWidgetWiringTests testWriterAndWidgetUseOneGregorianDayHelper]' passed (0.063 seconds).
Test Suite 'ReadinessWidgetWiringTests' passed at 2569-10-04 11:53:04.045 AM.
	 Executed 8 tests, with 0 failures (0 unexpected) in 0.299 (0.301) seconds
Test Suite 'RealtimeListReconcilerTests' started at 2569-10-04 11:53:04.045 AM.
Test Case '-[SendmeterCoreTests.RealtimeListReconcilerTests testCoalescerIdleAfterFlushAcceptsNewBurst]' started.
Test Case '-[SendmeterCoreTests.RealtimeListReconcilerTests testCoalescerIdleAfterFlushAcceptsNewBurst]' passed (0.001 seconds).
Test Case '-[SendmeterCoreTests.RealtimeListReconcilerTests testCoalescerRemainingMsAndReset]' started.
Test Case '-[SendmeterCoreTests.RealtimeListReconcilerTests testCoalescerRemainingMsAndReset]' passed (0.000 seconds).
Test Case '-[SendmeterCoreTests.RealtimeListReconcilerTests testCoalescerTrailingEdgeExtendsWindow]' started.
Test Case '-[SendmeterCoreTests.RealtimeListReconcilerTests testCoalescerTrailingEdgeExtendsWindow]' passed (0.000 seconds).
Test Case '-[SendmeterCoreTests.RealtimeListReconcilerTests testCoalescerUnionsSlicesWithinOneWindow]' started.
Test Case '-[SendmeterCoreTests.RealtimeListReconcilerTests testCoalescerUnionsSlicesWithinOneWindow]' passed (0.000 seconds).
Test Case '-[SendmeterCoreTests.RealtimeListReconcilerTests testSliceMappingMatchesWebWatchedTablesContract]' started.
Test Case '-[SendmeterCoreTests.RealtimeListReconcilerTests testSliceMappingMatchesWebWatchedTablesContract]' passed (0.000 seconds).
Test Case '-[SendmeterCoreTests.RealtimeListReconcilerTests testStringTableNamesMapAndUnknownIsNil]' started.
Test Case '-[SendmeterCoreTests.RealtimeListReconcilerTests testStringTableNamesMapAndUnknownIsNil]' passed (0.002 seconds).
Test Suite 'RealtimeListReconcilerTests' passed at 2569-10-04 11:53:04.050 AM.
	 Executed 6 tests, with 0 failures (0 unexpected) in 0.004 (0.005) seconds
Test Suite 'RecordingEditTests' started at 2569-10-04 11:53:04.050 AM.
Test Case '-[SendmeterCoreTests.RecordingEditTests testBackwardQueueWithoutOrderingFloorsDerivesSafeReplayFloor]' started.
Test Case '-[SendmeterCoreTests.RecordingEditTests testBackwardQueueWithoutOrderingFloorsDerivesSafeReplayFloor]' passed (0.025 seconds).
Test Case '-[SendmeterCoreTests.RecordingEditTests testConcurrentMigrationTransactionsPublishOnlyOneCompleteReplacement]' started.
Test Case '-[SendmeterCoreTests.RecordingEditTests testConcurrentMigrationTransactionsPublishOnlyOneCompleteReplacement]' passed (0.023 seconds).
Test Case '-[SendmeterCoreTests.RecordingEditTests testConditionalMigrationAndSemanticOrderingCannotOverwriteNewerRPE]' started.
Test Case '-[SendmeterCoreTests.RecordingEditTests testConditionalMigrationAndSemanticOrderingCannotOverwriteNewerRPE]' passed (0.024 seconds).
Test Case '-[SendmeterCoreTests.RecordingEditTests testDeleteAndRestoreTokensRejectStaleABACompletions]' started.
Test Case '-[SendmeterCoreTests.RecordingEditTests testDeleteAndRestoreTokensRejectStaleABACompletions]' passed (0.003 seconds).
Test Case '-[SendmeterCoreTests.RecordingEditTests testDeleteCompensationNetworkWaitsForAlreadyClaimedRPEWrite]' started.
Test Case '-[SendmeterCoreTests.RecordingEditTests testDeleteCompensationNetworkWaitsForAlreadyClaimedRPEWrite]' passed (0.001 seconds).
Test Case '-[SendmeterCoreTests.RecordingEditTests testDeleteCompensationProofSurvivesWatermarkCompactionAndRelaunch]' started.
Test Case '-[SendmeterCoreTests.RecordingEditTests testDeleteCompensationProofSurvivesWatermarkCompactionAndRelaunch]' passed (0.037 seconds).
Test Case '-[SendmeterCoreTests.RecordingEditTests testDeleteCompensationSkipsFrozenR1AfterR2UploadAndRelaunch]' started.
Test Case '-[SendmeterCoreTests.RecordingEditTests testDeleteCompensationSkipsFrozenR1AfterR2UploadAndRelaunch]' passed (0.026 seconds).
Test Case '-[SendmeterCoreTests.RecordingEditTests testDeleteTombstoneRejectsStaleResponseEvenWhenClaimRevisionMatches]' started.
Test Case '-[SendmeterCoreTests.RecordingEditTests testDeleteTombstoneRejectsStaleResponseEvenWhenClaimRevisionMatches]' passed (0.000 seconds).
Test Case '-[SendmeterCoreTests.RecordingEditTests testDurableQueueEditPayloadRoundTripsLinkedSessionFields]' started.
Test Case '-[SendmeterCoreTests.RecordingEditTests testDurableQueueEditPayloadRoundTripsLinkedSessionFields]' passed (0.005 seconds).
Test Case '-[SendmeterCoreTests.RecordingEditTests testEditNormalizesBoundsAndLooseRecordingsHaveNoSessionPatch]' started.
Test Case '-[SendmeterCoreTests.RecordingEditTests testEditNormalizesBoundsAndLooseRecordingsHaveNoSessionPatch]' passed (0.000 seconds).
Test Case '-[SendmeterCoreTests.RecordingEditTests testLegacyMigrationConflictLeavesEveryOtherCombinedItemReconstructible]' started.
Test Case '-[SendmeterCoreTests.RecordingEditTests testLegacyMigrationConflictLeavesEveryOtherCombinedItemReconstructible]' passed (0.011 seconds).
Test Case '-[SendmeterCoreTests.RecordingEditTests testLegacyMigrationReplacementSetIsAtomicOnPersistenceFailure]' started.
Test Case '-[SendmeterCoreTests.RecordingEditTests testLegacyMigrationReplacementSetIsAtomicOnPersistenceFailure]' passed (0.010 seconds).
Test Case '-[SendmeterCoreTests.RecordingEditTests testLegacyNormalizationKeepsSharedRPEBelowUnrelatedAccountFloor]' started.
Test Case '-[SendmeterCoreTests.RecordingEditTests testLegacyNormalizationKeepsSharedRPEBelowUnrelatedAccountFloor]' passed (0.018 seconds).
Test Case '-[SendmeterCoreTests.RecordingEditTests testLegacySessionRPEMigrationUsesRevisionNotBackoffEnumerationAcrossRelaunch]' started.
Test Case '-[SendmeterCoreTests.RecordingEditTests testLegacySessionRPEMigrationUsesRevisionNotBackoffEnumerationAcrossRelaunch]' passed (0.001 seconds).
Test Case '-[SendmeterCoreTests.RecordingEditTests testOptimisticLoadMatchesDatabaseRoundForOddHalfPoint]' started.
Test Case '-[SendmeterCoreTests.RecordingEditTests testOptimisticLoadMatchesDatabaseRoundForOddHalfPoint]' passed (0.000 seconds).
Test Case '-[SendmeterCoreTests.RecordingEditTests testQuarantineDiscardOnlyOwnsExactDeleteOperationAcrossABA]' started.
Test Case '-[SendmeterCoreTests.RecordingEditTests testQuarantineDiscardOnlyOwnsExactDeleteOperationAcrossABA]' passed (0.000 seconds).
Test Case '-[SendmeterCoreTests.RecordingEditTests testReducerChangesOnlyEditableRecordingMetadata]' started.
Test Case '-[SendmeterCoreTests.RecordingEditTests testReducerChangesOnlyEditableRecordingMetadata]' passed (0.000 seconds).
Test Case '-[SendmeterCoreTests.RecordingEditTests testReducerUpdatesOnlyTheMatchingLinkedSessionAndConfirmsRPE]' started.
Test Case '-[SendmeterCoreTests.RecordingEditTests testReducerUpdatesOnlyTheMatchingLinkedSessionAndConfirmsRPE]' passed (0.001 seconds).
Test Case '-[SendmeterCoreTests.RecordingEditTests testRelaunchCoordinatorSeedsPersistedFloorAfterClockCorrection]' started.
Test Case '-[SendmeterCoreTests.RecordingEditTests testRelaunchCoordinatorSeedsPersistedFloorAfterClockCorrection]' passed (0.009 seconds).
Test Case '-[SendmeterCoreTests.RecordingEditTests testReplacementAfterOlderClaimDoesNotInheritFailureAndSurvivesRelaunch]' started.
Test Case '-[SendmeterCoreTests.RecordingEditTests testReplacementAfterOlderClaimDoesNotInheritFailureAndSurvivesRelaunch]' passed (0.006 seconds).
Test Case '-[SendmeterCoreTests.RecordingEditTests testRepositoryPatchPayloadsContainOnlyNarrowPatchFields]' started.
Test Case '-[SendmeterCoreTests.RecordingEditTests testRepositoryPatchPayloadsContainOnlyNarrowPatchFields]' passed (0.001 seconds).
Test Case '-[SendmeterCoreTests.RecordingEditTests testRestoreClearsRecordingTombstoneBeforeRefreshCanReplayEdits]' started.
Test Case '-[SendmeterCoreTests.RecordingEditTests testRestoreClearsRecordingTombstoneBeforeRefreshCanReplayEdits]' passed (0.000 seconds).
Test Case '-[SendmeterCoreTests.RecordingEditTests testRestoreRequestUsesExactObservedTombstoneAcrossDelayedABA]' started.
Test Case '-[SendmeterCoreTests.RecordingEditTests testRestoreRequestUsesExactObservedTombstoneAcrossDelayedABA]' passed (0.000 seconds).
Test Case '-[SendmeterCoreTests.RecordingEditTests testSessionRPEDeleteBarrierDrainsConcurrentClaimsBeforeReplacement]' started.
Test Case '-[SendmeterCoreTests.RecordingEditTests testSessionRPEDeleteBarrierDrainsConcurrentClaimsBeforeReplacement]' passed (0.000 seconds).
Test Case '-[SendmeterCoreTests.RecordingEditTests testSessionRPEUsesOneKeyAcrossLinkedRecordingsAndCoordinatorSurvivesRelaunch]' started.
Test Case '-[SendmeterCoreTests.RecordingEditTests testSessionRPEUsesOneKeyAcrossLinkedRecordingsAndCoordinatorSurvivesRelaunch]' passed (0.000 seconds).
Test Case '-[SendmeterCoreTests.RecordingEditTests testTerminalDeleteIsAtomicDurableAndBlocksPostDeleteReplay]' started.
Test Case '-[SendmeterCoreTests.RecordingEditTests testTerminalDeleteIsAtomicDurableAndBlocksPostDeleteReplay]' passed (0.016 seconds).
Test Case '-[SendmeterCoreTests.RecordingEditTests testTerminalHistoryGCIsBoundedForAccountWithOnlyOrdinaryDeletes]' started.
Test Case '-[SendmeterCoreTests.RecordingEditTests testTerminalHistoryGCIsBoundedForAccountWithOnlyOrdinaryDeletes]' passed (0.026 seconds).
Test Case '-[SendmeterCoreTests.RecordingEditTests testTerminalHistoryGCIsBoundedWithoutReopeningOlderEditorReplay]' started.
Test Case '-[SendmeterCoreTests.RecordingEditTests testTerminalHistoryGCIsBoundedWithoutReopeningOlderEditorReplay]' passed (0.023 seconds).
Test Case '-[SendmeterCoreTests.RecordingEditTests testWatermarksAreBoundedAndFloorBlocksEvictedStaleReplay]' started.
Test Case '-[SendmeterCoreTests.RecordingEditTests testWatermarksAreBoundedAndFloorBlocksEvictedStaleReplay]' passed (0.032 seconds).
Test Suite 'RecordingEditTests' passed at 2569-10-04 11:53:04.355 AM.
	 Executed 29 tests, with 0 failures (0 unexpected) in 0.299 (0.305) seconds
Test Suite 'RecoveryInputsTests' started at 2569-10-04 11:53:04.355 AM.
Test Case '-[SendmeterCoreTests.RecoveryInputsTests testBothTrendsUseSixtyDayWarmup]' started.
Test Case '-[SendmeterCoreTests.RecoveryInputsTests testBothTrendsUseSixtyDayWarmup]' passed (0.002 seconds).
Test Case '-[SendmeterCoreTests.RecoveryInputsTests testBuildMapsRawHealthMetricsIntoRows]' started.
Test Case '-[SendmeterCoreTests.RecoveryInputsTests testBuildMapsRawHealthMetricsIntoRows]' passed (0.001 seconds).
Test Case '-[SendmeterCoreTests.RecoveryInputsTests testBuildReturnsFourteenSharedDaysOldestToNewest]' started.
Test Case '-[SendmeterCoreTests.RecoveryInputsTests testBuildReturnsFourteenSharedDaysOldestToNewest]' passed (0.003 seconds).
Test Case '-[SendmeterCoreTests.RecoveryInputsTests testDuplicateDatesResolveLastWins]' started.
Test Case '-[SendmeterCoreTests.RecoveryInputsTests testDuplicateDatesResolveLastWins]' passed (0.001 seconds).
Test Case '-[SendmeterCoreTests.RecoveryInputsTests testFormattingMatchesWebCard]' started.
Test Case '-[SendmeterCoreTests.RecoveryInputsTests testFormattingMatchesWebCard]' passed (0.000 seconds).
Test Case '-[SendmeterCoreTests.RecoveryInputsTests testGradientClassificationBoundariesAndSmoothPosition]' started.
Test Case '-[SendmeterCoreTests.RecoveryInputsTests testGradientClassificationBoundariesAndSmoothPosition]' passed (0.000 seconds).
Test Case '-[SendmeterCoreTests.RecoveryInputsTests testPartialDataRendersOnlyPopulatedMetrics]' started.
Test Case '-[SendmeterCoreTests.RecoveryInputsTests testPartialDataRendersOnlyPopulatedMetrics]' passed (0.001 seconds).
Test Case '-[SendmeterCoreTests.RecoveryInputsTests testTrendAndRunsHonorMissingDays]' started.
Test Case '-[SendmeterCoreTests.RecoveryInputsTests testTrendAndRunsHonorMissingDays]' passed (0.002 seconds).
Test Case '-[SendmeterCoreTests.RecoveryInputsTests testTwentyEightDayEWMACarriesStateAcrossVisibleGap]' started.
Test Case '-[SendmeterCoreTests.RecoveryInputsTests testTwentyEightDayEWMACarriesStateAcrossVisibleGap]' passed (0.002 seconds).
Test Case '-[SendmeterCoreTests.RecoveryInputsTests testWeightRespectsImperialPreference]' started.
Test Case '-[SendmeterCoreTests.RecoveryInputsTests testWeightRespectsImperialPreference]' passed (0.000 seconds).
Test Suite 'RecoveryInputsTests' passed at 2569-10-04 11:53:04.369 AM.
	 Executed 10 tests, with 0 failures (0 unexpected) in 0.012 (0.014) seconds
Test Suite 'RecoveryInputsWiringTests' started at 2569-10-04 11:53:04.369 AM.
Test Case '-[SendmeterCoreTests.RecoveryInputsWiringTests testRecoveryChartsPinContainmentAndBothTrendWiring]' started.
Test Case '-[SendmeterCoreTests.RecoveryInputsWiringTests testRecoveryChartsPinContainmentAndBothTrendWiring]' passed (0.009 seconds).
Test Case '-[SendmeterCoreTests.RecoveryInputsWiringTests testRecoveryFixtureFeedsWarmedDeterministicHistory]' started.
Test Case '-[SendmeterCoreTests.RecoveryInputsWiringTests testRecoveryFixtureFeedsWarmedDeterministicHistory]' passed (0.005 seconds).
Test Suite 'RecoveryInputsWiringTests' passed at 2569-10-04 11:53:04.384 AM.
	 Executed 2 tests, with 0 failures (0 unexpected) in 0.014 (0.014) seconds
Test Suite 'RefreshSlicePlanTests' started at 2569-10-04 11:53:04.384 AM.
Test Case '-[SendmeterCoreTests.RefreshSlicePlanTests testAllSlicesSucceedingIsTheOnlyFullRefresh]' started.
Test Case '-[SendmeterCoreTests.RefreshSlicePlanTests testAllSlicesSucceedingIsTheOnlyFullRefresh]' passed (0.002 seconds).
Test Case '-[SendmeterCoreTests.RefreshSlicePlanTests testAPeriodFailureBlocksTheWholePair]' started.
Test Case '-[SendmeterCoreTests.RefreshSlicePlanTests testAPeriodFailureBlocksTheWholePair]' passed (0.000 seconds).
Test Case '-[SendmeterCoreTests.RefreshSlicePlanTests testASettingsFailureBlocksItsPairedSliceAndNothingElse]' started.
Test Case '-[SendmeterCoreTests.RefreshSlicePlanTests testASettingsFailureBlocksItsPairedSliceAndNothingElse]' passed (0.000 seconds).
Test Case '-[SendmeterCoreTests.RefreshSlicePlanTests testCancellationPublishesNothingAndReportsNothing]' started.
Test Case '-[SendmeterCoreTests.RefreshSlicePlanTests testCancellationPublishesNothingAndReportsNothing]' passed (0.000 seconds).
Test Case '-[SendmeterCoreTests.RefreshSlicePlanTests testDependentPairsAreGroupsWithTwoSlices]' started.
Test Case '-[SendmeterCoreTests.RefreshSlicePlanTests testDependentPairsAreGroupsWithTwoSlices]' passed (0.000 seconds).
Test Case '-[SendmeterCoreTests.RefreshSlicePlanTests testEverySliceBelongsToExactlyOneGroup]' started.
Test Case '-[SendmeterCoreTests.RefreshSlicePlanTests testEverySliceBelongsToExactlyOneGroup]' passed (0.000 seconds).
Test Case '-[SendmeterCoreTests.RefreshSlicePlanTests testEverySliceFailingPublishesNothing]' started.
Test Case '-[SendmeterCoreTests.RefreshSlicePlanTests testEverySliceFailingPublishesNothing]' passed (0.000 seconds).
Test Case '-[SendmeterCoreTests.RefreshSlicePlanTests testNothingPublishedKeepsTheDocumentedMatrix]' started.
Test Case '-[SendmeterCoreTests.RefreshSlicePlanTests testNothingPublishedKeepsTheDocumentedMatrix]' passed (0.000 seconds).
Test Case '-[SendmeterCoreTests.RefreshSlicePlanTests testOneFailedGroupReadsNaturally]' started.
Test Case '-[SendmeterCoreTests.RefreshSlicePlanTests testOneFailedGroupReadsNaturally]' passed (0.000 seconds).
Test Case '-[SendmeterCoreTests.RefreshSlicePlanTests testOneUnrelatedFailureStillPublishesTheIndependentGroups]' started.
Test Case '-[SendmeterCoreTests.RefreshSlicePlanTests testOneUnrelatedFailureStillPublishesTheIndependentGroups]' passed (0.000 seconds).
Test Case '-[SendmeterCoreTests.RefreshSlicePlanTests testPartialPublicationSuppressesTheGlobalBanner]' started.
Test Case '-[SendmeterCoreTests.RefreshSlicePlanTests testPartialPublicationSuppressesTheGlobalBanner]' passed (0.000 seconds).
Test Case '-[SendmeterCoreTests.RefreshSlicePlanTests testScopedFailureNamesTheFailedGroupsAndTheReason]' started.
Test Case '-[SendmeterCoreTests.RefreshSlicePlanTests testScopedFailureNamesTheFailedGroupsAndTheReason]' passed (0.000 seconds).
Test Suite 'RefreshSlicePlanTests' passed at 2569-10-04 11:53:04.391 AM.
	 Executed 12 tests, with 0 failures (0 unexpected) in 0.005 (0.007) seconds
Test Suite 'RoutineAudioTests' started at 2569-10-04 11:53:04.391 AM.
Test Case '-[SendmeterCoreTests.RoutineAudioTests testAudioStatusSeparatesMutedAndUnavailableWithoutChangingRunPersistence]' started.
Test Case '-[SendmeterCoreTests.RoutineAudioTests testAudioStatusSeparatesMutedAndUnavailableWithoutChangingRunPersistence]' passed (0.000 seconds).
Test Case '-[SendmeterCoreTests.RoutineAudioTests testForegroundCatchUpKeepsPhaseEndsSilentAcrossMultipleExpiredStages]' started.
Test Case '-[SendmeterCoreTests.RoutineAudioTests testForegroundCatchUpKeepsPhaseEndsSilentAcrossMultipleExpiredStages]' passed (0.000 seconds).
Test Case '-[SendmeterCoreTests.RoutineAudioTests testPauseAndBackgroundReanchorWithoutCatchUpOrReplay]' started.
Test Case '-[SendmeterCoreTests.RoutineAudioTests testPauseAndBackgroundReanchorWithoutCatchUpOrReplay]' passed (0.000 seconds).
Test Case '-[SendmeterCoreTests.RoutineAudioTests testRestGetsThreeTwoOneAndPhaseEndWithoutAVisualTransitionCue]' started.
Test Case '-[SendmeterCoreTests.RoutineAudioTests testRestGetsThreeTwoOneAndPhaseEndWithoutAVisualTransitionCue]' passed (0.000 seconds).
Test Case '-[SendmeterCoreTests.RoutineAudioTests testStageEndIsNotDoublePlayedAcrossObservationAndSkip]' started.
Test Case '-[SendmeterCoreTests.RoutineAudioTests testStageEndIsNotDoublePlayedAcrossObservationAndSkip]' passed (0.000 seconds).
Test Case '-[SendmeterCoreTests.RoutineAudioTests testWorkTicksOncePerSecondAndUsesSoundOnlyCountdownAtThreeTwoOne]' started.
Test Case '-[SendmeterCoreTests.RoutineAudioTests testWorkTicksOncePerSecondAndUsesSoundOnlyCountdownAtThreeTwoOne]' passed (0.000 seconds).
Test Suite 'RoutineAudioTests' passed at 2569-10-04 11:53:04.394 AM.
	 Executed 6 tests, with 0 failures (0 unexpected) in 0.002 (0.003) seconds
Test Suite 'RoutineGateTests' started at 2569-10-04 11:53:04.394 AM.
Test Case '-[SendmeterCoreTests.RoutineGateTests testClassifyElapsedCountsAtOrWithinMarginOfTotalAsCompleted]' started.
Test Case '-[SendmeterCoreTests.RoutineGateTests testClassifyElapsedCountsAtOrWithinMarginOfTotalAsCompleted]' passed (0.002 seconds).
Test Case '-[SendmeterCoreTests.RoutineGateTests testClassifyElapsedCountsShorterSubstantialElapsedAsPartial]' started.
Test Case '-[SendmeterCoreTests.RoutineGateTests testClassifyElapsedCountsShorterSubstantialElapsedAsPartial]' passed (0.000 seconds).
Test Case '-[SendmeterCoreTests.RoutineGateTests testClassifyElapsedDiscardsAnythingUnderTheShouldLogBar]' started.
Test Case '-[SendmeterCoreTests.RoutineGateTests testClassifyElapsedDiscardsAnythingUnderTheShouldLogBar]' passed (0.000 seconds).
Test Case '-[SendmeterCoreTests.RoutineGateTests testCompletedCloseLogsASubMinuteRoutineExactlyOnce]' started.
Test Case '-[SendmeterCoreTests.RoutineGateTests testCompletedCloseLogsASubMinuteRoutineExactlyOnce]' passed (0.000 seconds).
Test Case '-[SendmeterCoreTests.RoutineGateTests testCompletionOutcomeClampsAtTheStagedTotalAndTheDBCap]' started.
Test Case '-[SendmeterCoreTests.RoutineGateTests testCompletionOutcomeClampsAtTheStagedTotalAndTheDBCap]' passed (0.000 seconds).
Test Case '-[SendmeterCoreTests.RoutineGateTests testCompletionOutcomeLogsACompletedSkipThroughSubMinuteRun]' started.
Test Case '-[SendmeterCoreTests.RoutineGateTests testCompletionOutcomeLogsACompletedSkipThroughSubMinuteRun]' passed (0.000 seconds).
Test Case '-[SendmeterCoreTests.RoutineGateTests testCompletionOutcomeLogsACompletedSubMinuteRoutine]' started.
Test Case '-[SendmeterCoreTests.RoutineGateTests testCompletionOutcomeLogsACompletedSubMinuteRoutine]' passed (0.000 seconds).
Test Case '-[SendmeterCoreTests.RoutineGateTests testCompletionOutcomeLogsRealElapsedMinutesAtTheBar]' started.
Test Case '-[SendmeterCoreTests.RoutineGateTests testCompletionOutcomeLogsRealElapsedMinutesAtTheBar]' passed (0.000 seconds).
Test Case '-[SendmeterCoreTests.RoutineGateTests testCompletionOutcomeUsesTheCompletedPathBelowTheInterruptionBar]' started.
Test Case '-[SendmeterCoreTests.RoutineGateTests testCompletionOutcomeUsesTheCompletedPathBelowTheInterruptionBar]' passed (0.000 seconds).
Test Case '-[SendmeterCoreTests.RoutineGateTests testEarlyCloseUsesPartialClassificationAndClaimsBeforeASecondEvent]' started.
Test Case '-[SendmeterCoreTests.RoutineGateTests testEarlyCloseUsesPartialClassificationAndClaimsBeforeASecondEvent]' passed (0.000 seconds).
Test Case '-[SendmeterCoreTests.RoutineGateTests testElapsedSAddsSkippedSeconds]' started.
Test Case '-[SendmeterCoreTests.RoutineGateTests testElapsedSAddsSkippedSeconds]' passed (0.000 seconds).
Test Case '-[SendmeterCoreTests.RoutineGateTests testElapsedSCountsWallClockSecondsSinceStart]' started.
Test Case '-[SendmeterCoreTests.RoutineGateTests testElapsedSCountsWallClockSecondsSinceStart]' passed (0.000 seconds).
Test Case '-[SendmeterCoreTests.RoutineGateTests testElapsedSFreezesWhilePaused]' started.
Test Case '-[SendmeterCoreTests.RoutineGateTests testElapsedSFreezesWhilePaused]' passed (0.000 seconds).
Test Case '-[SendmeterCoreTests.RoutineGateTests testElapsedSSubtractsAccumulatedPauseTime]' started.
Test Case '-[SendmeterCoreTests.RoutineGateTests testElapsedSSubtractsAccumulatedPauseTime]' passed (0.000 seconds).
Test Case '-[SendmeterCoreTests.RoutineGateTests testInterruptionOutcomeDiscardsAnEarlyCloseUnderAMinute]' started.
Test Case '-[SendmeterCoreTests.RoutineGateTests testInterruptionOutcomeDiscardsAnEarlyCloseUnderAMinute]' passed (0.000 seconds).
Test Case '-[SendmeterCoreTests.RoutineGateTests testInterruptionOutcomeLogsAnEarlyCloseAtAMinute]' started.
Test Case '-[SendmeterCoreTests.RoutineGateTests testInterruptionOutcomeLogsAnEarlyCloseAtAMinute]' passed (0.000 seconds).
Test Case '-[SendmeterCoreTests.RoutineGateTests testInterruptionOutcomeUsesRealElapsedInsteadOfSkippedCredit]' started.
Test Case '-[SendmeterCoreTests.RoutineGateTests testInterruptionOutcomeUsesRealElapsedInsteadOfSkippedCredit]' passed (0.000 seconds).
Test Case '-[SendmeterCoreTests.RoutineGateTests testIsAbandonedOnceWallClockReachesTheTotal]' started.
Test Case '-[SendmeterCoreTests.RoutineGateTests testIsAbandonedOnceWallClockReachesTheTotal]' passed (0.000 seconds).
Test Case '-[SendmeterCoreTests.RoutineGateTests testIsAbandonedWhenReopenedHoursAfterTheTotal]' started.
Test Case '-[SendmeterCoreTests.RoutineGateTests testIsAbandonedWhenReopenedHoursAfterTheTotal]' passed (0.000 seconds).
Test Case '-[SendmeterCoreTests.RoutineGateTests testIsAbandonedWhileGenuinelyInProgress]' started.
Test Case '-[SendmeterCoreTests.RoutineGateTests testIsAbandonedWhileGenuinelyInProgress]' passed (0.000 seconds).
Test Case '-[SendmeterCoreTests.RoutineGateTests testLoggedMinutesCapsA2HourAbandoned9MinuteRoutineAt9]' started.
Test Case '-[SendmeterCoreTests.RoutineGateTests testLoggedMinutesCapsA2HourAbandoned9MinuteRoutineAt9]' passed (0.000 seconds).
Test Case '-[SendmeterCoreTests.RoutineGateTests testLoggedMinutesDoesNotInflateANormalCompletion]' started.
Test Case '-[SendmeterCoreTests.RoutineGateTests testLoggedMinutesDoesNotInflateANormalCompletion]' passed (0.001 seconds).
Test Case '-[SendmeterCoreTests.RoutineGateTests testLoggedMinutesStillClampsTo600ForALegitimatelyLongerTotal]' started.
Test Case '-[SendmeterCoreTests.RoutineGateTests testLoggedMinutesStillClampsTo600ForALegitimatelyLongerTotal]' passed (0.000 seconds).
Test Case '-[SendmeterCoreTests.RoutineGateTests testPartialMinutesClampsToTheDBDurationRangeNeverPastIt]' started.
Test Case '-[SendmeterCoreTests.RoutineGateTests testPartialMinutesClampsToTheDBDurationRangeNeverPastIt]' passed (0.000 seconds).
Test Case '-[SendmeterCoreTests.RoutineGateTests testPartialMinutesNeverReturnsOutOfRangeForNonFiniteInput]' started.
Test Case '-[SendmeterCoreTests.RoutineGateTests testPartialMinutesNeverReturnsOutOfRangeForNonFiniteInput]' passed (0.000 seconds).
Test Case '-[SendmeterCoreTests.RoutineGateTests testPartialMinutesRoundsToWholeMinutesWithFloorOfOne]' started.
Test Case '-[SendmeterCoreTests.RoutineGateTests testPartialMinutesRoundsToWholeMinutesWithFloorOfOne]' passed (0.000 seconds).
Test Case '-[SendmeterCoreTests.RoutineGateTests testPausedRunIsNeverAbandonedByStaleWallClock]' started.
Test Case '-[SendmeterCoreTests.RoutineGateTests testPausedRunIsNeverAbandonedByStaleWallClock]' passed (0.000 seconds).
Test Case '-[SendmeterCoreTests.RoutineGateTests testPauseResumeHelpersAccumulatePausedTime]' started.
Test Case '-[SendmeterCoreTests.RoutineGateTests testPauseResumeHelpersAccumulatePausedTime]' passed (0.000 seconds).
Test Case '-[SendmeterCoreTests.RoutineGateTests testPauseResumeHelpersAreNoOpsWhenCalledOutOfOrder]' started.
Test Case '-[SendmeterCoreTests.RoutineGateTests testPauseResumeHelpersAreNoOpsWhenCalledOutOfOrder]' passed (0.000 seconds).
Test Case '-[SendmeterCoreTests.RoutineGateTests testPersistedRunDecodesFromTheWebShape]' started.
Test Case '-[SendmeterCoreTests.RoutineGateTests testPersistedRunDecodesFromTheWebShape]' passed (0.001 seconds).
Test Case '-[SendmeterCoreTests.RoutineGateTests testPersistedRunEncodesToTheWebShape]' started.
Test Case '-[SendmeterCoreTests.RoutineGateTests testPersistedRunEncodesToTheWebShape]' passed (0.001 seconds).
Test Case '-[SendmeterCoreTests.RoutineGateTests testRealElapsedSExcludesSkippedSeconds]' started.
Test Case '-[SendmeterCoreTests.RoutineGateTests testRealElapsedSExcludesSkippedSeconds]' passed (0.000 seconds).
Test Case '-[SendmeterCoreTests.RoutineGateTests testRealElapsedSFreezesWhilePausedAndSubtractsPauseTime]' started.
Test Case '-[SendmeterCoreTests.RoutineGateTests testRealElapsedSFreezesWhilePausedAndSubtractsPauseTime]' passed (0.000 seconds).
Test Case '-[SendmeterCoreTests.RoutineGateTests testResolveAbandonedPartwayReopenedJustUnderTotalLogsPartialNotResume]' started.
Test Case '-[SendmeterCoreTests.RoutineGateTests testResolveAbandonedPartwayReopenedJustUnderTotalLogsPartialNotResume]' passed (0.000 seconds).
Test Case '-[SendmeterCoreTests.RoutineGateTests testResolveAbandonedReopenedHoursLaterLogsTheConfirmedPartial]' started.
Test Case '-[SendmeterCoreTests.RoutineGateTests testResolveAbandonedReopenedHoursLaterLogsTheConfirmedPartial]' passed (0.000 seconds).
Test Case '-[SendmeterCoreTests.RoutineGateTests testResolveBarelyTouchedStaleRunIsDiscarded]' started.
Test Case '-[SendmeterCoreTests.RoutineGateTests testResolveBarelyTouchedStaleRunIsDiscarded]' passed (0.000 seconds).
Test Case '-[SendmeterCoreTests.RoutineGateTests testResolveGenuinelyInProgressRunResumes]' started.
Test Case '-[SendmeterCoreTests.RoutineGateTests testResolveGenuinelyInProgressRunResumes]' passed (0.000 seconds).
Test Case '-[SendmeterCoreTests.RoutineGateTests testResolveLegacyRecordWithNoHeartbeatDoesNotFabricateCompletion]' started.
Test Case '-[SendmeterCoreTests.RoutineGateTests testResolveLegacyRecordWithNoHeartbeatDoesNotFabricateCompletion]' passed (0.000 seconds).
Test Case '-[SendmeterCoreTests.RoutineGateTests testResolvePausedRunResumesEvenReadBackHoursLater]' started.
Test Case '-[SendmeterCoreTests.RoutineGateTests testResolvePausedRunResumesEvenReadBackHoursLater]' passed (0.000 seconds).
Test Case '-[SendmeterCoreTests.RoutineGateTests testResolvePresentThroughTheEndReopenedShortlyAfterLogsCompleted]' started.
Test Case '-[SendmeterCoreTests.RoutineGateTests testResolvePresentThroughTheEndReopenedShortlyAfterLogsCompleted]' passed (0.000 seconds).
Test Case '-[SendmeterCoreTests.RoutineGateTests testResolveSkippedCreditIsNotCreditedWhenLoggingAStaleRun]' started.
Test Case '-[SendmeterCoreTests.RoutineGateTests testResolveSkippedCreditIsNotCreditedWhenLoggingAStaleRun]' passed (0.002 seconds).
Test Case '-[SendmeterCoreTests.RoutineGateTests testResolveWithNoPersistedRunIsNone]' started.
Test Case '-[SendmeterCoreTests.RoutineGateTests testResolveWithNoPersistedRunIsNone]' passed (0.000 seconds).
Test Case '-[SendmeterCoreTests.RoutineGateTests testRestoredNilIsAFreshRun]' started.
Test Case '-[SendmeterCoreTests.RoutineGateTests testRestoredNilIsAFreshRun]' passed (0.000 seconds).
Test Case '-[SendmeterCoreTests.RoutineGateTests testRestoredPausedRunStaysFrozenAtItsElapsed]' started.
Test Case '-[SendmeterCoreTests.RoutineGateTests testRestoredPausedRunStaysFrozenAtItsElapsed]' passed (0.000 seconds).
Test Case '-[SendmeterCoreTests.RoutineGateTests testRestoredRunAtAStageBoundaryStartsTheNextStageFresh]' started.
Test Case '-[SendmeterCoreTests.RoutineGateTests testRestoredRunAtAStageBoundaryStartsTheNextStageFresh]' passed (0.001 seconds).
Test Case '-[SendmeterCoreTests.RoutineGateTests testRestoredRunPastTheTotalLandsOnComplete]' started.
Test Case '-[SendmeterCoreTests.RoutineGateTests testRestoredRunPastTheTotalLandsOnComplete]' passed (0.000 seconds).
Test Case '-[SendmeterCoreTests.RoutineGateTests testRestoredRunPositionsBySkippedCredit]' started.
Test Case '-[SendmeterCoreTests.RoutineGateTests testRestoredRunPositionsBySkippedCredit]' passed (0.000 seconds).
Test Case '-[SendmeterCoreTests.RoutineGateTests testRestoredRunSeedsTheCurrentStageClock]' started.
Test Case '-[SendmeterCoreTests.RoutineGateTests testRestoredRunSeedsTheCurrentStageClock]' passed (0.000 seconds).
Test Case '-[SendmeterCoreTests.RoutineGateTests testShouldLogIsFalseUnderAMinute]' started.
Test Case '-[SendmeterCoreTests.RoutineGateTests testShouldLogIsFalseUnderAMinute]' passed (0.000 seconds).
Test Case '-[SendmeterCoreTests.RoutineGateTests testShouldLogIsTrueAtAMinuteOrMore]' started.
Test Case '-[SendmeterCoreTests.RoutineGateTests testShouldLogIsTrueAtAMinuteOrMore]' passed (0.001 seconds).
Test Case '-[SendmeterCoreTests.RoutineGateTests testSkipAndHeartbeatHelpers]' started.
Test Case '-[SendmeterCoreTests.RoutineGateTests testSkipAndHeartbeatHelpers]' passed (0.000 seconds).
Test Case '-[SendmeterCoreTests.RoutineGateTests testStoreIgnoresMalformedDataRatherThanThrowing]' started.
Test Case '-[SendmeterCoreTests.RoutineGateTests testStoreIgnoresMalformedDataRatherThanThrowing]' passed (0.007 seconds).
Test Case '-[SendmeterCoreTests.RoutineGateTests testStoreRoundTripsAndClears]' started.
Test Case '-[SendmeterCoreTests.RoutineGateTests testStoreRoundTripsAndClears]' passed (0.003 seconds).
Test Case '-[SendmeterCoreTests.RoutineGateTests testUnclaimedRunnerDisappearanceMustPreserveThePersistedRun]' started.
Test Case '-[SendmeterCoreTests.RoutineGateTests testUnclaimedRunnerDisappearanceMustPreserveThePersistedRun]' passed (0.000 seconds).
Test Case '-[SendmeterCoreTests.RoutineGateTests testUndoDecisionIgnoresMissingReceiptOrDifferentAccount]' started.
Test Case '-[SendmeterCoreTests.RoutineGateTests testUndoDecisionIgnoresMissingReceiptOrDifferentAccount]' passed (0.000 seconds).
Test Case '-[SendmeterCoreTests.RoutineGateTests testUndoDecisionUsesTheReceiptSessionIDNotAnotherConcurrentSession]' started.
Test Case '-[SendmeterCoreTests.RoutineGateTests testUndoDecisionUsesTheReceiptSessionIDNotAnotherConcurrentSession]' passed (0.000 seconds).
Test Suite 'RoutineGateTests' passed at 2569-10-04 11:53:04.432 AM.
	 Executed 56 tests, with 0 failures (0 unexpected) in 0.030 (0.038) seconds
Test Suite 'RoutineRunnerPresentationTests' started at 2569-10-04 11:53:04.432 AM.
Test Case '-[SendmeterCoreTests.RoutineRunnerPresentationTests testDoneCompletionUsesDarkForegroundOnTheIdentityField]' started.
Test Case '-[SendmeterCoreTests.RoutineRunnerPresentationTests testDoneCompletionUsesDarkForegroundOnTheIdentityField]' passed (0.000 seconds).
Test Case '-[SendmeterCoreTests.RoutineRunnerPresentationTests testLightRunnerBodyTreatmentsClearComputedContrastInEveryState]' started.
Test Case '-[SendmeterCoreTests.RoutineRunnerPresentationTests testLightRunnerBodyTreatmentsClearComputedContrastInEveryState]' passed (0.000 seconds).
Test Case '-[SendmeterCoreTests.RoutineRunnerPresentationTests testPausedAndDoneSnapshotsUseOnlyTheApprovedVisualStates]' started.
Test Case '-[SendmeterCoreTests.RoutineRunnerPresentationTests testPausedAndDoneSnapshotsUseOnlyTheApprovedVisualStates]' passed (0.001 seconds).
Test Case '-[SendmeterCoreTests.RoutineRunnerPresentationTests testPhaseForegroundClearsTheCloseChipCasesThatRawAlertFails]' started.
Test Case '-[SendmeterCoreTests.RoutineRunnerPresentationTests testPhaseForegroundClearsTheCloseChipCasesThatRawAlertFails]' passed (0.000 seconds).
Test Case '-[SendmeterCoreTests.RoutineRunnerPresentationTests testRestSnapshotPointsAtTheNextRepWithoutInventingATransitionState]' started.
Test Case '-[SendmeterCoreTests.RoutineRunnerPresentationTests testRestSnapshotPointsAtTheNextRepWithoutInventingATransitionState]' passed (0.000 seconds).
Test Case '-[SendmeterCoreTests.RoutineRunnerPresentationTests testToGoIncludesTheDisplayedRepForTheApprovedRepThreeOfEightCopy]' started.
Test Case '-[SendmeterCoreTests.RoutineRunnerPresentationTests testToGoIncludesTheDisplayedRepForTheApprovedRepThreeOfEightCopy]' passed (0.000 seconds).
Test Case '-[SendmeterCoreTests.RoutineRunnerPresentationTests testWorkingSnapshotCarriesCurrentAndNextRepContext]' started.
Test Case '-[SendmeterCoreTests.RoutineRunnerPresentationTests testWorkingSnapshotCarriesCurrentAndNextRepContext]' passed (0.000 seconds).
Test Suite 'RoutineRunnerPresentationTests' passed at 2569-10-04 11:53:04.436 AM.
	 Executed 7 tests, with 0 failures (0 unexpected) in 0.003 (0.004) seconds
Test Suite 'RoutineUndoTests' started at 2569-10-04 11:53:04.436 AM.
Test Case '-[SendmeterCoreTests.RoutineUndoTests testAccountSwitchCannotCompleteOrApplyAnotherAccountsDeleteIntent]' started.
Test Case '-[SendmeterCoreTests.RoutineUndoTests testAccountSwitchCannotCompleteOrApplyAnotherAccountsDeleteIntent]' passed (0.001 seconds).
Test Case '-[SendmeterCoreTests.RoutineUndoTests testDeleteFailureKeepsTheAccountScopedIntentAfterUploadCompletion]' started.
Test Case '-[SendmeterCoreTests.RoutineUndoTests testDeleteFailureKeepsTheAccountScopedIntentAfterUploadCompletion]' passed (0.000 seconds).
Test Case '-[SendmeterCoreTests.RoutineUndoTests testDiscardedDeleteIntentReleasesTheClaimForItsQueuedInsert]' started.
Test Case '-[SendmeterCoreTests.RoutineUndoTests testDiscardedDeleteIntentReleasesTheClaimForItsQueuedInsert]' passed (0.003 seconds).
Test Case '-[SendmeterCoreTests.RoutineUndoTests testFailedDeleteEnqueueRollsBackTheAccountScopedClaim]' started.
Test Case '-[SendmeterCoreTests.RoutineUndoTests testFailedDeleteEnqueueRollsBackTheAccountScopedClaim]' passed (0.000 seconds).
Test Case '-[SendmeterCoreTests.RoutineUndoTests testRestoredDeleteIntentClaimsTheMatchingInsertAndCompletesOnlyForItsAccount]' started.
Test Case '-[SendmeterCoreTests.RoutineUndoTests testRestoredDeleteIntentClaimsTheMatchingInsertAndCompletesOnlyForItsAccount]' passed (0.000 seconds).
Test Case '-[SendmeterCoreTests.RoutineUndoTests testUploadedSessionDeletionRetainsTrashClaimUntilCompletion]' started.
Test Case '-[SendmeterCoreTests.RoutineUndoTests testUploadedSessionDeletionRetainsTrashClaimUntilCompletion]' passed (0.000 seconds).
Test Suite 'RoutineUndoTests' passed at 2569-10-04 11:53:04.442 AM.
	 Executed 6 tests, with 0 failures (0 unexpected) in 0.005 (0.006) seconds
Test Suite 'SendConditionsDetailTests' started at 2569-10-04 11:53:04.442 AM.
Test Case '-[SendmeterCoreTests.SendConditionsDetailTests testColorBandsMatchWebThresholds]' started.
Test Case '-[SendmeterCoreTests.SendConditionsDetailTests testColorBandsMatchWebThresholds]' passed (0.001 seconds).
Test Case '-[SendmeterCoreTests.SendConditionsDetailTests testExplainerUsesWebHotClimateDriverText]' started.
Test Case '-[SendmeterCoreTests.SendConditionsDetailTests testExplainerUsesWebHotClimateDriverText]' passed (0.002 seconds).
Test Case '-[SendmeterCoreTests.SendConditionsDetailTests testHeadlineSuffixMatchesWeb]' started.
Test Case '-[SendmeterCoreTests.SendConditionsDetailTests testHeadlineSuffixMatchesWeb]' passed (0.000 seconds).
Test Case '-[SendmeterCoreTests.SendConditionsDetailTests testHistoryBuildsEverySlotAndKeepsMissingDaysAsGaps]' started.
Test Case '-[SendmeterCoreTests.SendConditionsDetailTests testHistoryBuildsEverySlotAndKeepsMissingDaysAsGaps]' passed (0.002 seconds).
Test Case '-[SendmeterCoreTests.SendConditionsDetailTests testHistoryIsNilWithoutHistory]' started.
Test Case '-[SendmeterCoreTests.SendConditionsDetailTests testHistoryIsNilWithoutHistory]' passed (0.000 seconds).
Test Case '-[SendmeterCoreTests.SendConditionsDetailTests testLegacyClimateSummaryDecodesWithoutRawArrays]' started.
Test Case '-[SendmeterCoreTests.SendConditionsDetailTests testLegacyClimateSummaryDecodesWithoutRawArrays]' passed (0.001 seconds).
Test Case '-[SendmeterCoreTests.SendConditionsDetailTests testMedianMatchesWebLinearInterpolation]' started.
Test Case '-[SendmeterCoreTests.SendConditionsDetailTests testMedianMatchesWebLinearInterpolation]' passed (0.000 seconds).
Test Case '-[SendmeterCoreTests.SendConditionsDetailTests testPercentilePhrasesMatchWeb]' started.
Test Case '-[SendmeterCoreTests.SendConditionsDetailTests testPercentilePhrasesMatchWeb]' passed (0.000 seconds).
Test Case '-[SendmeterCoreTests.SendConditionsDetailTests testTempRangeSaturationMatchesWeb]' started.
Test Case '-[SendmeterCoreTests.SendConditionsDetailTests testTempRangeSaturationMatchesWeb]' passed (0.000 seconds).
Test Suite 'SendConditionsDetailTests' passed at 2569-10-04 11:53:04.450 AM.
	 Executed 9 tests, with 0 failures (0 unexpected) in 0.007 (0.008) seconds
Test Suite 'SendConditionsTests' started at 2569-10-04 11:53:04.450 AM.
Test Case '-[SendmeterCoreTests.SendConditionsTests testArchiveDateWindowUsesUTCAtNonUTCLocalBoundary]' started.
Test Case '-[SendmeterCoreTests.SendConditionsTests testArchiveDateWindowUsesUTCAtNonUTCLocalBoundary]' passed (0.001 seconds).
Test Case '-[SendmeterCoreTests.SendConditionsTests testAutomaticWeatherRefreshUsesThirtyMinuteFreshnessWindow]' started.
Test Case '-[SendmeterCoreTests.SendConditionsTests testAutomaticWeatherRefreshUsesThirtyMinuteFreshnessWindow]' passed (0.000 seconds).
Test Case '-[SendmeterCoreTests.SendConditionsTests testClimateSummaryComputesScoresAndRanges]' started.
Test Case '-[SendmeterCoreTests.SendConditionsTests testClimateSummaryComputesScoresAndRanges]' passed (0.002 seconds).
Test Case '-[SendmeterCoreTests.SendConditionsTests testClimateSummaryEveryHourNullReturnsNil]' started.
Test Case '-[SendmeterCoreTests.SendConditionsTests testClimateSummaryEveryHourNullReturnsNil]' passed (0.000 seconds).
Test Case '-[SendmeterCoreTests.SendConditionsTests testClimateSummaryMissingArraysReturnNil]' started.
Test Case '-[SendmeterCoreTests.SendConditionsTests testClimateSummaryMissingArraysReturnNil]' passed (0.000 seconds).
Test Case '-[SendmeterCoreTests.SendConditionsTests testComputeSendScoreBlendsSixtyForty]' started.
Test Case '-[SendmeterCoreTests.SendConditionsTests testComputeSendScoreBlendsSixtyForty]' passed (0.000 seconds).
Test Case '-[SendmeterCoreTests.SendConditionsTests testCurrentReadingSurvivesUnavailableArchiveContext]' started.
Test Case '-[SendmeterCoreTests.SendConditionsTests testCurrentReadingSurvivesUnavailableArchiveContext]' passed (0.000 seconds).
Test Case '-[SendmeterCoreTests.SendConditionsTests testDayRankCountsStrictlyBelow]' started.
Test Case '-[SendmeterCoreTests.SendConditionsTests testDayRankCountsStrictlyBelow]' passed (0.000 seconds).
Test Case '-[SendmeterCoreTests.SendConditionsTests testDayRankRequiresTwentyDays]' started.
Test Case '-[SendmeterCoreTests.SendConditionsTests testDayRankRequiresTwentyDays]' passed (0.000 seconds).
Test Case '-[SendmeterCoreTests.SendConditionsTests testForecastParsing]' started.
Test Case '-[SendmeterCoreTests.SendConditionsTests testForecastParsing]' passed (0.001 seconds).
Test Case '-[SendmeterCoreTests.SendConditionsTests testForecastParsingMissingCurrentReturnsNil]' started.
Test Case '-[SendmeterCoreTests.SendConditionsTests testForecastParsingMissingCurrentReturnsNil]' passed (0.000 seconds).
Test Case '-[SendmeterCoreTests.SendConditionsTests testHumidityFrictionScoreDrierIsBetter]' started.
Test Case '-[SendmeterCoreTests.SendConditionsTests testHumidityFrictionScoreDrierIsBetter]' passed (0.000 seconds).
Test Case '-[SendmeterCoreTests.SendConditionsTests testManualWeatherRefreshBypassesFreshnessWindow]' started.
Test Case '-[SendmeterCoreTests.SendConditionsTests testManualWeatherRefreshBypassesFreshnessWindow]' passed (0.000 seconds).
Test Case '-[SendmeterCoreTests.SendConditionsTests testPercentileDetailFramesTopAndBottom]' started.
Test Case '-[SendmeterCoreTests.SendConditionsTests testPercentileDetailFramesTopAndBottom]' passed (0.000 seconds).
Test Case '-[SendmeterCoreTests.SendConditionsTests testPercentileLabelBandsMatchWeb]' started.
Test Case '-[SendmeterCoreTests.SendConditionsTests testPercentileLabelBandsMatchWeb]' passed (0.000 seconds).
Test Case '-[SendmeterCoreTests.SendConditionsTests testSameHourDaysAgoAccountsForEra5Lag]' started.
Test Case '-[SendmeterCoreTests.SendConditionsTests testSameHourDaysAgoAccountsForEra5Lag]' passed (0.000 seconds).
Test Case '-[SendmeterCoreTests.SendConditionsTests testSameHourScoresDropsNullsWithoutShifting]' started.
Test Case '-[SendmeterCoreTests.SendConditionsTests testSameHourScoresDropsNullsWithoutShifting]' passed (0.000 seconds).
Test Case '-[SendmeterCoreTests.SendConditionsTests testSameHourScoresStrideByTwentyFour]' started.
Test Case '-[SendmeterCoreTests.SendConditionsTests testSameHourScoresStrideByTwentyFour]' passed (0.000 seconds).
Test Case '-[SendmeterCoreTests.SendConditionsTests testScoreLabelBandsMatchWeb]' started.
Test Case '-[SendmeterCoreTests.SendConditionsTests testScoreLabelBandsMatchWeb]' passed (0.000 seconds).
Test Case '-[SendmeterCoreTests.SendConditionsTests testSendConditionsCodableRoundTrip]' started.
Test Case '-[SendmeterCoreTests.SendConditionsTests testSendConditionsCodableRoundTrip]' passed (0.001 seconds).
Test Case '-[SendmeterCoreTests.SendConditionsTests testTempFrictionScorePeaksAtSixDegrees]' started.
Test Case '-[SendmeterCoreTests.SendConditionsTests testTempFrictionScorePeaksAtSixDegrees]' passed (0.000 seconds).
Test Case '-[SendmeterCoreTests.SendConditionsTests testURLsMatchWebEndpoints]' started.
Test Case '-[SendmeterCoreTests.SendConditionsTests testURLsMatchWebEndpoints]' passed (0.001 seconds).
Test Case '-[SendmeterCoreTests.SendConditionsTests testWeekBucketMatchesWeb]' started.
Test Case '-[SendmeterCoreTests.SendConditionsTests testWeekBucketMatchesWeb]' passed (0.000 seconds).
Test Suite 'SendConditionsTests' passed at 2569-10-04 11:53:04.465 AM.
	 Executed 23 tests, with 0 failures (0 unexpected) in 0.012 (0.015) seconds
Test Suite 'ServerRejectionClassificationTests' started at 2569-10-04 11:53:04.465 AM.
Test Case '-[SendmeterCoreTests.ServerRejectionClassificationTests testAuthFailuresParkAsAuth]' started.
Test Case '-[SendmeterCoreTests.ServerRejectionClassificationTests testAuthFailuresParkAsAuth]' passed (0.000 seconds).
Test Case '-[SendmeterCoreTests.ServerRejectionClassificationTests testConstraintRejectionsArePermanent]' started.
Test Case '-[SendmeterCoreTests.ServerRejectionClassificationTests testConstraintRejectionsArePermanent]' passed (0.000 seconds).
Test Case '-[SendmeterCoreTests.ServerRejectionClassificationTests testMalformedPayloadStatusesArePermanent]' started.
Test Case '-[SendmeterCoreTests.ServerRejectionClassificationTests testMalformedPayloadStatusesArePermanent]' passed (0.000 seconds).
Test Case '-[SendmeterCoreTests.ServerRejectionClassificationTests testPermissionDenialParksNotQuarantines]' started.
Test Case '-[SendmeterCoreTests.ServerRejectionClassificationTests testPermissionDenialParksNotQuarantines]' passed (0.000 seconds).
Test Case '-[SendmeterCoreTests.ServerRejectionClassificationTests testSchemaCacheReload404IsRetryable]' started.
Test Case '-[SendmeterCoreTests.ServerRejectionClassificationTests testSchemaCacheReload404IsRetryable]' passed (0.000 seconds).
Test Case '-[SendmeterCoreTests.ServerRejectionClassificationTests testTransientAndRateLimitAreRetryable]' started.
Test Case '-[SendmeterCoreTests.ServerRejectionClassificationTests testTransientAndRateLimitAreRetryable]' passed (0.000 seconds).
Test Case '-[SendmeterCoreTests.ServerRejectionClassificationTests testUniqueViolationRaceIsRetryable]' started.
Test Case '-[SendmeterCoreTests.ServerRejectionClassificationTests testUniqueViolationRaceIsRetryable]' passed (0.000 seconds).
Test Suite 'ServerRejectionClassificationTests' passed at 2569-10-04 11:53:04.468 AM.
	 Executed 7 tests, with 0 failures (0 unexpected) in 0.002 (0.003) seconds
Test Suite 'SessionFreshnessTests' started at 2569-10-04 11:53:04.468 AM.
Test Case '-[SendmeterCoreTests.SessionFreshnessTests testCustomSafetyWindowIsRespected]' started.
Test Case '-[SendmeterCoreTests.SessionFreshnessTests testCustomSafetyWindowIsRespected]' passed (0.000 seconds).
Test Case '-[SendmeterCoreTests.SessionFreshnessTests testExpiredTokenRequiresRefresh]' started.
Test Case '-[SendmeterCoreTests.SessionFreshnessTests testExpiredTokenRequiresRefresh]' passed (0.001 seconds).
Test Case '-[SendmeterCoreTests.SessionFreshnessTests testFreshTokenRequiresNoRefresh]' started.
Test Case '-[SendmeterCoreTests.SessionFreshnessTests testFreshTokenRequiresNoRefresh]' passed (0.000 seconds).
Test Case '-[SendmeterCoreTests.SessionFreshnessTests testNilExpiryRequiresRefresh]' started.
Test Case '-[SendmeterCoreTests.SessionFreshnessTests testNilExpiryRequiresRefresh]' passed (0.000 seconds).
Test Case '-[SendmeterCoreTests.SessionFreshnessTests testTokenAtSafetyWindowBoundaryRequiresRefresh]' started.
Test Case '-[SendmeterCoreTests.SessionFreshnessTests testTokenAtSafetyWindowBoundaryRequiresRefresh]' passed (0.000 seconds).
Test Case '-[SendmeterCoreTests.SessionFreshnessTests testTokenInsideSafetyWindowRequiresRefresh]' started.
Test Case '-[SendmeterCoreTests.SessionFreshnessTests testTokenInsideSafetyWindowRequiresRefresh]' passed (0.000 seconds).
Test Case '-[SendmeterCoreTests.SessionFreshnessTests testTokenJustBeyondSafetyWindowIsFresh]' started.
Test Case '-[SendmeterCoreTests.SessionFreshnessTests testTokenJustBeyondSafetyWindowIsFresh]' passed (0.000 seconds).
Test Suite 'SessionFreshnessTests' passed at 2569-10-04 11:53:04.471 AM.
	 Executed 7 tests, with 0 failures (0 unexpected) in 0.002 (0.003) seconds
Test Suite 'SessionTypeCatalogTests' started at 2569-10-04 11:53:04.471 AM.
Test Case '-[SendmeterCoreTests.SessionTypeCatalogTests testUnknownTypeUsesCustomFallbackWithoutDependingOnCatalogLookup]' started.
Test Case '-[SendmeterCoreTests.SessionTypeCatalogTests testUnknownTypeUsesCustomFallbackWithoutDependingOnCatalogLookup]' passed (0.000 seconds).
Test Suite 'SessionTypeCatalogTests' passed at 2569-10-04 11:53:04.472 AM.
	 Executed 1 test, with 0 failures (0 unexpected) in 0.000 (0.001) seconds
Test Suite 'SignOutQueuePolicyTests' started at 2569-10-04 11:53:04.472 AM.
Test Case '-[SendmeterCoreTests.SignOutQueuePolicyTests testAccountDeletionDiscardsQuarantinedEntriesToo]' started.
Test Case '-[SendmeterCoreTests.SignOutQueuePolicyTests testAccountDeletionDiscardsQuarantinedEntriesToo]' passed (0.007 seconds).
Test Case '-[SendmeterCoreTests.SignOutQueuePolicyTests testCancelAtRemainderPromptAbandonsSignOut]' started.
Test Case '-[SendmeterCoreTests.SignOutQueuePolicyTests testCancelAtRemainderPromptAbandonsSignOut]' passed (0.000 seconds).
Test Case '-[SendmeterCoreTests.SignOutQueuePolicyTests testCancelLeavesQueuedEntriesInPlace]' started.
Test Case '-[SendmeterCoreTests.SignOutQueuePolicyTests testCancelLeavesQueuedEntriesInPlace]' passed (0.003 seconds).
Test Case '-[SendmeterCoreTests.SignOutQueuePolicyTests testDrainAndRemainderAreAccountScopedThroughTheRealQueue]' started.
Test Case '-[SendmeterCoreTests.SignOutQueuePolicyTests testDrainAndRemainderAreAccountScopedThroughTheRealQueue]' passed (0.006 seconds).
Test Case '-[SendmeterCoreTests.SignOutQueuePolicyTests testDrainDeadlineDoesNotHangSignOut]' started.
Test Case '-[SendmeterCoreTests.SignOutQueuePolicyTests testDrainDeadlineDoesNotHangSignOut]' passed (0.189 seconds).
Test Case '-[SendmeterCoreTests.SignOutQueuePolicyTests testDrainRunsBeforeSignOutInOrder]' started.
Test Case '-[SendmeterCoreTests.SignOutQueuePolicyTests testDrainRunsBeforeSignOutInOrder]' passed (0.002 seconds).
Test Case '-[SendmeterCoreTests.SignOutQueuePolicyTests testEmptyQueueSkipsRemainderPrompt]' started.
Test Case '-[SendmeterCoreTests.SignOutQueuePolicyTests testEmptyQueueSkipsRemainderPrompt]' passed (0.004 seconds).
Test Case '-[SendmeterCoreTests.SignOutQueuePolicyTests testRemainderPromptAskedOnceWithCountThenSignOutProceeds]' started.
Test Case '-[SendmeterCoreTests.SignOutQueuePolicyTests testRemainderPromptAskedOnceWithCountThenSignOutProceeds]' passed (0.005 seconds).
Test Case '-[SendmeterCoreTests.SignOutQueuePolicyTests testSignOutDrainAttemptsBackedOffActiveItemButNotQuarantinedItem]' started.
Test Case '-[SendmeterCoreTests.SignOutQueuePolicyTests testSignOutDrainAttemptsBackedOffActiveItemButNotQuarantinedItem]' passed (0.029 seconds).
Test Case '-[SendmeterCoreTests.SignOutQueuePolicyTests testSignOutDrainLeavesQuarantinedItemsUntouched]' started.
Test Case '-[SendmeterCoreTests.SignOutQueuePolicyTests testSignOutDrainLeavesQuarantinedItemsUntouched]' passed (0.022 seconds).
Test Case '-[SendmeterCoreTests.SignOutQueuePolicyTests testSignOutErrorIsReturnedNotSwallowed]' started.
Test Case '-[SendmeterCoreTests.SignOutQueuePolicyTests testSignOutErrorIsReturnedNotSwallowed]' passed (0.002 seconds).
Test Suite 'SignOutQueuePolicyTests' passed at 2569-10-04 11:53:04.745 AM.
	 Executed 11 tests, with 0 failures (0 unexpected) in 0.269 (0.273) seconds
Test Suite 'SplashDynoTimelineTests' started at 2569-10-04 11:53:04.745 AM.
Test Case '-[SendmeterCoreTests.SplashDynoTimelineTests testCycleDurationIsFourPointTwoSeconds]' started.
Test Case '-[SendmeterCoreTests.SplashDynoTimelineTests testCycleDurationIsFourPointTwoSeconds]' passed (0.000 seconds).
Test Case '-[SendmeterCoreTests.SplashDynoTimelineTests testEaseSegmentProgressEndpointsAndMonotonicity]' started.
Test Case '-[SendmeterCoreTests.SplashDynoTimelineTests testEaseSegmentProgressEndpointsAndMonotonicity]' passed (0.000 seconds).
Test Case '-[SendmeterCoreTests.SplashDynoTimelineTests testEaseSegmentProgressPinsCubicBezier]' started.
Test Case '-[SendmeterCoreTests.SplashDynoTimelineTests testEaseSegmentProgressPinsCubicBezier]' passed (0.000 seconds).
Test Case '-[SendmeterCoreTests.SplashDynoTimelineTests testHoldPhaseIsConstantBackFirst]' started.
Test Case '-[SendmeterCoreTests.SplashDynoTimelineTests testHoldPhaseIsConstantBackFirst]' passed (0.000 seconds).
Test Case '-[SendmeterCoreTests.SplashDynoTimelineTests testKeyframeStopsMatchCSS]' started.
Test Case '-[SendmeterCoreTests.SplashDynoTimelineTests testKeyframeStopsMatchCSS]' passed (0.000 seconds).
Test Case '-[SendmeterCoreTests.SplashDynoTimelineTests testNegativeElapsedTimeWrapsIntoTheCycle]' started.
Test Case '-[SendmeterCoreTests.SplashDynoTimelineTests testNegativeElapsedTimeWrapsIntoTheCycle]' passed (0.000 seconds).
Test Case '-[SendmeterCoreTests.SplashDynoTimelineTests testPoseIsPeriodicOverTheCycle]' started.
Test Case '-[SendmeterCoreTests.SplashDynoTimelineTests testPoseIsPeriodicOverTheCycle]' passed (0.000 seconds).
Test Case '-[SendmeterCoreTests.SplashDynoTimelineTests testRestPoseIsIdentity]' started.
Test Case '-[SendmeterCoreTests.SplashDynoTimelineTests testRestPoseIsIdentity]' passed (0.003 seconds).
Test Case '-[SendmeterCoreTests.SplashDynoTimelineTests testSegmentMidpointUsesEasedProgress]' started.
Test Case '-[SendmeterCoreTests.SplashDynoTimelineTests testSegmentMidpointUsesEasedProgress]' passed (0.000 seconds).
Test Suite 'SplashDynoTimelineTests' passed at 2569-10-04 11:53:04.752 AM.
	 Executed 9 tests, with 0 failures (0 unexpected) in 0.006 (0.007) seconds
Test Suite 'SplashPresentationFloorTests' started at 2569-10-04 11:53:04.752 AM.
Test Case '-[SendmeterCoreTests.SplashPresentationFloorTests testColdStartWaitsUntilOneSecondHasElapsed]' started.
Test Case '-[SendmeterCoreTests.SplashPresentationFloorTests testColdStartWaitsUntilOneSecondHasElapsed]' passed (0.000 seconds).
Test Case '-[SendmeterCoreTests.SplashPresentationFloorTests testReduceMotionStillUsesColdStartFloor]' started.
Test Case '-[SendmeterCoreTests.SplashPresentationFloorTests testReduceMotionStillUsesColdStartFloor]' passed (0.000 seconds).
Test Case '-[SendmeterCoreTests.SplashPresentationFloorTests testWarmResumeIsImmediate]' started.
Test Case '-[SendmeterCoreTests.SplashPresentationFloorTests testWarmResumeIsImmediate]' passed (0.000 seconds).
Test Suite 'SplashPresentationFloorTests' passed at 2569-10-04 11:53:04.753 AM.
	 Executed 3 tests, with 0 failures (0 unexpected) in 0.001 (0.001) seconds
Test Suite 'SplashPresentationWiringTests' started at 2569-10-04 11:53:04.753 AM.
Test Case '-[SendmeterCoreTests.SplashPresentationWiringTests testBootDismissalWaitsForTheColdStartFloor]' started.
Test Case '-[SendmeterCoreTests.SplashPresentationWiringTests testBootDismissalWaitsForTheColdStartFloor]' passed (0.049 seconds).
Test Case '-[SendmeterCoreTests.SplashPresentationWiringTests testSplashViewKeepsDynoAnimationAndReduceMotionPose]' started.
Test Case '-[SendmeterCoreTests.SplashPresentationWiringTests testSplashViewKeepsDynoAnimationAndReduceMotionPose]' passed (0.011 seconds).
Test Suite 'SplashPresentationWiringTests' passed at 2569-10-04 11:53:04.814 AM.
	 Executed 2 tests, with 0 failures (0 unexpected) in 0.060 (0.061) seconds
Test Suite 'StructuralHapticDiagnosticsTests' started at 2569-10-04 11:53:04.814 AM.
Test Case '-[SendmeterCoreTests.StructuralHapticDiagnosticsTests testBAndBPrimeDisableOnlyTheirNamedGestureSource]' started.
Test Case '-[SendmeterCoreTests.StructuralHapticDiagnosticsTests testBAndBPrimeDisableOnlyTheirNamedGestureSource]' passed (0.000 seconds).
Test Case '-[SendmeterCoreTests.StructuralHapticDiagnosticsTests testDebugArgumentsSelectVisibleAAndBVariants]' started.
Test Case '-[SendmeterCoreTests.StructuralHapticDiagnosticsTests testDebugArgumentsSelectVisibleAAndBVariants]' passed (0.000 seconds).
Test Case '-[SendmeterCoreTests.StructuralHapticDiagnosticsTests testDiagnosticLabelsMakeTheSelectedVariantObservable]' started.
Test Case '-[SendmeterCoreTests.StructuralHapticDiagnosticsTests testDiagnosticLabelsMakeTheSelectedVariantObservable]' passed (0.000 seconds).
Test Case '-[SendmeterCoreTests.StructuralHapticDiagnosticsTests testMissingOrReleaseArgumentsUseTheNormalDefault]' started.
Test Case '-[SendmeterCoreTests.StructuralHapticDiagnosticsTests testMissingOrReleaseArgumentsUseTheNormalDefault]' passed (0.000 seconds).
Test Suite 'StructuralHapticDiagnosticsTests' passed at 2569-10-04 11:53:04.816 AM.
	 Executed 4 tests, with 0 failures (0 unexpected) in 0.001 (0.002) seconds
Test Suite 'TabGlyphRenderingWiringTests' started at 2569-10-04 11:53:04.816 AM.
Test Case '-[SendmeterCoreTests.TabGlyphRenderingWiringTests testForceMascotTabKeepsApprovedR11MasterProvenanceAnchor]' started.
Test Case '-[SendmeterCoreTests.TabGlyphRenderingWiringTests testForceMascotTabKeepsApprovedR11MasterProvenanceAnchor]' passed (0.001 seconds).
Test Case '-[SendmeterCoreTests.TabGlyphRenderingWiringTests testForceMascotTabPresentsMasterAtPinnedOpticalRasterScale]' started.
Test Case '-[SendmeterCoreTests.TabGlyphRenderingWiringTests testForceMascotTabPresentsMasterAtPinnedOpticalRasterScale]' passed (0.002 seconds).
Test Case '-[SendmeterCoreTests.TabGlyphRenderingWiringTests testForceTabWiresTemplateRenderedR11Imageset]' started.
Test Case '-[SendmeterCoreTests.TabGlyphRenderingWiringTests testForceTabWiresTemplateRenderedR11Imageset]' passed (0.004 seconds).
Test Case '-[SendmeterCoreTests.TabGlyphRenderingWiringTests testWorkoutMascotTabRemainsUntouchedR16VectorMaster]' started.
Test Case '-[SendmeterCoreTests.TabGlyphRenderingWiringTests testWorkoutMascotTabRemainsUntouchedR16VectorMaster]' passed (0.001 seconds).
Test Suite 'TabGlyphRenderingWiringTests' passed at 2569-10-04 11:53:04.825 AM.
	 Executed 4 tests, with 0 failures (0 unexpected) in 0.009 (0.009) seconds
Test Suite 'TabMascotWiringTests' started at 2569-10-04 11:53:04.826 AM.
Test Case '-[SendmeterCoreTests.TabMascotWiringTests testMainTabOrderAndTags]' started.
Test Case '-[SendmeterCoreTests.TabMascotWiringTests testMainTabOrderAndTags]' passed (0.005 seconds).
Test Case '-[SendmeterCoreTests.TabMascotWiringTests testMascotTabsUseApprovedImagesets]' started.
Test Case '-[SendmeterCoreTests.TabMascotWiringTests testMascotTabsUseApprovedImagesets]' passed (0.008 seconds).
Test Case '-[SendmeterCoreTests.TabMascotWiringTests testStartWorkoutCardUsesApprovedWorkoutMascot]' started.
Test Case '-[SendmeterCoreTests.TabMascotWiringTests testStartWorkoutCardUsesApprovedWorkoutMascot]' passed (0.007 seconds).
Test Suite 'TabMascotWiringTests' passed at 2569-10-04 11:53:04.846 AM.
	 Executed 3 tests, with 0 failures (0 unexpected) in 0.019 (0.020) seconds
Test Suite 'TagCatalogTests' started at 2569-10-04 11:53:04.846 AM.
Test Case '-[SendmeterCoreTests.TagCatalogTests testEntriesDeriveCountsAndHiddenFlags]' started.
Test Case '-[SendmeterCoreTests.TagCatalogTests testEntriesDeriveCountsAndHiddenFlags]' passed (0.001 seconds).
Test Case '-[SendmeterCoreTests.TagCatalogTests testEntriesSortCaseInsensitivelyByName]' started.
Test Case '-[SendmeterCoreTests.TagCatalogTests testEntriesSortCaseInsensitivelyByName]' passed (0.000 seconds).
Test Case '-[SendmeterCoreTests.TagCatalogTests testHiddenNamesFromMetadata]' started.
Test Case '-[SendmeterCoreTests.TagCatalogTests testHiddenNamesFromMetadata]' passed (0.000 seconds).
Test Case '-[SendmeterCoreTests.TagCatalogTests testHideAndUnhideToggleFlagOnly]' started.
Test Case '-[SendmeterCoreTests.TagCatalogTests testHideAndUnhideToggleFlagOnly]' passed (0.000 seconds).
Test Case '-[SendmeterCoreTests.TagCatalogTests testHideUnknownNameIsNoOp]' started.
Test Case '-[SendmeterCoreTests.TagCatalogTests testHideUnknownNameIsNoOp]' passed (0.000 seconds).
Test Case '-[SendmeterCoreTests.TagCatalogTests testRenameMergesCountsAndKeepsTargetHidden]' started.
Test Case '-[SendmeterCoreTests.TagCatalogTests testRenameMergesCountsAndKeepsTargetHidden]' passed (0.000 seconds).
Test Case '-[SendmeterCoreTests.TagCatalogTests testRenameRepointsCountsAndClearsHidden]' started.
Test Case '-[SendmeterCoreTests.TagCatalogTests testRenameRepointsCountsAndClearsHidden]' passed (0.000 seconds).
Test Case '-[SendmeterCoreTests.TagCatalogTests testRenameToEmptyIsNoOp]' started.
Test Case '-[SendmeterCoreTests.TagCatalogTests testRenameToEmptyIsNoOp]' passed (0.000 seconds).
Test Case '-[SendmeterCoreTests.TagCatalogTests testRenameToSameNameIsNoOp]' started.
Test Case '-[SendmeterCoreTests.TagCatalogTests testRenameToSameNameIsNoOp]' passed (0.000 seconds).
Test Case '-[SendmeterCoreTests.TagCatalogTests testRenameUnknownSourceIsNoOp]' started.
Test Case '-[SendmeterCoreTests.TagCatalogTests testRenameUnknownSourceIsNoOp]' passed (0.000 seconds).
Test Case '-[SendmeterCoreTests.TagCatalogTests testTagMetadataCodableRoundTrip]' started.
Test Case '-[SendmeterCoreTests.TagCatalogTests testTagMetadataCodableRoundTrip]' passed (0.000 seconds).
Test Case '-[SendmeterCoreTests.TagCatalogTests testVisibleNamesExcludesHidden]' started.
Test Case '-[SendmeterCoreTests.TagCatalogTests testVisibleNamesExcludesHidden]' passed (0.000 seconds).
Test Suite 'TagCatalogTests' passed at 2569-10-04 11:53:04.853 AM.
	 Executed 12 tests, with 0 failures (0 unexpected) in 0.004 (0.008) seconds
Test Suite 'TagCurveCachePolicyTests' started at 2569-10-04 11:53:04.854 AM.
Test Case '-[SendmeterCoreTests.TagCurveCachePolicyTests testDifferentUploadInvalidatesBothOldAndNewKeys]' started.
Test Case '-[SendmeterCoreTests.TagCurveCachePolicyTests testDifferentUploadInvalidatesBothOldAndNewKeys]' passed (0.001 seconds).
Test Case '-[SendmeterCoreTests.TagCurveCachePolicyTests testEqualUploadStillInvalidatesTheJustSavedKey]' started.
Test Case '-[SendmeterCoreTests.TagCurveCachePolicyTests testEqualUploadStillInvalidatesTheJustSavedKey]' passed (0.000 seconds).
Test Case '-[SendmeterCoreTests.TagCurveCachePolicyTests testKeyNormalizationMakesWhitespaceAndCaseEditsOneFit]' started.
Test Case '-[SendmeterCoreTests.TagCurveCachePolicyTests testKeyNormalizationMakesWhitespaceAndCaseEditsOneFit]' passed (0.000 seconds).
Test Case '-[SendmeterCoreTests.TagCurveCachePolicyTests testMetadataEditHarnessKeepsAuthoritativeOldAndSavedNewKeys]' started.
Test Case '-[SendmeterCoreTests.TagCurveCachePolicyTests testMetadataEditHarnessKeepsAuthoritativeOldAndSavedNewKeys]' passed (0.000 seconds).
Test Case '-[SendmeterCoreTests.TagCurveCachePolicyTests testMetadataEditHarnessNormalizesSameKey]' started.
Test Case '-[SendmeterCoreTests.TagCurveCachePolicyTests testMetadataEditHarnessNormalizesSameKey]' passed (0.000 seconds).
Test Case '-[SendmeterCoreTests.TagCurveCachePolicyTests testOldFitIsRejectedAfterRecordingGenerationChanges]' started.
Test Case '-[SendmeterCoreTests.TagCurveCachePolicyTests testOldFitIsRejectedAfterRecordingGenerationChanges]' passed (0.000 seconds).
Test Case '-[SendmeterCoreTests.TagCurveCachePolicyTests testOneRecordingMutationDoesNotInvalidateEveryTag]' started.
Test Case '-[SendmeterCoreTests.TagCurveCachePolicyTests testOneRecordingMutationDoesNotInvalidateEveryTag]' passed (0.000 seconds).
Test Case '-[SendmeterCoreTests.TagCurveCachePolicyTests testOptimisticRecordingIsEligibleOnlyWhenItsSamplesAreAvailable]' started.
Test Case '-[SendmeterCoreTests.TagCurveCachePolicyTests testOptimisticRecordingIsEligibleOnlyWhenItsSamplesAreAvailable]' passed (0.000 seconds).
Test Case '-[SendmeterCoreTests.TagCurveCachePolicyTests testRPEPathIsPointEstimateOnlyWhileChartPathOwnsTheBand]' started.
Test Case '-[SendmeterCoreTests.TagCurveCachePolicyTests testRPEPathIsPointEstimateOnlyWhileChartPathOwnsTheBand]' passed (0.000 seconds).
Test Suite 'TagCurveCachePolicyTests' passed at 2569-10-04 11:53:04.857 AM.
	 Executed 9 tests, with 0 failures (0 unexpected) in 0.002 (0.004) seconds
Test Suite 'TagMutationReplayTests' started at 2569-10-04 11:53:04.857 AM.
Test Case '-[SendmeterCoreTests.TagMutationReplayTests testChainedRenameIsNotCompleteWhileAnyKnownOldNameSurvives]' started.
Test Case '-[SendmeterCoreTests.TagMutationReplayTests testChainedRenameIsNotCompleteWhileAnyKnownOldNameSurvives]' passed (0.001 seconds).
Test Case '-[SendmeterCoreTests.TagMutationReplayTests testChainedRoundTripRepointsFromWhicheverNameTheServerServes]' started.
Test Case '-[SendmeterCoreTests.TagMutationReplayTests testChainedRoundTripRepointsFromWhicheverNameTheServerServes]' passed (0.000 seconds).
Test Case '-[SendmeterCoreTests.TagMutationReplayTests testIntentDecodesAQueueEntryWithNoReferences]' started.
Test Case '-[SendmeterCoreTests.TagMutationReplayTests testIntentDecodesAQueueEntryWithNoReferences]' passed (0.000 seconds).
Test Case '-[SendmeterCoreTests.TagMutationReplayTests testIntentQueueIdentityFollowsTheNameItStartedUnder]' started.
Test Case '-[SendmeterCoreTests.TagMutationReplayTests testIntentQueueIdentityFollowsTheNameItStartedUnder]' passed (0.001 seconds).
Test Case '-[SendmeterCoreTests.TagMutationReplayTests testIntentRoundTripsThroughTheQueueEncoding]' started.
Test Case '-[SendmeterCoreTests.TagMutationReplayTests testIntentRoundTripsThroughTheQueueEncoding]' passed (0.000 seconds).
Test Case '-[SendmeterCoreTests.TagMutationReplayTests testQueueIdentityCarriesUUIDVersion5AndVariantBits]' started.
Test Case '-[SendmeterCoreTests.TagMutationReplayTests testQueueIdentityCarriesUUIDVersion5AndVariantBits]' passed (0.000 seconds).
Test Case '-[SendmeterCoreTests.TagMutationReplayTests testQueueIdentityIsFrozenForKnownNames]' started.
Test Case '-[SendmeterCoreTests.TagMutationReplayTests testQueueIdentityIsFrozenForKnownNames]' passed (0.000 seconds).
Test Case '-[SendmeterCoreTests.TagMutationReplayTests testQueueIdentityIsStableForAName]' started.
Test Case '-[SendmeterCoreTests.TagMutationReplayTests testQueueIdentityIsStableForAName]' passed (0.000 seconds).
Test Case '-[SendmeterCoreTests.TagMutationReplayTests testRenameAndVisibilityIsCompleteOnlyWhenBothHalvesAgree]' started.
Test Case '-[SendmeterCoreTests.TagMutationReplayTests testRenameAndVisibilityIsCompleteOnlyWhenBothHalvesAgree]' passed (0.000 seconds).
Test Case '-[SendmeterCoreTests.TagMutationReplayTests testRenameIsCompleteOnlyWhenEveryReferenceCarriesTheNewName]' started.
Test Case '-[SendmeterCoreTests.TagMutationReplayTests testRenameIsCompleteOnlyWhenEveryReferenceCarriesTheNewName]' passed (0.000 seconds).
Test Case '-[SendmeterCoreTests.TagMutationReplayTests testRenameIsNotCompleteWhileTheOldRegistryRowSurvives]' started.
Test Case '-[SendmeterCoreTests.TagMutationReplayTests testRenameIsNotCompleteWhileTheOldRegistryRowSurvives]' passed (0.000 seconds).
Test Case '-[SendmeterCoreTests.TagMutationReplayTests testReplacingChainsARenameOntoThePendingRename]' started.
Test Case '-[SendmeterCoreTests.TagMutationReplayTests testReplacingChainsARenameOntoThePendingRename]' passed (0.000 seconds).
Test Case '-[SendmeterCoreTests.TagMutationReplayTests testReplacingKeepsTheNewestVisibilityOnTheSameName]' started.
Test Case '-[SendmeterCoreTests.TagMutationReplayTests testReplacingKeepsTheNewestVisibilityOnTheSameName]' passed (0.000 seconds).
Test Case '-[SendmeterCoreTests.TagMutationReplayTests testReplacingKeepsTheRenameWhenAVisibilityChangeArrives]' started.
Test Case '-[SendmeterCoreTests.TagMutationReplayTests testReplacingKeepsTheRenameWhenAVisibilityChangeArrives]' passed (0.000 seconds).
Test Case '-[SendmeterCoreTests.TagMutationReplayTests testReplacingLetsARenameClearAPendingVisibilityIntent]' started.
Test Case '-[SendmeterCoreTests.TagMutationReplayTests testReplacingLetsARenameClearAPendingVisibilityIntent]' passed (0.000 seconds).
Test Case '-[SendmeterCoreTests.TagMutationReplayTests testReplacingUnionsTheReferencesItCarries]' started.
Test Case '-[SendmeterCoreTests.TagMutationReplayTests testReplacingUnionsTheReferencesItCarries]' passed (0.000 seconds).
Test Case '-[SendmeterCoreTests.TagMutationReplayTests testRepointSourceFollowsTheServerNotTheIntent]' started.
Test Case '-[SendmeterCoreTests.TagMutationReplayTests testRepointSourceFollowsTheServerNotTheIntent]' passed (0.000 seconds).
Test Case '-[SendmeterCoreTests.TagMutationReplayTests testRepointSourceUsesARegistryRowWhenTheTagHasNoRecordings]' started.
Test Case '-[SendmeterCoreTests.TagMutationReplayTests testRepointSourceUsesARegistryRowWhenTheTagHasNoRecordings]' passed (0.000 seconds).
Test Case '-[SendmeterCoreTests.TagMutationReplayTests testVisibilityIsCompleteOnlyWithTheIntendedRow]' started.
Test Case '-[SendmeterCoreTests.TagMutationReplayTests testVisibilityIsCompleteOnlyWithTheIntendedRow]' passed (0.000 seconds).
Test Case '-[SendmeterCoreTests.TagMutationReplayTests testVisibilityOnlyIntentRetiresNoNames]' started.
Test Case '-[SendmeterCoreTests.TagMutationReplayTests testVisibilityOnlyIntentRetiresNoNames]' passed (0.000 seconds).
Test Suite 'TagMutationReplayTests' passed at 2569-10-04 11:53:04.867 AM.
	 Executed 20 tests, with 0 failures (0 unexpected) in 0.006 (0.010) seconds
Test Suite 'TindeqConsistencyTests' started at 2569-10-04 11:53:04.868 AM.
Test Case '-[SendmeterCoreTests.TindeqConsistencyTests testAgedOutSelectionFallsBackToAll]' started.
Test Case '-[SendmeterCoreTests.TindeqConsistencyTests testAgedOutSelectionFallsBackToAll]' passed (0.000 seconds).
Test Case '-[SendmeterCoreTests.TindeqConsistencyTests testEmptyInputReturnsEightLabeledZeroWindows]' started.
Test Case '-[SendmeterCoreTests.TindeqConsistencyTests testEmptyInputReturnsEightLabeledZeroWindows]' passed (0.004 seconds).
Test Case '-[SendmeterCoreTests.TindeqConsistencyTests testHiddenTagsAreExcludedFromDaysByTagAndChips]' started.
Test Case '-[SendmeterCoreTests.TindeqConsistencyTests testHiddenTagsAreExcludedFromDaysByTagAndChips]' passed (0.001 seconds).
Test Case '-[SendmeterCoreTests.TindeqConsistencyTests testMultipleRecordingsOnOneDayCountOnceAndTagsCountIndependently]' started.
Test Case '-[SendmeterCoreTests.TindeqConsistencyTests testMultipleRecordingsOnOneDayCountOnceAndTagsCountIndependently]' passed (0.000 seconds).
Test Case '-[SendmeterCoreTests.TindeqConsistencyTests testOldAndFutureRecordingsDoNotEnterTheEightWeekWindow]' started.
Test Case '-[SendmeterCoreTests.TindeqConsistencyTests testOldAndFutureRecordingsDoNotEnterTheEightWeekWindow]' passed (0.000 seconds).
Test Case '-[SendmeterCoreTests.TindeqConsistencyTests testRecordingBecomesCurrentWhenTheReferenceDayAdvances]' started.
Test Case '-[SendmeterCoreTests.TindeqConsistencyTests testRecordingBecomesCurrentWhenTheReferenceDayAdvances]' passed (0.000 seconds).
Test Case '-[SendmeterCoreTests.TindeqConsistencyTests testRecordingUsesItsLocalGregorianDay]' started.
Test Case '-[SendmeterCoreTests.TindeqConsistencyTests testRecordingUsesItsLocalGregorianDay]' passed (0.001 seconds).
Test Case '-[SendmeterCoreTests.TindeqConsistencyTests testSelectedTagNarrowsTheSameBarsInsteadOfStacking]' started.
Test Case '-[SendmeterCoreTests.TindeqConsistencyTests testSelectedTagNarrowsTheSameBarsInsteadOfStacking]' passed (0.000 seconds).
Test Case '-[SendmeterCoreTests.TindeqConsistencyTests testSevenDaysAgoStartsThePriorWindow]' started.
Test Case '-[SendmeterCoreTests.TindeqConsistencyTests testSevenDaysAgoStartsThePriorWindow]' passed (0.001 seconds).
Test Case '-[SendmeterCoreTests.TindeqConsistencyTests testTagsOnlyUseTheWindowAndSortAlphabetically]' started.
Test Case '-[SendmeterCoreTests.TindeqConsistencyTests testTagsOnlyUseTheWindowAndSortAlphabetically]' passed (0.001 seconds).
Test Suite 'TindeqConsistencyTests' passed at 2569-10-04 11:53:04.880 AM.
	 Executed 10 tests, with 0 failures (0 unexpected) in 0.009 (0.012) seconds
Test Suite 'TindeqSessionMergeTests' started at 2569-10-04 11:53:04.880 AM.
Test Case '-[SendmeterCoreTests.TindeqSessionMergeTests testCandidatesOfferOnlySameDayUploadedGroupedTindeqSiblings]' started.
Test Case '-[SendmeterCoreTests.TindeqSessionMergeTests testCandidatesOfferOnlySameDayUploadedGroupedTindeqSiblings]' passed (0.001 seconds).
Test Case '-[SendmeterCoreTests.TindeqSessionMergeTests testEligibilityRefusalMessagesExistForEveryRefusal]' started.
Test Case '-[SendmeterCoreTests.TindeqSessionMergeTests testEligibilityRefusalMessagesExistForEveryRefusal]' passed (0.000 seconds).
Test Case '-[SendmeterCoreTests.TindeqSessionMergeTests testEligibilityRequiresTwoDistinctUploadedGroupedSameDayTindeqSessions]' started.
Test Case '-[SendmeterCoreTests.TindeqSessionMergeTests testEligibilityRequiresTwoDistinctUploadedGroupedSameDayTindeqSessions]' passed (0.000 seconds).
Test Case '-[SendmeterCoreTests.TindeqSessionMergeTests testMergedRowKeepsTheSurvivorsIdentityAndAppliesThePlan]' started.
Test Case '-[SendmeterCoreTests.TindeqSessionMergeTests testMergedRowKeepsTheSurvivorsIdentityAndAppliesThePlan]' passed (0.001 seconds).
Test Case '-[SendmeterCoreTests.TindeqSessionMergeTests testPlanFallsBackToTheSurvivorsDurationWhenThereIsNothingToMeasure]' started.
Test Case '-[SendmeterCoreTests.TindeqSessionMergeTests testPlanFallsBackToTheSurvivorsDurationWhenThereIsNothingToMeasure]' passed (0.000 seconds).
Test Case '-[SendmeterCoreTests.TindeqSessionMergeTests testPlanIgnoresRecordingsOutsideTheSelectedGroups]' started.
Test Case '-[SendmeterCoreTests.TindeqSessionMergeTests testPlanIgnoresRecordingsOutsideTheSelectedGroups]' passed (0.000 seconds).
Test Case '-[SendmeterCoreTests.TindeqSessionMergeTests testPlanKeepsTheLatestConfirmedRPEAndStaysConfirmed]' started.
Test Case '-[SendmeterCoreTests.TindeqSessionMergeTests testPlanKeepsTheLatestConfirmedRPEAndStaysConfirmed]' passed (0.000 seconds).
Test Case '-[SendmeterCoreTests.TindeqSessionMergeTests testPlanMergesEveryRecordingIntoTheEarliestStartedSession]' started.
Test Case '-[SendmeterCoreTests.TindeqSessionMergeTests testPlanMergesEveryRecordingIntoTheEarliestStartedSession]' passed (0.000 seconds).
Test Case '-[SendmeterCoreTests.TindeqSessionMergeTests testPlanPredictsRPEWhenNoSelectedSessionWasConfirmed]' started.
Test Case '-[SendmeterCoreTests.TindeqSessionMergeTests testPlanPredictsRPEWhenNoSelectedSessionWasConfirmed]' passed (0.000 seconds).
Test Case '-[SendmeterCoreTests.TindeqSessionMergeTests testPlanRefusesAnIneligibleSelection]' started.
Test Case '-[SendmeterCoreTests.TindeqSessionMergeTests testPlanRefusesAnIneligibleSelection]' passed (0.000 seconds).
Test Suite 'TindeqSessionMergeTests' passed at 2569-10-04 11:53:04.886 AM.
	 Executed 10 tests, with 0 failures (0 unexpected) in 0.004 (0.006) seconds
Test Suite 'ToastLifecycleTests' started at 2569-10-04 11:53:04.886 AM.
Test Case '-[SendmeterCoreTests.ToastLifecycleTests testActionableToastUsesWebParityFiveSecondTimeout]' started.
Test Case '-[SendmeterCoreTests.ToastLifecycleTests testActionableToastUsesWebParityFiveSecondTimeout]' passed (0.000 seconds).
Test Case '-[SendmeterCoreTests.ToastLifecycleTests testAnIdenticalReplacementCannotBeDismissedByTheOldExpiryCallback]' started.
Test Case '-[SendmeterCoreTests.ToastLifecycleTests testAnIdenticalReplacementCannotBeDismissedByTheOldExpiryCallback]' passed (0.000 seconds).
Test Case '-[SendmeterCoreTests.ToastLifecycleTests testPassiveToastKeepsTheShortTimeout]' started.
Test Case '-[SendmeterCoreTests.ToastLifecycleTests testPassiveToastKeepsTheShortTimeout]' passed (0.000 seconds).
Test Suite 'ToastLifecycleTests' passed at 2569-10-04 11:53:04.887 AM.
	 Executed 3 tests, with 0 failures (0 unexpected) in 0.001 (0.001) seconds
Test Suite 'TrainingBalanceTests' started at 2569-10-04 11:53:04.887 AM.
Test Case '-[SendmeterCoreTests.TrainingBalanceTests testBalanceScopeCountsExcludesPrehabFromBothCounts]' started.
Test Case '-[SendmeterCoreTests.TrainingBalanceTests testBalanceScopeCountsExcludesPrehabFromBothCounts]' passed (0.001 seconds).
Test Case '-[SendmeterCoreTests.TrainingBalanceTests testBalanceScopeCountsExcludesWarmup]' started.
Test Case '-[SendmeterCoreTests.TrainingBalanceTests testBalanceScopeCountsExcludesWarmup]' passed (0.001 seconds).
Test Case '-[SendmeterCoreTests.TrainingBalanceTests testBiasBoundarySitsExactlyAtCurveBiasRatio]' started.
Test Case '-[SendmeterCoreTests.TrainingBalanceTests testBiasBoundarySitsExactlyAtCurveBiasRatio]' passed (0.000 seconds).
Test Case '-[SendmeterCoreTests.TrainingBalanceTests testBiasCanPickWithinBandZoneThatIsNotStrictMinimum]' started.
Test Case '-[SendmeterCoreTests.TrainingBalanceTests testBiasCanPickWithinBandZoneThatIsNotStrictMinimum]' passed (0.000 seconds).
Test Case '-[SendmeterCoreTests.TrainingBalanceTests testBreaksTiesTowardEnduranceWhenCFIsLowFractionOfPeak]' started.
Test Case '-[SendmeterCoreTests.TrainingBalanceTests testBreaksTiesTowardEnduranceWhenCFIsLowFractionOfPeak]' passed (0.000 seconds).
Test Case '-[SendmeterCoreTests.TrainingBalanceTests testBreaksTiesTowardStrengthWhenCFIsHighFractionOfPeak]' started.
Test Case '-[SendmeterCoreTests.TrainingBalanceTests testBreaksTiesTowardStrengthWhenCFIsHighFractionOfPeak]' passed (0.000 seconds).
Test Case '-[SendmeterCoreTests.TrainingBalanceTests testCapacityZoneInsideWindowCountsTowardEnduranceAndOutsideIsExcluded]' started.
Test Case '-[SendmeterCoreTests.TrainingBalanceTests testCapacityZoneInsideWindowCountsTowardEnduranceAndOutsideIsExcluded]' passed (0.001 seconds).
Test Case '-[SendmeterCoreTests.TrainingBalanceTests testCurveRatioComputedAsCFOverPredictedFiveSecondPeak]' started.
Test Case '-[SendmeterCoreTests.TrainingBalanceTests testCurveRatioComputedAsCFOverPredictedFiveSecondPeak]' passed (0.000 seconds).
Test Case '-[SendmeterCoreTests.TrainingBalanceTests testDetailReportsCandidatesAndMinimumThePickCameFrom]' started.
Test Case '-[SendmeterCoreTests.TrainingBalanceTests testDetailReportsCandidatesAndMinimumThePickCameFrom]' passed (0.000 seconds).
Test Case '-[SendmeterCoreTests.TrainingBalanceTests testDetailReportsCurveRatioAndWhetherItMovedThePick]' started.
Test Case '-[SendmeterCoreTests.TrainingBalanceTests testDetailReportsCurveRatioAndWhetherItMovedThePick]' passed (0.000 seconds).
Test Case '-[SendmeterCoreTests.TrainingBalanceTests testDetailSaysCurveDidNotMovePickWhenItAgreesWithUnbiased]' started.
Test Case '-[SendmeterCoreTests.TrainingBalanceTests testDetailSaysCurveDidNotMovePickWhenItAgreesWithUnbiased]' passed (0.000 seconds).
Test Case '-[SendmeterCoreTests.TrainingBalanceTests testMissingWPrimeFallsBackToMaxForcePeakLikeTheWeb]' started.
Test Case '-[SendmeterCoreTests.TrainingBalanceTests testMissingWPrimeFallsBackToMaxForcePeakLikeTheWeb]' passed (0.000 seconds).
Test Case '-[SendmeterCoreTests.TrainingBalanceTests testNoPeakAtAllDisablesTheBiasRatherThanGuessing]' started.
Test Case '-[SendmeterCoreTests.TrainingBalanceTests testNoPeakAtAllDisablesTheBiasRatherThanGuessing]' passed (0.000 seconds).
Test Case '-[SendmeterCoreTests.TrainingBalanceTests testPreferTheLowerOfTwoInBandBiasedZonesNotFirstInOrder]' started.
Test Case '-[SendmeterCoreTests.TrainingBalanceTests testPreferTheLowerOfTwoInBandBiasedZonesNotFirstInOrder]' passed (0.000 seconds).
Test Case '-[SendmeterCoreTests.TrainingBalanceTests testRecommendZonePicksTheLeastTrainedZone]' started.
Test Case '-[SendmeterCoreTests.TrainingBalanceTests testRecommendZonePicksTheLeastTrainedZone]' passed (0.000 seconds).
Test Case '-[SendmeterCoreTests.TrainingBalanceTests testRecommendZoneReturnsNilWithNoTrainingAtAll]' started.
Test Case '-[SendmeterCoreTests.TrainingBalanceTests testRecommendZoneReturnsNilWithNoTrainingAtAll]' passed (0.000 seconds).
Test Case '-[SendmeterCoreTests.TrainingBalanceTests testRecommendZoneWithNoBiasPicksTrueMinimumAmongBandedCandidatesNotFirstInOrder]' started.
Test Case '-[SendmeterCoreTests.TrainingBalanceTests testRecommendZoneWithNoBiasPicksTrueMinimumAmongBandedCandidatesNotFirstInOrder]' passed (0.000 seconds).
Test Case '-[SendmeterCoreTests.TrainingBalanceTests testRecordedPowerEnduranceRawValueRoundTrips]' started.
Test Case '-[SendmeterCoreTests.TrainingBalanceTests testRecordedPowerEnduranceRawValueRoundTrips]' passed (0.000 seconds).
Test Case '-[SendmeterCoreTests.TrainingBalanceTests testRecordedPowerEnduranceZoneWinsOverDuration]' started.
Test Case '-[SendmeterCoreTests.TrainingBalanceTests testRecordedPowerEnduranceZoneWinsOverDuration]' passed (0.001 seconds).
Test Case '-[SendmeterCoreTests.TrainingBalanceTests testRecordedZoneEveryQualityHasAValue]' started.
Test Case '-[SendmeterCoreTests.TrainingBalanceTests testRecordedZoneEveryQualityHasAValue]' passed (0.000 seconds).
Test Case '-[SendmeterCoreTests.TrainingBalanceTests testTagForceCurveInputCapsPeakLikeTheWeb]' started.
Test Case '-[SendmeterCoreTests.TrainingBalanceTests testTagForceCurveInputCapsPeakLikeTheWeb]' passed (0.000 seconds).
Test Case '-[SendmeterCoreTests.TrainingBalanceTests testWPrimeZeroComputesPredictedPeakBoundAtCfLikeTheWeb]' started.
Test Case '-[SendmeterCoreTests.TrainingBalanceTests testWPrimeZeroComputesPredictedPeakBoundAtCfLikeTheWeb]' passed (0.000 seconds).
Test Case '-[SendmeterCoreTests.TrainingBalanceTests testZoneBreakdownMatchesZoneSetsForEveryZone]' started.
Test Case '-[SendmeterCoreTests.TrainingBalanceTests testZoneBreakdownMatchesZoneSetsForEveryZone]' passed (0.003 seconds).
Test Case '-[SendmeterCoreTests.TrainingBalanceTests testZonePresetMatchesZoneProtocolShapes]' started.
Test Case '-[SendmeterCoreTests.TrainingBalanceTests testZonePresetMatchesZoneProtocolShapes]' passed (0.000 seconds).
Test Case '-[SendmeterCoreTests.TrainingBalanceTests testZoneSetDurationDerivesFromProtocolTable]' started.
Test Case '-[SendmeterCoreTests.TrainingBalanceTests testZoneSetDurationDerivesFromProtocolTable]' passed (0.000 seconds).
Test Case '-[SendmeterCoreTests.TrainingBalanceTests testZoneTrainingSetsExcludesInWindowPrehab]' started.
Test Case '-[SendmeterCoreTests.TrainingBalanceTests testZoneTrainingSetsExcludesInWindowPrehab]' passed (0.001 seconds).
Test Case '-[SendmeterCoreTests.TrainingBalanceTests testZoneTrainingSetsIgnoresHoldsOlderThanTheWindow]' started.
Test Case '-[SendmeterCoreTests.TrainingBalanceTests testZoneTrainingSetsIgnoresHoldsOlderThanTheWindow]' passed (0.000 seconds).
Test Case '-[SendmeterCoreTests.TrainingBalanceTests testZoneTrainingSetsKeepsRecordingExactlyAtTheCutoff]' started.
Test Case '-[SendmeterCoreTests.TrainingBalanceTests testZoneTrainingSetsKeepsRecordingExactlyAtTheCutoff]' passed (0.000 seconds).
Test Case '-[SendmeterCoreTests.TrainingBalanceTests testZoneTrainingSetsSumsHoldTimeNormalisedByProtocolSetLength]' started.
Test Case '-[SendmeterCoreTests.TrainingBalanceTests testZoneTrainingSetsSumsHoldTimeNormalisedByProtocolSetLength]' passed (0.001 seconds).
Test Suite 'TrainingBalanceTests' passed at 2569-10-04 11:53:04.906 AM.
	 Executed 29 tests, with 0 failures (0 unexpected) in 0.015 (0.019) seconds
Test Suite 'TrainingBlockGuidanceTests' started at 2569-10-04 11:53:04.906 AM.
Test Case '-[SendmeterCoreTests.TrainingBlockGuidanceTests testExecutionAtEndHasNoForcedNext]' started.
Test Case '-[SendmeterCoreTests.TrainingBlockGuidanceTests testExecutionAtEndHasNoForcedNext]' passed (0.003 seconds).
Test Case '-[SendmeterCoreTests.TrainingBlockGuidanceTests testFallingReadinessAcrossDaysConsidersRecovery]' started.
Test Case '-[SendmeterCoreTests.TrainingBlockGuidanceTests testFallingReadinessAcrossDaysConsidersRecovery]' passed (0.000 seconds).
Test Case '-[SendmeterCoreTests.TrainingBlockGuidanceTests testLowReadinessWithAboveTargetLoadConsidersRecovery]' started.
Test Case '-[SendmeterCoreTests.TrainingBlockGuidanceTests testLowReadinessWithAboveTargetLoadConsidersRecovery]' passed (0.000 seconds).
Test Case '-[SendmeterCoreTests.TrainingBlockGuidanceTests testMissingACWRIsConservative]' started.
Test Case '-[SendmeterCoreTests.TrainingBlockGuidanceTests testMissingACWRIsConservative]' passed (0.000 seconds).
Test Case '-[SendmeterCoreTests.TrainingBlockGuidanceTests testMissingReadinessIsConservative]' started.
Test Case '-[SendmeterCoreTests.TrainingBlockGuidanceTests testMissingReadinessIsConservative]' passed (0.000 seconds).
Test Case '-[SendmeterCoreTests.TrainingBlockGuidanceTests testNearingEndReviewsDuration]' started.
Test Case '-[SendmeterCoreTests.TrainingBlockGuidanceTests testNearingEndReviewsDuration]' passed (0.000 seconds).
Test Case '-[SendmeterCoreTests.TrainingBlockGuidanceTests testNearingEndWithFallingReadinessConsidersRecovery]' started.
Test Case '-[SendmeterCoreTests.TrainingBlockGuidanceTests testNearingEndWithFallingReadinessConsidersRecovery]' passed (0.000 seconds).
Test Case '-[SendmeterCoreTests.TrainingBlockGuidanceTests testPastEndWithOnTargetLoadConsidersNext]' started.
Test Case '-[SendmeterCoreTests.TrainingBlockGuidanceTests testPastEndWithOnTargetLoadConsidersNext]' passed (0.000 seconds).
Test Case '-[SendmeterCoreTests.TrainingBlockGuidanceTests testWeekEqualToTypicalHighReviewsDuration]' started.
Test Case '-[SendmeterCoreTests.TrainingBlockGuidanceTests testWeekEqualToTypicalHighReviewsDuration]' passed (0.000 seconds).
Test Case '-[SendmeterCoreTests.TrainingBlockGuidanceTests testWeekEqualToTypicalLowStaysFresh]' started.
Test Case '-[SendmeterCoreTests.TrainingBlockGuidanceTests testWeekEqualToTypicalLowStaysFresh]' passed (0.001 seconds).
Test Case '-[SendmeterCoreTests.TrainingBlockGuidanceTests testWithinDurationIgnoresSingleLowReadinessAndHighLoad]' started.
Test Case '-[SendmeterCoreTests.TrainingBlockGuidanceTests testWithinDurationIgnoresSingleLowReadinessAndHighLoad]' passed (0.000 seconds).
Test Case '-[SendmeterCoreTests.TrainingBlockGuidanceTests testWithinTypicalDurationContinuesCurrentBlock]' started.
Test Case '-[SendmeterCoreTests.TrainingBlockGuidanceTests testWithinTypicalDurationContinuesCurrentBlock]' passed (0.000 seconds).
Test Case '-[SendmeterCoreTests.TrainingBlockGuidanceTests testWithinWindowSustainedLowReadinessStillSurfacesRecovery]' started.
Test Case '-[SendmeterCoreTests.TrainingBlockGuidanceTests testWithinWindowSustainedLowReadinessStillSurfacesRecovery]' passed (0.000 seconds).
Test Suite 'TrainingBlockGuidanceTests' passed at 2569-10-04 11:53:04.915 AM.
	 Executed 13 tests, with 0 failures (0 unexpected) in 0.007 (0.009) seconds
Test Suite 'TrainingLoadInteractionTests' started at 2569-10-04 11:53:04.915 AM.
Test Case '-[SendmeterCoreTests.TrainingLoadInteractionTests testActivityMixIndexFollowsProportionalSharesAndOwnsRightEdge]' started.
Test Case '-[SendmeterCoreTests.TrainingLoadInteractionTests testActivityMixIndexFollowsProportionalSharesAndOwnsRightEdge]' passed (0.000 seconds).
Test Case '-[SendmeterCoreTests.TrainingLoadInteractionTests testActivityMixIndexSkipsZeroWidthIntermediateSegments]' started.
Test Case '-[SendmeterCoreTests.TrainingLoadInteractionTests testActivityMixIndexSkipsZeroWidthIntermediateSegments]' passed (0.000 seconds).
Test Case '-[SendmeterCoreTests.TrainingLoadInteractionTests testActivityMixKeepsPaintedStripCompactButHitRegionComfortable]' started.
Test Case '-[SendmeterCoreTests.TrainingLoadInteractionTests testActivityMixKeepsPaintedStripCompactButHitRegionComfortable]' passed (0.000 seconds).
Test Case '-[SendmeterCoreTests.TrainingLoadInteractionTests testToggledSelectionSelectsChangesAndDismissesSameValue]' started.
Test Case '-[SendmeterCoreTests.TrainingLoadInteractionTests testToggledSelectionSelectsChangesAndDismissesSameValue]' passed (0.000 seconds).
Test Case '-[SendmeterCoreTests.TrainingLoadInteractionTests testWeeklyBarIndexRejectsEmptyOrInvalidGeometry]' started.
Test Case '-[SendmeterCoreTests.TrainingLoadInteractionTests testWeeklyBarIndexRejectsEmptyOrInvalidGeometry]' passed (0.000 seconds).
Test Case '-[SendmeterCoreTests.TrainingLoadInteractionTests testWeeklyBarIndexUsesFlexibleSlotsAndClampsEdges]' started.
Test Case '-[SendmeterCoreTests.TrainingLoadInteractionTests testWeeklyBarIndexUsesFlexibleSlotsAndClampsEdges]' passed (0.000 seconds).
Test Suite 'TrainingLoadInteractionTests' passed at 2569-10-04 11:53:04.917 AM.
	 Executed 6 tests, with 0 failures (0 unexpected) in 0.002 (0.002) seconds
Test Suite 'TrainingLoadSheetAxisWiringTests' started at 2569-10-04 11:53:04.917 AM.
Test Case '-[SendmeterCoreTests.TrainingLoadSheetAxisWiringTests testWeeklyBarInspectionAndAccessibilityContractIsIntact]' started.
Test Case '-[SendmeterCoreTests.TrainingLoadSheetAxisWiringTests testWeeklyBarInspectionAndAccessibilityContractIsIntact]' passed (0.013 seconds).
Test Case '-[SendmeterCoreTests.TrainingLoadSheetAxisWiringTests testWeeklyBarLabelsUseTheSharedRuleInsteadOfFixedPointText]' started.
Test Case '-[SendmeterCoreTests.TrainingLoadSheetAxisWiringTests testWeeklyBarLabelsUseTheSharedRuleInsteadOfFixedPointText]' passed (0.015 seconds).
Test Case '-[SendmeterCoreTests.TrainingLoadSheetAxisWiringTests testWeeklyBarValuesAndLabelsAreUnchanged]' started.
Test Case '-[SendmeterCoreTests.TrainingLoadSheetAxisWiringTests testWeeklyBarValuesAndLabelsAreUnchanged]' passed (0.001 seconds).
Test Suite 'TrainingLoadSheetAxisWiringTests' passed at 2569-10-04 11:53:04.947 AM.
	 Executed 3 tests, with 0 failures (0 unexpected) in 0.029 (0.030) seconds
Test Suite 'TrainingLoadTests' started at 2569-10-04 11:53:04.948 AM.
Test Case '-[SendmeterCoreTests.TrainingLoadTests testActivityLabelResolvesCatalogAndFallback]' started.
Test Case '-[SendmeterCoreTests.TrainingLoadTests testActivityLabelResolvesCatalogAndFallback]' passed (0.003 seconds).
Test Case '-[SendmeterCoreTests.TrainingLoadTests testActivityMixGroupsSortsAndComputesPercentages]' started.
Test Case '-[SendmeterCoreTests.TrainingLoadTests testActivityMixGroupsSortsAndComputesPercentages]' passed (0.001 seconds).
Test Case '-[SendmeterCoreTests.TrainingLoadTests testActivityMixIncludesBothEndsOfThe28DayWindow]' started.
Test Case '-[SendmeterCoreTests.TrainingLoadTests testActivityMixIncludesBothEndsOfThe28DayWindow]' passed (0.000 seconds).
Test Case '-[SendmeterCoreTests.TrainingLoadTests testActivityMixKeepsUnknownAndLegacyTypesWithUsefulLabels]' started.
Test Case '-[SendmeterCoreTests.TrainingLoadTests testActivityMixKeepsUnknownAndLegacyTypesWithUsefulLabels]' passed (0.001 seconds).
Test Case '-[SendmeterCoreTests.TrainingLoadTests testActivityMixLabelResolutionPrefersCatalogOverLegacy]' started.
Test Case '-[SendmeterCoreTests.TrainingLoadTests testActivityMixLabelResolutionPrefersCatalogOverLegacy]' passed (0.000 seconds).
Test Case '-[SendmeterCoreTests.TrainingLoadTests testActivityMixNormalizesNoncanonicalSessionDate]' started.
Test Case '-[SendmeterCoreTests.TrainingLoadTests testActivityMixNormalizesNoncanonicalSessionDate]' passed (0.001 seconds).
Test Case '-[SendmeterCoreTests.TrainingLoadTests testActivityMixPercentagesSumToOneHundred]' started.
Test Case '-[SendmeterCoreTests.TrainingLoadTests testActivityMixPercentagesSumToOneHundred]' passed (0.000 seconds).
Test Case '-[SendmeterCoreTests.TrainingLoadTests testActivityMixReturnsEmptyMixForZeroLoad]' started.
Test Case '-[SendmeterCoreTests.TrainingLoadTests testActivityMixReturnsEmptyMixForZeroLoad]' passed (0.000 seconds).
Test Case '-[SendmeterCoreTests.TrainingLoadTests testActivityMixReusesPreviouslyResolvedGroupLabel]' started.
Test Case '-[SendmeterCoreTests.TrainingLoadTests testActivityMixReusesPreviouslyResolvedGroupLabel]' passed (0.000 seconds).
Test Case '-[SendmeterCoreTests.TrainingLoadTests testActivityMixSortsLoadDescThenLabelAsc]' started.
Test Case '-[SendmeterCoreTests.TrainingLoadTests testActivityMixSortsLoadDescThenLabelAsc]' passed (0.000 seconds).
Test Case '-[SendmeterCoreTests.TrainingLoadTests testActivityMixTieBreakMatchesLocaleCompareNotNumeric]' started.
Test Case '-[SendmeterCoreTests.TrainingLoadTests testActivityMixTieBreakMatchesLocaleCompareNotNumeric]' passed (0.000 seconds).
Test Case '-[SendmeterCoreTests.TrainingLoadTests testBuddhistEraAnchorDayKeyNormalizesToGridsCurrentEraDay]' started.
Test Case '-[SendmeterCoreTests.TrainingLoadTests testBuddhistEraAnchorDayKeyNormalizesToGridsCurrentEraDay]' passed (0.001 seconds).
Test Case '-[SendmeterCoreTests.TrainingLoadTests testBuddhistEraOutOfWindowRecordNotAdvertisedByLegend]' started.
Test Case '-[SendmeterCoreTests.TrainingLoadTests testBuddhistEraOutOfWindowRecordNotAdvertisedByLegend]' passed (0.001 seconds).
Test Case '-[SendmeterCoreTests.TrainingLoadTests testBuddhistEraWindowAnchorDailyKeysAndGridAgreeOnCurrentEra]' started.
Test Case '-[SendmeterCoreTests.TrainingLoadTests testBuddhistEraWindowAnchorDailyKeysAndGridAgreeOnCurrentEra]' passed (0.003 seconds).
Test Case '-[SendmeterCoreTests.TrainingLoadTests testDailyLoadsTieResolvesToFirstEncounteredType]' started.
Test Case '-[SendmeterCoreTests.TrainingLoadTests testDailyLoadsTieResolvesToFirstEncounteredType]' passed (0.000 seconds).
Test Case '-[SendmeterCoreTests.TrainingLoadTests testDailyLoadsTotalsPerDateAndPicksDominantType]' started.
Test Case '-[SendmeterCoreTests.TrainingLoadTests testDailyLoadsTotalsPerDateAndPicksDominantType]' passed (0.000 seconds).
Test Case '-[SendmeterCoreTests.TrainingLoadTests testDailyLoadsZeroLoadDayStillPicksFirstType]' started.
Test Case '-[SendmeterCoreTests.TrainingLoadTests testDailyLoadsZeroLoadDayStillPicksFirstType]' passed (0.000 seconds).
Test Case '-[SendmeterCoreTests.TrainingLoadTests testFormatAURoundsAndGroups]' started.
Test Case '-[SendmeterCoreTests.TrainingLoadTests testFormatAURoundsAndGroups]' passed (0.000 seconds).
Test Case '-[SendmeterCoreTests.TrainingLoadTests testFormatSharePercentShowsSubOnePercentAsOnePercent]' started.
Test Case '-[SendmeterCoreTests.TrainingLoadTests testFormatSharePercentShowsSubOnePercentAsOnePercent]' passed (0.000 seconds).
Test Case '-[SendmeterCoreTests.TrainingLoadTests testHeatmapAlphaStops]' started.
Test Case '-[SendmeterCoreTests.TrainingLoadTests testHeatmapAlphaStops]' passed (0.003 seconds).
Test Case '-[SendmeterCoreTests.TrainingLoadTests testHeatmapCellFillForHistoricalRecordsResolvesColored]' started.
Test Case '-[SendmeterCoreTests.TrainingLoadTests testHeatmapCellFillForHistoricalRecordsResolvesColored]' passed (0.002 seconds).
Test Case '-[SendmeterCoreTests.TrainingLoadTests testHeatmapCellFillResolvesRestAndFutureToGrey]' started.
Test Case '-[SendmeterCoreTests.TrainingLoadTests testHeatmapCellFillResolvesRestAndFutureToGrey]' passed (0.000 seconds).
Test Case '-[SendmeterCoreTests.TrainingLoadTests testHeatmapCellFillResolvesTrainedDayToColoredFill]' started.
Test Case '-[SendmeterCoreTests.TrainingLoadTests testHeatmapCellFillResolvesTrainedDayToColoredFill]' passed (0.000 seconds).
Test Case '-[SendmeterCoreTests.TrainingLoadTests testHeatmapGridExcludesFutureCellsFromScale]' started.
Test Case '-[SendmeterCoreTests.TrainingLoadTests testHeatmapGridExcludesFutureCellsFromScale]' passed (0.002 seconds).
Test Case '-[SendmeterCoreTests.TrainingLoadTests testHeatmapGridFindsTrainedDayWhenSessionDateArrivesAsTimestamp]' started.
Test Case '-[SendmeterCoreTests.TrainingLoadTests testHeatmapGridFindsTrainedDayWhenSessionDateArrivesAsTimestamp]' passed (0.002 seconds).
Test Case '-[SendmeterCoreTests.TrainingLoadTests testHeatmapGridFindsTrainedDayWhenSessionDateIsLegacyBuddhistDate]' started.
Test Case '-[SendmeterCoreTests.TrainingLoadTests testHeatmapGridFindsTrainedDayWhenSessionDateIsLegacyBuddhistDate]' passed (0.001 seconds).
Test Case '-[SendmeterCoreTests.TrainingLoadTests testHeatmapGridFlagsFutureCells]' started.
Test Case '-[SendmeterCoreTests.TrainingLoadTests testHeatmapGridFlagsFutureCells]' passed (0.002 seconds).
Test Case '-[SendmeterCoreTests.TrainingLoadTests testHeatmapGridIsExactlyWeeksTimesSevenCells]' started.
Test Case '-[SendmeterCoreTests.TrainingLoadTests testHeatmapGridIsExactlyWeeksTimesSevenCells]' passed (0.001 seconds).
Test Case '-[SendmeterCoreTests.TrainingLoadTests testHeatmapGridMaxFloorsToOne]' started.
Test Case '-[SendmeterCoreTests.TrainingLoadTests testHeatmapGridMaxFloorsToOne]' passed (0.001 seconds).
Test Case '-[SendmeterCoreTests.TrainingLoadTests testHeatmapGridReadsDailyTotalsAndDominantType]' started.
Test Case '-[SendmeterCoreTests.TrainingLoadTests testHeatmapGridReadsDailyTotalsAndDominantType]' passed (0.001 seconds).
Test Case '-[SendmeterCoreTests.TrainingLoadTests testHeatmapGridRightmostColumnEndsOnCurrentWeekSaturday]' started.
Test Case '-[SendmeterCoreTests.TrainingLoadTests testHeatmapGridRightmostColumnEndsOnCurrentWeekSaturday]' passed (0.001 seconds).
Test Case '-[SendmeterCoreTests.TrainingLoadTests testHeatmapGridScaleSurvivesLargePastOutlier]' started.
Test Case '-[SendmeterCoreTests.TrainingLoadTests testHeatmapGridScaleSurvivesLargePastOutlier]' passed (0.001 seconds).
Test Case '-[SendmeterCoreTests.TrainingLoadTests testHeatmapHasVisibleLoadIsFalseOnlyForLoadFreeWindows]' started.
Test Case '-[SendmeterCoreTests.TrainingLoadTests testHeatmapHasVisibleLoadIsFalseOnlyForLoadFreeWindows]' passed (0.006 seconds).
Test Case '-[SendmeterCoreTests.TrainingLoadTests testHeatmapLegendTypesMatchRenderedGridNotFullHistory]' started.
Test Case '-[SendmeterCoreTests.TrainingLoadTests testHeatmapLegendTypesMatchRenderedGridNotFullHistory]' passed (0.005 seconds).
Test Case '-[SendmeterCoreTests.TrainingLoadTests testHeatmapLegendTypesPaletteOrderWithUnknownLast]' started.
Test Case '-[SendmeterCoreTests.TrainingLoadTests testHeatmapLegendTypesPaletteOrderWithUnknownLast]' passed (0.001 seconds).
Test Case '-[SendmeterCoreTests.TrainingLoadTests testHeatmapLevelMatchesWebFormula]' started.
Test Case '-[SendmeterCoreTests.TrainingLoadTests testHeatmapLevelMatchesWebFormula]' passed (0.000 seconds).
Test Case '-[SendmeterCoreTests.TrainingLoadTests testHeatmapRangeEndsOnSaturdayOfCurrentWeek]' started.
Test Case '-[SendmeterCoreTests.TrainingLoadTests testHeatmapRangeEndsOnSaturdayOfCurrentWeek]' passed (0.000 seconds).
Test Case '-[SendmeterCoreTests.TrainingLoadTests testProductionFutureSessionDoesNotDimRealData]' started.
Test Case '-[SendmeterCoreTests.TrainingLoadTests testProductionFutureSessionDoesNotDimRealData]' passed (0.005 seconds).
Test Case '-[SendmeterCoreTests.TrainingLoadTests testWeekDeltaNilWhenPriorWeekIsZero]' started.
Test Case '-[SendmeterCoreTests.TrainingLoadTests testWeekDeltaNilWhenPriorWeekIsZero]' passed (0.000 seconds).
Test Case '-[SendmeterCoreTests.TrainingLoadTests testWeekDeltaUpDownAndFlat]' started.
Test Case '-[SendmeterCoreTests.TrainingLoadTests testWeekDeltaUpDownAndFlat]' passed (0.000 seconds).
Test Suite 'TrainingLoadTests' passed at 2569-10-04 11:53:05.006 AM.
	 Executed 40 tests, with 0 failures (0 unexpected) in 0.050 (0.058) seconds
Test Suite 'WatchCompletionTests' started at 2569-10-04 11:53:05.006 AM.
Test Case '-[SendmeterCoreTests.WatchCompletionTests testAccountEpochInvalidatesCompletionContinuationAfterSwitchOrSignOut]' started.
Test Case '-[SendmeterCoreTests.WatchCompletionTests testAccountEpochInvalidatesCompletionContinuationAfterSwitchOrSignOut]' passed (0.002 seconds).
Test Case '-[SendmeterCoreTests.WatchCompletionTests testAdoptionGateRejectsUnstampedLegacyInsteadOfAttributingItToCurrentAccount]' started.
Test Case '-[SendmeterCoreTests.WatchCompletionTests testAdoptionGateRejectsUnstampedLegacyInsteadOfAttributingItToCurrentAccount]' passed (0.003 seconds).
Test Case '-[SendmeterCoreTests.WatchCompletionTests testAdoptionGateRejectsWrongAccountAndClosesConcurrentDuplicateWindow]' started.
Test Case '-[SendmeterCoreTests.WatchCompletionTests testAdoptionGateRejectsWrongAccountAndClosesConcurrentDuplicateWindow]' passed (0.001 seconds).
Test Case '-[SendmeterCoreTests.WatchCompletionTests testDiscardRemovesOnlyDeletedAccountAndPreservesOtherOwnersAndLegacy]' started.
Test Case '-[SendmeterCoreTests.WatchCompletionTests testDiscardRemovesOnlyDeletedAccountAndPreservesOtherOwnersAndLegacy]' passed (0.001 seconds).
Test Case '-[SendmeterCoreTests.WatchCompletionTests testExpiredServerPlaceholderIsBoundedThroughSteadyStateCursorDelta]' started.
Test Case '-[SendmeterCoreTests.WatchCompletionTests testExpiredServerPlaceholderIsBoundedThroughSteadyStateCursorDelta]' passed (0.030 seconds).
Test Case '-[SendmeterCoreTests.WatchCompletionTests testExplicitServerDeltaDeleteReplacesRemotePlaceholder]' started.
Test Case '-[SendmeterCoreTests.WatchCompletionTests testExplicitServerDeltaDeleteReplacesRemotePlaceholder]' passed (0.008 seconds).
Test Case '-[SendmeterCoreTests.WatchCompletionTests testInboxDedupesDirectAndTransferDeliveriesAndAcknowledgesByStableIdentity]' started.
Test Case '-[SendmeterCoreTests.WatchCompletionTests testInboxDedupesDirectAndTransferDeliveriesAndAcknowledgesByStableIdentity]' passed (0.003 seconds).
Test Case '-[SendmeterCoreTests.WatchCompletionTests testInboxExposesOnlyStampedCompletionsToTheirOwnerAndKeepsLegacyUnscoped]' started.
Test Case '-[SendmeterCoreTests.WatchCompletionTests testInboxExposesOnlyStampedCompletionsToTheirOwnerAndKeepsLegacyUnscoped]' passed (0.000 seconds).
Test Case '-[SendmeterCoreTests.WatchCompletionTests testInboxRelaunchModelDedupesPersistedValuesAndKeepsNewestBoundedEntries]' started.
Test Case '-[SendmeterCoreTests.WatchCompletionTests testInboxRelaunchModelDedupesPersistedValuesAndKeepsNewestBoundedEntries]' passed (0.001 seconds).
Test Case '-[SendmeterCoreTests.WatchCompletionTests testLegacyQuarantineDoesNotEvictParkedStampedCompletions]' started.
Test Case '-[SendmeterCoreTests.WatchCompletionTests testLegacyQuarantineDoesNotEvictParkedStampedCompletions]' passed (0.000 seconds).
Test Case '-[SendmeterCoreTests.WatchCompletionTests testPendingServerPlaceholderConvergesThroughAuthoritativeDelta]' started.
Test Case '-[SendmeterCoreTests.WatchCompletionTests testPendingServerPlaceholderConvergesThroughAuthoritativeDelta]' passed (0.018 seconds).
Test Case '-[SendmeterCoreTests.WatchCompletionTests testPendingServerPlaceholderIsVisibleThroughRefreshAndConvergesToAuthoritativeRow]' started.
Test Case '-[SendmeterCoreTests.WatchCompletionTests testPendingServerPlaceholderIsVisibleThroughRefreshAndConvergesToAuthoritativeRow]' passed (0.042 seconds).
Test Case '-[SendmeterCoreTests.WatchCompletionTests testPendingSessionUsesLivePhoneAccountAndAppearsInHistoryTimeline]' started.
Test Case '-[SendmeterCoreTests.WatchCompletionTests testPendingSessionUsesLivePhoneAccountAndAppearsInHistoryTimeline]' passed (0.006 seconds).
Test Case '-[SendmeterCoreTests.WatchCompletionTests testRelaunchBoundsEachStampedOwnerIndependentlyAndPreservesInterleavedOrder]' started.
Test Case '-[SendmeterCoreTests.WatchCompletionTests testRelaunchBoundsEachStampedOwnerIndependentlyAndPreservesInterleavedOrder]' passed (0.001 seconds).
Test Case '-[SendmeterCoreTests.WatchCompletionTests testRelaunchBoundsLegacyQuarantineSeparatelyFromEachStampedOwner]' started.
Test Case '-[SendmeterCoreTests.WatchCompletionTests testRelaunchBoundsLegacyQuarantineSeparatelyFromEachStampedOwner]' passed (0.001 seconds).
Test Case '-[SendmeterCoreTests.WatchCompletionTests testRelaunchKeepsSmallerInterleavedOwnerSetsWhenCombinedCountExceedsLimit]' started.
Test Case '-[SendmeterCoreTests.WatchCompletionTests testRelaunchKeepsSmallerInterleavedOwnerSetsWhenCombinedCountExceedsLimit]' passed (0.000 seconds).
Test Case '-[SendmeterCoreTests.WatchCompletionTests testScopedAcknowledgeCannotRemoveStoredACompletionWithBPayload]' started.
Test Case '-[SendmeterCoreTests.WatchCompletionTests testScopedAcknowledgeCannotRemoveStoredACompletionWithBPayload]' passed (0.001 seconds).
Test Case '-[SendmeterCoreTests.WatchCompletionTests testStampedReplayIsAcceptedAfterOwnerlessLegacyCompletion]' started.
Test Case '-[SendmeterCoreTests.WatchCompletionTests testStampedReplayIsAcceptedAfterOwnerlessLegacyCompletion]' passed (0.003 seconds).
Test Suite 'WatchCompletionTests' passed at 2569-10-04 11:53:05.140 AM.
	 Executed 18 tests, with 0 failures (0 unexpected) in 0.120 (0.135) seconds
Test Suite 'WatchMetadataTests' started at 2569-10-04 11:53:05.141 AM.
Test Case '-[SendmeterCoreTests.WatchMetadataTests testCountsWidenFromDoubleAndRejectNegative]' started.
Test Case '-[SendmeterCoreTests.WatchMetadataTests testCountsWidenFromDoubleAndRejectNegative]' passed (0.000 seconds).
Test Case '-[SendmeterCoreTests.WatchMetadataTests testMissingFieldsParseAsNilNotZero]' started.
Test Case '-[SendmeterCoreTests.WatchMetadataTests testMissingFieldsParseAsNilNotZero]' passed (0.000 seconds).
Test Case '-[SendmeterCoreTests.WatchMetadataTests testParsesWatchShapedMessage]' started.
Test Case '-[SendmeterCoreTests.WatchMetadataTests testParsesWatchShapedMessage]' passed (0.000 seconds).
Test Case '-[SendmeterCoreTests.WatchMetadataTests testWireKeysMatchTheWatchStampedKeys]' started.
Test Case '-[SendmeterCoreTests.WatchMetadataTests testWireKeysMatchTheWatchStampedKeys]' passed (0.000 seconds).
Test Suite 'WatchMetadataTests' passed at 2569-10-04 11:53:05.142 AM.
	 Executed 4 tests, with 0 failures (0 unexpected) in 0.001 (0.002) seconds
Test Suite 'WeatherServiceTests' started at 2569-10-04 11:53:05.142 AM.
Test Case '-[SendmeterWeatherTests.WeatherServiceTests testAutomaticLifecycleRefreshesInsideFreshnessWindowDoNoWork]' started.
Test Case '-[SendmeterWeatherTests.WeatherServiceTests testAutomaticLifecycleRefreshesInsideFreshnessWindowDoNoWork]' passed (0.108 seconds).
Test Case '-[SendmeterWeatherTests.WeatherServiceTests testCurrentSuccessPublishesWhenArchiveFails]' started.
Test Case '-[SendmeterWeatherTests.WeatherServiceTests testCurrentSuccessPublishesWhenArchiveFails]' passed (0.043 seconds).
Test Case '-[SendmeterWeatherTests.WeatherServiceTests testFailedCurrentFetchDoesNotAdvanceFreshness]' started.
Test Case '-[SendmeterWeatherTests.WeatherServiceTests testFailedCurrentFetchDoesNotAdvanceFreshness]' passed (0.007 seconds).
Test Case '-[SendmeterWeatherTests.WeatherServiceTests testManualRefreshBypassesFreshnessWindow]' started.
Test Case '-[SendmeterWeatherTests.WeatherServiceTests testManualRefreshBypassesFreshnessWindow]' passed (0.006 seconds).
Test Case '-[SendmeterWeatherTests.WeatherServiceTests testSuccessfulCurrentClearsFailedAndPersistsSuccessfulFetchTimestamp]' started.
Test Case '-[SendmeterWeatherTests.WeatherServiceTests testSuccessfulCurrentClearsFailedAndPersistsSuccessfulFetchTimestamp]' passed (0.007 seconds).
Test Suite 'WeatherServiceTests' passed at 2569-10-04 11:53:05.315 AM.
	 Executed 5 tests, with 0 failures (0 unexpected) in 0.172 (0.173) seconds
Test Suite 'WorkoutChartAxisWiringTests' started at 2569-10-04 11:53:05.315 AM.
Test Case '-[SendmeterCoreTests.WorkoutChartAxisWiringTests testChartsKeepYAxisGridlines]' started.
Test Case '-[SendmeterCoreTests.WorkoutChartAxisWiringTests testChartsKeepYAxisGridlines]' passed (0.004 seconds).
Test Case '-[SendmeterCoreTests.WorkoutChartAxisWiringTests testEffortChartPinsYAxisToLeadingEdge]' started.
Test Case '-[SendmeterCoreTests.WorkoutChartAxisWiringTests testEffortChartPinsYAxisToLeadingEdge]' passed (0.002 seconds).
Test Case '-[SendmeterCoreTests.WorkoutChartAxisWiringTests testHrChartPinsYAxisToLeadingEdge]' started.
Test Case '-[SendmeterCoreTests.WorkoutChartAxisWiringTests testHrChartPinsYAxisToLeadingEdge]' passed (0.002 seconds).
Test Suite 'WorkoutChartAxisWiringTests' passed at 2569-10-04 11:53:05.324 AM.
	 Executed 3 tests, with 0 failures (0 unexpected) in 0.008 (0.009) seconds
Test Suite 'WorkoutEngineTests' started at 2569-10-04 11:53:05.324 AM.
Test Case '-[SendmeterCoreTests.WorkoutEngineTests testFinishedWorkoutRejectsASecondEnd]' started.
Test Case '-[SendmeterCoreTests.WorkoutEngineTests testFinishedWorkoutRejectsASecondEnd]' passed (0.001 seconds).
Test Case '-[SendmeterCoreTests.WorkoutEngineTests testRoutineNaturalAdvanceCarriesWallClockOverflowAcrossMultipleStages]' started.
Test Case '-[SendmeterCoreTests.WorkoutEngineTests testRoutineNaturalAdvanceCarriesWallClockOverflowAcrossMultipleStages]' passed (0.000 seconds).
Test Case '-[SendmeterCoreTests.WorkoutEngineTests testRoutineScheduleExpandsRepetitionsAndRests]' started.
Test Case '-[SendmeterCoreTests.WorkoutEngineTests testRoutineScheduleExpandsRepetitionsAndRests]' passed (0.000 seconds).
Test Case '-[SendmeterCoreTests.WorkoutEngineTests testRoutineSkipWhilePausedKeepsTheNextStagePaused]' started.
Test Case '-[SendmeterCoreTests.WorkoutEngineTests testRoutineSkipWhilePausedKeepsTheNextStagePaused]' passed (0.000 seconds).
Test Case '-[SendmeterCoreTests.WorkoutEngineTests testRoutineStepDecodesSharedTypeScriptJSONShape]' started.
Test Case '-[SendmeterCoreTests.WorkoutEngineTests testRoutineStepDecodesSharedTypeScriptJSONShape]' passed (0.000 seconds).
Test Case '-[SendmeterCoreTests.WorkoutEngineTests testWorkoutRejectsDoubleStartAndEmptyFinish]' started.
Test Case '-[SendmeterCoreTests.WorkoutEngineTests testWorkoutRejectsDoubleStartAndEmptyFinish]' passed (0.000 seconds).
Test Case '-[SendmeterCoreTests.WorkoutEngineTests testWorkoutUsesStableIDsAndFinishesRunningAttempt]' started.
Test Case '-[SendmeterCoreTests.WorkoutEngineTests testWorkoutUsesStableIDsAndFinishesRunningAttempt]' passed (0.000 seconds).
Test Suite 'WorkoutEngineTests' passed at 2569-10-04 11:53:05.328 AM.
	 Executed 7 tests, with 0 failures (0 unexpected) in 0.003 (0.004) seconds
Test Suite 'WorkoutRawTraceTests' started at 2569-10-04 11:53:05.328 AM.
Test Case '-[SendmeterCoreTests.WorkoutRawTraceTests testAttemptWindowsPlaceOnTraceSeconds]' started.
Test Case '-[SendmeterCoreTests.WorkoutRawTraceTests testAttemptWindowsPlaceOnTraceSeconds]' passed (0.000 seconds).
Test Case '-[SendmeterCoreTests.WorkoutRawTraceTests testChartNeedsAtLeastTwoValidSamples]' started.
Test Case '-[SendmeterCoreTests.WorkoutRawTraceTests testChartNeedsAtLeastTwoValidSamples]' passed (0.001 seconds).
Test Case '-[SendmeterCoreTests.WorkoutRawTraceTests testDownsampleDecimatesUniformlyKeepingEndpoints]' started.
Test Case '-[SendmeterCoreTests.WorkoutRawTraceTests testDownsampleDecimatesUniformlyKeepingEndpoints]' passed (0.000 seconds).
Test Case '-[SendmeterCoreTests.WorkoutRawTraceTests testDownsampleKeepsUnderCapUntouched]' started.
Test Case '-[SendmeterCoreTests.WorkoutRawTraceTests testDownsampleKeepsUnderCapUntouched]' passed (0.000 seconds).
Test Case '-[SendmeterCoreTests.WorkoutRawTraceTests testDownsampleRunsBoundedByCap]' started.
Test Case '-[SendmeterCoreTests.WorkoutRawTraceTests testDownsampleRunsBoundedByCap]' passed (0.002 seconds).
Test Case '-[SendmeterCoreTests.WorkoutRawTraceTests testDownsampleRunsSplitsThenBoundsPerRun]' started.
Test Case '-[SendmeterCoreTests.WorkoutRawTraceTests testDownsampleRunsSplitsThenBoundsPerRun]' passed (0.001 seconds).
Test Case '-[SendmeterCoreTests.WorkoutRawTraceTests testEmptyRawYieldsEmptySeries]' started.
Test Case '-[SendmeterCoreTests.WorkoutRawTraceTests testEmptyRawYieldsEmptySeries]' passed (0.000 seconds).
Test Case '-[SendmeterCoreTests.WorkoutRawTraceTests testExtraElementsBeyondTheFourthAreIgnored]' started.
Test Case '-[SendmeterCoreTests.WorkoutRawTraceTests testExtraElementsBeyondTheFourthAreIgnored]' passed (0.000 seconds).
Test Case '-[SendmeterCoreTests.WorkoutRawTraceTests testFmtMinSec]' started.
Test Case '-[SendmeterCoreTests.WorkoutRawTraceTests testFmtMinSec]' passed (0.000 seconds).
Test Case '-[SendmeterCoreTests.WorkoutRawTraceTests testHeartRateIsMappedVerbatimWithoutAPlausibilityClamp]' started.
Test Case '-[SendmeterCoreTests.WorkoutRawTraceTests testHeartRateIsMappedVerbatimWithoutAPlausibilityClamp]' passed (0.000 seconds).
Test Case '-[SendmeterCoreTests.WorkoutRawTraceTests testHrRunsEmptyWhenNoHr]' started.
Test Case '-[SendmeterCoreTests.WorkoutRawTraceTests testHrRunsEmptyWhenNoHr]' passed (0.000 seconds).
Test Case '-[SendmeterCoreTests.WorkoutRawTraceTests testHrRunsKeepsSingleSampleRun]' started.
Test Case '-[SendmeterCoreTests.WorkoutRawTraceTests testHrRunsKeepsSingleSampleRun]' passed (0.000 seconds).
Test Case '-[SendmeterCoreTests.WorkoutRawTraceTests testHrRunsKeepsTrailingAndLeadingGaps]' started.
Test Case '-[SendmeterCoreTests.WorkoutRawTraceTests testHrRunsKeepsTrailingAndLeadingGaps]' passed (0.000 seconds).
Test Case '-[SendmeterCoreTests.WorkoutRawTraceTests testHrRunsSplitsAtNilGaps]' started.
Test Case '-[SendmeterCoreTests.WorkoutRawTraceTests testHrRunsSplitsAtNilGaps]' passed (0.000 seconds).
Test Case '-[SendmeterCoreTests.WorkoutRawTraceTests testNegativeOrNonFiniteTimeIsDropped]' started.
Test Case '-[SendmeterCoreTests.WorkoutRawTraceTests testNegativeOrNonFiniteTimeIsDropped]' passed (0.000 seconds).
Test Case '-[SendmeterCoreTests.WorkoutRawTraceTests testNilRawYieldsEmptySeries]' started.
Test Case '-[SendmeterCoreTests.WorkoutRawTraceTests testNilRawYieldsEmptySeries]' passed (0.000 seconds).
Test Case '-[SendmeterCoreTests.WorkoutRawTraceTests testNonFiniteHeartRateBecomesAGap]' started.
Test Case '-[SendmeterCoreTests.WorkoutRawTraceTests testNonFiniteHeartRateBecomesAGap]' passed (0.000 seconds).
Test Case '-[SendmeterCoreTests.WorkoutRawTraceTests testNullHrStaysAGap]' started.
Test Case '-[SendmeterCoreTests.WorkoutRawTraceTests testNullHrStaysAGap]' passed (0.000 seconds).
Test Case '-[SendmeterCoreTests.WorkoutRawTraceTests testSelectedSampleIgnoresEmptyRunsAndNonFiniteTime]' started.
Test Case '-[SendmeterCoreTests.WorkoutRawTraceTests testSelectedSampleIgnoresEmptyRunsAndNonFiniteTime]' passed (0.000 seconds).
Test Case '-[SendmeterCoreTests.WorkoutRawTraceTests testSelectedSampleNeverCrossesAGap]' started.
Test Case '-[SendmeterCoreTests.WorkoutRawTraceTests testSelectedSampleNeverCrossesAGap]' passed (0.000 seconds).
Test Case '-[SendmeterCoreTests.WorkoutRawTraceTests testSelectedSampleStaysInsideItsRun]' started.
Test Case '-[SendmeterCoreTests.WorkoutRawTraceTests testSelectedSampleStaysInsideItsRun]' passed (0.000 seconds).
Test Case '-[SendmeterCoreTests.WorkoutRawTraceTests testShortEntriesAreDropped]' started.
Test Case '-[SendmeterCoreTests.WorkoutRawTraceTests testShortEntriesAreDropped]' passed (0.000 seconds).
Test Case '-[SendmeterCoreTests.WorkoutRawTraceTests testTimeMaxDrivenByAttemptEnd]' started.
Test Case '-[SendmeterCoreTests.WorkoutRawTraceTests testTimeMaxDrivenByAttemptEnd]' passed (0.000 seconds).
Test Case '-[SendmeterCoreTests.WorkoutRawTraceTests testTimeMaxDrivenByTraceEnd]' started.
Test Case '-[SendmeterCoreTests.WorkoutRawTraceTests testTimeMaxDrivenByTraceEnd]' passed (0.000 seconds).
Test Case '-[SendmeterCoreTests.WorkoutRawTraceTests testTimeMaxFallsBackToWorkoutDuration]' started.
Test Case '-[SendmeterCoreTests.WorkoutRawTraceTests testTimeMaxFallsBackToWorkoutDuration]' passed (0.000 seconds).
Test Case '-[SendmeterCoreTests.WorkoutRawTraceTests testTimeMaxNeverBelowOne]' started.
Test Case '-[SendmeterCoreTests.WorkoutRawTraceTests testTimeMaxNeverBelowOne]' passed (0.000 seconds).
Test Case '-[SendmeterCoreTests.WorkoutRawTraceTests testTimeMaxTakesTheLaterOfTraceAndAttempts]' started.
Test Case '-[SendmeterCoreTests.WorkoutRawTraceTests testTimeMaxTakesTheLaterOfTraceAndAttempts]' passed (0.000 seconds).
Test Case '-[SendmeterCoreTests.WorkoutRawTraceTests testValidTraceKeepsShapeAndOrder]' started.
Test Case '-[SendmeterCoreTests.WorkoutRawTraceTests testValidTraceKeepsShapeAndOrder]' passed (0.000 seconds).
Test Case '-[SendmeterCoreTests.WorkoutRawTraceTests testXTicksSpanTheDomain]' started.
Test Case '-[SendmeterCoreTests.WorkoutRawTraceTests testXTicksSpanTheDomain]' passed (0.000 seconds).
Test Suite 'WorkoutRawTraceTests' passed at 2569-10-04 11:53:05.343 AM.
	 Executed 29 tests, with 0 failures (0 unexpected) in 0.011 (0.015) seconds
Test Suite 'WorkoutStatsTests' started at 2569-10-04 11:53:05.343 AM.
Test Case '-[SendmeterCoreTests.WorkoutStatsTests testAveragesAcrossAttempts]' started.
Test Case '-[SendmeterCoreTests.WorkoutStatsTests testAveragesAcrossAttempts]' passed (0.000 seconds).
Test Case '-[SendmeterCoreTests.WorkoutStatsTests testAveragesHrAtEndMinusLowWithinWindow]' started.
Test Case '-[SendmeterCoreTests.WorkoutStatsTests testAveragesHrAtEndMinusLowWithinWindow]' passed (0.000 seconds).
Test Case '-[SendmeterCoreTests.WorkoutStatsTests testIgnoresGapsInTheWindow]' started.
Test Case '-[SendmeterCoreTests.WorkoutStatsTests testIgnoresGapsInTheWindow]' passed (0.000 seconds).
Test Case '-[SendmeterCoreTests.WorkoutStatsTests testNilWhenNoPositiveDrop]' started.
Test Case '-[SendmeterCoreTests.WorkoutStatsTests testNilWhenNoPositiveDrop]' passed (0.000 seconds).
Test Case '-[SendmeterCoreTests.WorkoutStatsTests testReturnsNilWithNoUsableHr]' started.
Test Case '-[SendmeterCoreTests.WorkoutStatsTests testReturnsNilWithNoUsableHr]' passed (0.000 seconds).
Test Case '-[SendmeterCoreTests.WorkoutStatsTests testUsesTenSecondLookaheadForHrAtEnd]' started.
Test Case '-[SendmeterCoreTests.WorkoutStatsTests testUsesTenSecondLookaheadForHrAtEnd]' passed (0.000 seconds).
Test Suite 'WorkoutStatsTests' passed at 2569-10-04 11:53:05.345 AM.
	 Executed 6 tests, with 0 failures (0 unexpected) in 0.002 (0.002) seconds
Test Suite 'WorkspaceSyncCoordinatorTests' started at 2569-10-04 11:53:05.345 AM.
Test Case '-[SendmeterCoreTests.WorkspaceSyncCoordinatorTests testACacheWriteFailureIsReportedAtTheBoundaryAndDoesNotAbortThePass]' started.
Test Case '-[SendmeterCoreTests.WorkspaceSyncCoordinatorTests testACacheWriteFailureIsReportedAtTheBoundaryAndDoesNotAbortThePass]' passed (0.001 seconds).
Test Case '-[SendmeterCoreTests.WorkspaceSyncCoordinatorTests testACancelledPassIsNotAVerdict]' started.
Test Case '-[SendmeterCoreTests.WorkspaceSyncCoordinatorTests testACancelledPassIsNotAVerdict]' passed (0.001 seconds).
Test Case '-[SendmeterCoreTests.WorkspaceSyncCoordinatorTests testAFullReconcileKeepsAPendingLocalRowTheServerDidNotCarry]' started.
Test Case '-[SendmeterCoreTests.WorkspaceSyncCoordinatorTests testAFullReconcileKeepsAPendingLocalRowTheServerDidNotCarry]' passed (0.007 seconds).
Test Case '-[SendmeterCoreTests.WorkspaceSyncCoordinatorTests testAHealthyStoreReportsNoFailure]' started.
Test Case '-[SendmeterCoreTests.WorkspaceSyncCoordinatorTests testAHealthyStoreReportsNoFailure]' passed (0.000 seconds).
Test Case '-[SendmeterCoreTests.WorkspaceSyncCoordinatorTests testAnAccountSwitchBetweenFetchAndReconcileWritesNothing]' started.
Test Case '-[SendmeterCoreTests.WorkspaceSyncCoordinatorTests testAnAccountSwitchBetweenFetchAndReconcileWritesNothing]' passed (0.000 seconds).
Test Case '-[SendmeterCoreTests.WorkspaceSyncCoordinatorTests testAnEmptyCachePlansAFullFirstSyncForEveryEntityAndRecordsThePurgeGeneration]' started.
Test Case '-[SendmeterCoreTests.WorkspaceSyncCoordinatorTests testAnEmptyCachePlansAFullFirstSyncForEveryEntityAndRecordsThePurgeGeneration]' passed (0.000 seconds).
Test Case '-[SendmeterCoreTests.WorkspaceSyncCoordinatorTests testAnUnreadableCacheDegradesACursorBoundedSliceToOneFullNetworkPage]' started.
Test Case '-[SendmeterCoreTests.WorkspaceSyncCoordinatorTests testAnUnreadableCacheDegradesACursorBoundedSliceToOneFullNetworkPage]' passed (0.000 seconds).
Test Case '-[SendmeterCoreTests.WorkspaceSyncCoordinatorTests testAnUnreadableCursorDegradesToTheFirstSyncPageAndIsReported]' started.
Test Case '-[SendmeterCoreTests.WorkspaceSyncCoordinatorTests testAnUnreadableCursorDegradesToTheFirstSyncPageAndIsReported]' passed (0.000 seconds).
Test Case '-[SendmeterCoreTests.WorkspaceSyncCoordinatorTests testAnUnreadablePurgeMarkerFailsClosedAndIsReported]' started.
Test Case '-[SendmeterCoreTests.WorkspaceSyncCoordinatorTests testAnUnreadablePurgeMarkerFailsClosedAndIsReported]' passed (0.000 seconds).
Test Case '-[SendmeterCoreTests.WorkspaceSyncCoordinatorTests testAPartialFailurePublishesOnlyGroupsWhoseEverySliceSucceeded]' started.
Test Case '-[SendmeterCoreTests.WorkspaceSyncCoordinatorTests testAPartialFailurePublishesOnlyGroupsWhoseEverySliceSucceeded]' passed (0.000 seconds).
Test Case '-[SendmeterCoreTests.WorkspaceSyncCoordinatorTests testAPassWhoseEverySliceFailedPublishesNothingAndIsNotAFullRefresh]' started.
Test Case '-[SendmeterCoreTests.WorkspaceSyncCoordinatorTests testAPassWhoseEverySliceFailedPublishesNothingAndIsNotAFullRefresh]' passed (0.000 seconds).
Test Case '-[SendmeterCoreTests.WorkspaceSyncCoordinatorTests testAPurgeMismatchForcesOnlyTheTwoHardDeleteBackedEntitiesToFullReconcile]' started.
Test Case '-[SendmeterCoreTests.WorkspaceSyncCoordinatorTests testAPurgeMismatchForcesOnlyTheTwoHardDeleteBackedEntitiesToFullReconcile]' passed (0.000 seconds).
Test Case '-[SendmeterCoreTests.WorkspaceSyncCoordinatorTests testAReconcileThatLosesItsAccountBeforeThePublicationReadPublishesNothing]' started.
Test Case '-[SendmeterCoreTests.WorkspaceSyncCoordinatorTests testAReconcileThatLosesItsAccountBeforeThePublicationReadPublishesNothing]' passed (0.001 seconds).
Test Case '-[SendmeterCoreTests.WorkspaceSyncCoordinatorTests testASliceWithNoCursorReconcilesAsAFullSnapshotAndPublishesTheRealStoreRead]' started.
Test Case '-[SendmeterCoreTests.WorkspaceSyncCoordinatorTests testASliceWithNoCursorReconcilesAsAFullSnapshotAndPublishesTheRealStoreRead]' passed (0.001 seconds).
Test Case '-[SendmeterCoreTests.WorkspaceSyncCoordinatorTests testASliceWithoutACacheStillPublishesItsFetchedPage]' started.
Test Case '-[SendmeterCoreTests.WorkspaceSyncCoordinatorTests testASliceWithoutACacheStillPublishesItsFetchedPage]' passed (0.000 seconds).
Test Case '-[SendmeterCoreTests.WorkspaceSyncCoordinatorTests testASuccessfulPassPlansTheHydratedCursorsAndReconcilesBoundedDeltas]' started.
Test Case '-[SendmeterCoreTests.WorkspaceSyncCoordinatorTests testASuccessfulPassPlansTheHydratedCursorsAndReconcilesBoundedDeltas]' passed (0.000 seconds).
Test Case '-[SendmeterCoreTests.WorkspaceSyncCoordinatorTests testOnlyTheGroupsWhoseSlicesWereReportedCanPublish]' started.
Test Case '-[SendmeterCoreTests.WorkspaceSyncCoordinatorTests testOnlyTheGroupsWhoseSlicesWereReportedCanPublish]' passed (0.000 seconds).
Test Case '-[SendmeterCoreTests.WorkspaceSyncCoordinatorTests testTheCoordinatorReconcilesThroughTheOneAccountScopedStore]' started.
Test Case '-[SendmeterCoreTests.WorkspaceSyncCoordinatorTests testTheCoordinatorReconcilesThroughTheOneAccountScopedStore]' passed (0.008 seconds).
Test Case '-[SendmeterCoreTests.WorkspaceSyncCoordinatorTests testTheOptionalPurgeEndpointReportsFailureAsData]' started.
Test Case '-[SendmeterCoreTests.WorkspaceSyncCoordinatorTests testTheOptionalPurgeEndpointReportsFailureAsData]' passed (0.001 seconds).
Test Suite 'WorkspaceSyncCoordinatorTests' passed at 2569-10-04 11:53:05.371 AM.
	 Executed 19 tests, with 0 failures (0 unexpected) in 0.023 (0.026) seconds
Test Suite 'ZoneIntensityTests' started at 2569-10-04 11:53:05.371 AM.
Test Case '-[SendmeterCoreTests.ZoneIntensityTests test100PercentIsAnExactNoOpForEveryZone]' started.
Test Case '-[SendmeterCoreTests.ZoneIntensityTests test100PercentIsAnExactNoOpForEveryZone]' passed (0.000 seconds).
Test Case '-[SendmeterCoreTests.ZoneIntensityTests testAdjustedEnduranceClampsHoldTo20Through240Seconds]' started.
Test Case '-[SendmeterCoreTests.ZoneIntensityTests testAdjustedEnduranceClampsHoldTo20Through240Seconds]' passed (0.001 seconds).
Test Case '-[SendmeterCoreTests.ZoneIntensityTests testClampsInputPercentToTheZoneDialRange]' started.
Test Case '-[SendmeterCoreTests.ZoneIntensityTests testClampsInputPercentToTheZoneDialRange]' passed (0.000 seconds).
Test Case '-[SendmeterCoreTests.ZoneIntensityTests testEndurance100ReturnsTheFlippedOneByEightShape]' started.
Test Case '-[SendmeterCoreTests.ZoneIntensityTests testEndurance100ReturnsTheFlippedOneByEightShape]' passed (0.000 seconds).
Test Case '-[SendmeterCoreTests.ZoneIntensityTests testEnduranceKeepsTUTConstantAndSetsShrinkToCompensate]' started.
Test Case '-[SendmeterCoreTests.ZoneIntensityTests testEnduranceKeepsTUTConstantAndSetsShrinkToCompensate]' passed (0.000 seconds).
Test Case '-[SendmeterCoreTests.ZoneIntensityTests testForceCurveEngineResolvesZonePresetBandFromReferences]' started.
Test Case '-[SendmeterCoreTests.ZoneIntensityTests testForceCurveEngineResolvesZonePresetBandFromReferences]' passed (0.000 seconds).
Test Case '-[SendmeterCoreTests.ZoneIntensityTests testForceCurveEngineReturnsNilForUnusableZoneReference]' started.
Test Case '-[SendmeterCoreTests.ZoneIntensityTests testForceCurveEngineReturnsNilForUnusableZoneReference]' passed (0.000 seconds).
Test Case '-[SendmeterCoreTests.ZoneIntensityTests testHoldClampsAtZoneMaxWhenScaledTargetDropsToOrBelowCF]' started.
Test Case '-[SendmeterCoreTests.ZoneIntensityTests testHoldClampsAtZoneMaxWhenScaledTargetDropsToOrBelowCF]' passed (0.000 seconds).
Test Case '-[SendmeterCoreTests.ZoneIntensityTests testHoldFallsBackToImpulseFormulaWithoutCFFit]' started.
Test Case '-[SendmeterCoreTests.ZoneIntensityTests testHoldFallsBackToImpulseFormulaWithoutCFFit]' passed (0.001 seconds).
Test Case '-[SendmeterCoreTests.ZoneIntensityTests testPower100MatchesLockedPrototypeBand]' started.
Test Case '-[SendmeterCoreTests.ZoneIntensityTests testPower100MatchesLockedPrototypeBand]' passed (0.000 seconds).
Test Case '-[SendmeterCoreTests.ZoneIntensityTests testPower110ShortensTheFiveSecondBaseHold]' started.
Test Case '-[SendmeterCoreTests.ZoneIntensityTests testPower110ShortensTheFiveSecondBaseHold]' passed (0.001 seconds).
Test Case '-[SendmeterCoreTests.ZoneIntensityTests testPower85MatchesLockedPrototypeScaledBandAndHold]' started.
Test Case '-[SendmeterCoreTests.ZoneIntensityTests testPower85MatchesLockedPrototypeScaledBandAndHold]' passed (0.000 seconds).
Test Case '-[SendmeterCoreTests.ZoneIntensityTests testPowerEndurance110ShortensTheSevenSecondBaseHold]' started.
Test Case '-[SendmeterCoreTests.ZoneIntensityTests testPowerEndurance110ShortensTheSevenSecondBaseHold]' passed (0.000 seconds).
Test Case '-[SendmeterCoreTests.ZoneIntensityTests testPowerEnduranceFloorEngagesUnderTightMargin]' started.
Test Case '-[SendmeterCoreTests.ZoneIntensityTests testPowerEnduranceFloorEngagesUnderTightMargin]' passed (0.000 seconds).
Test Case '-[SendmeterCoreTests.ZoneIntensityTests testPowerFloorEngagesWhenWPrimeCostMathWouldGoLower]' started.
Test Case '-[SendmeterCoreTests.ZoneIntensityTests testPowerFloorEngagesWhenWPrimeCostMathWouldGoLower]' passed (0.000 seconds).
Test Case '-[SendmeterCoreTests.ZoneIntensityTests testPowerKilogramsScaleLinearlyWithPercent]' started.
Test Case '-[SendmeterCoreTests.ZoneIntensityTests testPowerKilogramsScaleLinearlyWithPercent]' passed (0.000 seconds).
Test Case '-[SendmeterCoreTests.ZoneIntensityTests testStrength110ShortensTheTenSecondBaseHold]' started.
Test Case '-[SendmeterCoreTests.ZoneIntensityTests testStrength110ShortensTheTenSecondBaseHold]' passed (0.000 seconds).
Test Case '-[SendmeterCoreTests.ZoneIntensityTests testStrengthFloorEngagesUnderTightMargin]' started.
Test Case '-[SendmeterCoreTests.ZoneIntensityTests testStrengthFloorEngagesUnderTightMargin]' passed (0.000 seconds).
Test Case '-[SendmeterCoreTests.ZoneIntensityTests testStrengthHoldAtReducedIntensityMatchesWPrimeCostInvariant]' started.
Test Case '-[SendmeterCoreTests.ZoneIntensityTests testStrengthHoldAtReducedIntensityMatchesWPrimeCostInvariant]' passed (0.000 seconds).
Test Case '-[SendmeterCoreTests.ZoneIntensityTests testZonePresetAdjustsHoldAndSetsWithIntensity]' started.
Test Case '-[SendmeterCoreTests.ZoneIntensityTests testZonePresetAdjustsHoldAndSetsWithIntensity]' passed (0.000 seconds).
Test Case '-[SendmeterCoreTests.ZoneIntensityTests testZonePresetAt100KeepsProtocolTimingAndCarriesZoneFields]' started.
Test Case '-[SendmeterCoreTests.ZoneIntensityTests testZonePresetAt100KeepsProtocolTimingAndCarriesZoneFields]' passed (0.000 seconds).
Test Case '-[SendmeterCoreTests.ZoneIntensityTests testZoneTargetReturnsNilWhenTheQualityReferenceIsUnusable]' started.
Test Case '-[SendmeterCoreTests.ZoneIntensityTests testZoneTargetReturnsNilWhenTheQualityReferenceIsUnusable]' passed (0.000 seconds).
Test Suite 'ZoneIntensityTests' passed at 2569-10-04 11:53:05.383 AM.
	 Executed 22 tests, with 0 failures (0 unexpected) in 0.008 (0.012) seconds
Test Suite 'ZoneMixTests' started at 2569-10-04 11:53:05.383 AM.
Test Case '-[SendmeterCoreTests.ZoneMixTests testClassifyZoneBucketsByHoldLength]' started.
Test Case '-[SendmeterCoreTests.ZoneMixTests testClassifyZoneBucketsByHoldLength]' passed (0.000 seconds).
Test Case '-[SendmeterCoreTests.ZoneMixTests testClassifyZoneLoadedMirrorsWebLoadAwareThresholds]' started.
Test Case '-[SendmeterCoreTests.ZoneMixTests testClassifyZoneLoadedMirrorsWebLoadAwareThresholds]' passed (0.000 seconds).
Test Case '-[SendmeterCoreTests.ZoneMixTests testClassifyZoneRejectsSubSecondBlips]' started.
Test Case '-[SendmeterCoreTests.ZoneMixTests testClassifyZoneRejectsSubSecondBlips]' passed (0.000 seconds).
Test Case '-[SendmeterCoreTests.ZoneMixTests testCurveFitCandidateExcludesRecoveredBlobButPRKeepsItsPeak]' started.
Test Case '-[SendmeterCoreTests.ZoneMixTests testCurveFitCandidateExcludesRecoveredBlobButPRKeepsItsPeak]' passed (0.000 seconds).
Test Case '-[SendmeterCoreTests.ZoneMixTests testDominantZoneBreaksTiesDeterministically]' started.
Test Case '-[SendmeterCoreTests.ZoneMixTests testDominantZoneBreaksTiesDeterministically]' passed (0.000 seconds).
Test Case '-[SendmeterCoreTests.ZoneMixTests testDominantZoneIsNilWhenAllZonesEmpty]' started.
Test Case '-[SendmeterCoreTests.ZoneMixTests testDominantZoneIsNilWhenAllZonesEmpty]' passed (0.000 seconds).
Test Case '-[SendmeterCoreTests.ZoneMixTests testDominantZonePicksHighestSetCount]' started.
Test Case '-[SendmeterCoreTests.ZoneMixTests testDominantZonePicksHighestSetCount]' passed (0.000 seconds).
Test Case '-[SendmeterCoreTests.ZoneMixTests testIsEffortRecordingExcludesMaintenanceZones]' started.
Test Case '-[SendmeterCoreTests.ZoneMixTests testIsEffortRecordingExcludesMaintenanceZones]' passed (0.000 seconds).
Test Case '-[SendmeterCoreTests.ZoneMixTests testIsRecoveredRecordingRequiresConjunction]' started.
Test Case '-[SendmeterCoreTests.ZoneMixTests testIsRecoveredRecordingRequiresConjunction]' passed (0.000 seconds).
Test Case '-[SendmeterCoreTests.ZoneMixTests testMaintenancePresetOnlyForMaintenanceZones]' started.
Test Case '-[SendmeterCoreTests.ZoneMixTests testMaintenancePresetOnlyForMaintenanceZones]' passed (0.000 seconds).
Test Case '-[SendmeterCoreTests.ZoneMixTests testMaintenancePresetPrehabFallsBackToMaxFWhenNoCF]' started.
Test Case '-[SendmeterCoreTests.ZoneMixTests testMaintenancePresetPrehabFallsBackToMaxFWhenNoCF]' passed (0.000 seconds).
Test Case '-[SendmeterCoreTests.ZoneMixTests testMaintenancePresetPrehabGatesOnUsableReference]' started.
Test Case '-[SendmeterCoreTests.ZoneMixTests testMaintenancePresetPrehabGatesOnUsableReference]' passed (0.000 seconds).
Test Case '-[SendmeterCoreTests.ZoneMixTests testMaintenancePresetPrehabMatchesWebProtocol]' started.
Test Case '-[SendmeterCoreTests.ZoneMixTests testMaintenancePresetPrehabMatchesWebProtocol]' passed (0.000 seconds).
Test Case '-[SendmeterCoreTests.ZoneMixTests testMaintenancePresetWarmupGatesOnUsablePR]' started.
Test Case '-[SendmeterCoreTests.ZoneMixTests testMaintenancePresetWarmupGatesOnUsablePR]' passed (0.000 seconds).
Test Case '-[SendmeterCoreTests.ZoneMixTests testMaintenancePresetWarmupMatchesWebProtocol]' started.
Test Case '-[SendmeterCoreTests.ZoneMixTests testMaintenancePresetWarmupMatchesWebProtocol]' passed (0.000 seconds).
Test Case '-[SendmeterCoreTests.ZoneMixTests testMaintenanceZonesAreExcluded]' started.
Test Case '-[SendmeterCoreTests.ZoneMixTests testMaintenanceZonesAreExcluded]' passed (0.000 seconds).
Test Case '-[SendmeterCoreTests.ZoneMixTests testMovementPresetIsReverseActionStarter]' started.
Test Case '-[SendmeterCoreTests.ZoneMixTests testMovementPresetIsReverseActionStarter]' passed (0.000 seconds).
Test Case '-[SendmeterCoreTests.ZoneMixTests testNativeCapacityZoneReadsAsEndurance]' started.
Test Case '-[SendmeterCoreTests.ZoneMixTests testNativeCapacityZoneReadsAsEndurance]' passed (0.000 seconds).
Test Case '-[SendmeterCoreTests.ZoneMixTests testPerformedQualityUsesHoldForRequestedSet]' started.
Test Case '-[SendmeterCoreTests.ZoneMixTests testPerformedQualityUsesHoldForRequestedSet]' passed (0.000 seconds).
Test Case '-[SendmeterCoreTests.ZoneMixTests testPerformedQualityUsesSetHoldAndResolvedTarget]' started.
Test Case '-[SendmeterCoreTests.ZoneMixTests testPerformedQualityUsesSetHoldAndResolvedTarget]' passed (0.000 seconds).
Test Case '-[SendmeterCoreTests.ZoneMixTests testPrehabTargetKilogramsWebFallback]' started.
Test Case '-[SendmeterCoreTests.ZoneMixTests testPrehabTargetKilogramsWebFallback]' passed (0.000 seconds).
Test Case '-[SendmeterCoreTests.ZoneMixTests testRecordedZoneWinsOverDuration]' started.
Test Case '-[SendmeterCoreTests.ZoneMixTests testRecordedZoneWinsOverDuration]' passed (0.000 seconds).
Test Case '-[SendmeterCoreTests.ZoneMixTests testRecordingZoneFreeHasNoPresetOrDefaultFallback]' started.
Test Case '-[SendmeterCoreTests.ZoneMixTests testRecordingZoneFreeHasNoPresetOrDefaultFallback]' passed (0.000 seconds).
Test Case '-[SendmeterCoreTests.ZoneMixTests testRecordingZoneMovementIsDurationOnlyWithoutStaticRefs]' started.
Test Case '-[SendmeterCoreTests.ZoneMixTests testRecordingZoneMovementIsDurationOnlyWithoutStaticRefs]' passed (0.000 seconds).
Test Case '-[SendmeterCoreTests.ZoneMixTests testRecordingZoneReverseActionUsesResolvedTargetLikeWeb]' started.
Test Case '-[SendmeterCoreTests.ZoneMixTests testRecordingZoneReverseActionUsesResolvedTargetLikeWeb]' passed (0.000 seconds).
Test Case '-[SendmeterCoreTests.ZoneMixTests testRecordingZoneSavedPresetFollowsPerformedQuality]' started.
Test Case '-[SendmeterCoreTests.ZoneMixTests testRecordingZoneSavedPresetFollowsPerformedQuality]' passed (0.000 seconds).
Test Case '-[SendmeterCoreTests.ZoneMixTests testRecordingZoneSuggestedMaintenanceKeepsMaintenanceZone]' started.
Test Case '-[SendmeterCoreTests.ZoneMixTests testRecordingZoneSuggestedMaintenanceKeepsMaintenanceZone]' passed (0.000 seconds).
Test Case '-[SendmeterCoreTests.ZoneMixTests testRecordingZoneSuggestedZoneFollowsQuality]' started.
Test Case '-[SendmeterCoreTests.ZoneMixTests testRecordingZoneSuggestedZoneFollowsQuality]' passed (0.000 seconds).
Test Case '-[SendmeterCoreTests.ZoneMixTests testUnrecordedZoneIsInferredFromDuration]' started.
Test Case '-[SendmeterCoreTests.ZoneMixTests testUnrecordedZoneIsInferredFromDuration]' passed (0.000 seconds).
Test Case '-[SendmeterCoreTests.ZoneMixTests testZoneSetDurationSecondsUsesProtocolReps]' started.
Test Case '-[SendmeterCoreTests.ZoneMixTests testZoneSetDurationSecondsUsesProtocolReps]' passed (0.000 seconds).
Test Case '-[SendmeterCoreTests.ZoneMixTests testZoneSetsExcludesMaintenanceRecordings]' started.
Test Case '-[SendmeterCoreTests.ZoneMixTests testZoneSetsExcludesMaintenanceRecordings]' passed (0.000 seconds).
Test Case '-[SendmeterCoreTests.ZoneMixTests testZoneSetsNormaliseByProtocolSetDuration]' started.
Test Case '-[SendmeterCoreTests.ZoneMixTests testZoneSetsNormaliseByProtocolSetDuration]' passed (0.000 seconds).
Test Suite 'ZoneMixTests' passed at 2569-10-04 11:53:05.397 AM.
	 Executed 32 tests, with 0 failures (0 unexpected) in 0.009 (0.013) seconds
Test Suite 'SendmeterNativePackageTests.xctest' passed at 2569-10-04 11:53:05.397 AM.
	 Executed 1498 tests, with 0 failures (0 unexpected) in 81.667 (81.915) seconds
Test Suite 'All tests' passed at 2569-10-04 11:53:05.397 AM.
	 Executed 1498 tests, with 0 failures (0 unexpected) in 81.667 (81.916) seconds
MEASURED cold-cache-preparation create+open+migrate=0.00498075 seconds (off the launch path since #921)
MEASURED coherent-large-history rows=2228 perEntity=0.0201s coherent=0.0321s revision=dd798201b947e855
[#924 benchmark] dataset=small sessions=12 recordings=24
scenario | legacy ms | snapshot ms | legacy groupmaps/opts/loose/combined | snapshot builds/opts/loose/combined
initial render (All, no filters) | 4.274 | 0.537 | 6/111/113/1 | 1/1/3/1
typing: query "crimp" | 0.780 | 0.180 | 0/17/19/1 | 1/1/3/1
typing: query "zzzz" (no match) | 0.223 | 0.167 | 0/1/3/1 | 1/1/3/1
filter change: tag "Crimps" | 3.737 | 0.096 | 3/111/113/1 | 1/1/3/1
filter change: type "tindeq" | 4.210 | 0.301 | 4/111/113/1 | 1/1/3/1
mode change: Sessions (same revision) | 4.674 | 0.012 | 6/111/113/1 | 0/0/0/0
page growth 40 -> 80 (same revision) | 4.682 | 0.012 | 6/111/113/1 | 0/0/0/0
[#924 benchmark] dataset=large sessions=240 recordings=480
scenario | legacy ms | snapshot ms | legacy groupmaps/opts/loose/combined | snapshot builds/opts/loose/combined
initial render (All, no filters) | 1670.099 | 10.570 | 120/2353/2355/1 | 1/1/3/1
typing: query "crimp" | 254.355 | 4.079 | 0/371/373/1 | 1/1/3/1
typing: query "zzzz" (no match) | 5.059 | 3.627 | 0/1/3/1 | 1/1/3/1
filter change: tag "Crimps" | 2149.558 | 5.930 | 68/2353/2355/1 | 1/1/3/1
filter change: type "tindeq" | 5948.390 | 14.828 | 77/2353/2355/1 | 1/1/3/1
mode change: Sessions (same revision) | 3976.499 | 0.448 | 120/2353/2355/1 | 0/0/0/0
page growth 40 -> 80 (same revision) | 4067.479 | 0.370 | 120/2353/2355/1 | 0/0/0/0
◇ Test run started.
↳ Testing Library Version: 1902
↳ Target Platform: arm64e-apple-macos14.0
✔ Test run with 0 tests in 0 suites passed after 0.001 seconds.
CORE_EXIT=0
